00000021-2-_jpg.rf.aaa738a8d7f8c01397d337348783875d.jpg 64,81,368,364,5
0a53097a-c62e-49d8-a401-ea21e3067207_jpeg.rf.a0cb03f7ed7e8c8b3ba2e6ddaed54328.jpg 114,26,266,308,0
vlcsnap-00509-Copy-2-_jpg.rf.08370fc3a0d15c35aa4a374002d3dc17.jpg 95,0,416,416,3
bus-14-_jpg.rf.dba49b5a9b3a747d7c12086d5810613f.jpg 196,34,399,377,3 17,38,198,339,3
17828_6080AFS01_7-1_jpg.rf.86f0766a507f0b037a5e7b85217fd645.jpg 62,43,358,372,2
0a70d97c-af46-41d4-aea6-4aea71de80c2_jpeg.rf.40c6558e43ae91cb1a5e0b643dc54980.jpg 56,0,293,331,2
0aae2cfb-34b9-4c77-824a-d6e562c90428_jpeg.rf.0e324782efe54b0fdf1ac526e8685764.jpg 169,0,344,291,0
ambulance-333-_jpg.rf.e1360e885e48f5d79e868e15c32e01f3.jpg 32,37,278,387,4
vlcsnap-00611-Copy-2-_jpg.rf.eb5def64a694249f4860e8ae62ee34b5.jpg 153,211,416,416,0
bus-122_jpg.rf.c5e2c206a4f5548a8974f62f4f830574.jpg 61,33,369,386,3
0a7ac318-696f-4acc-8c8b-d12f54cbd3b6_jpeg.rf.412a596026275206e40b29fed35174c7.jpg 82,2,257,319,0
5c0b639b1851340001866e82_jpg.rf.db3011d511ac43c31cd324cbd97442c7.jpg 11,44,405,404,4
bus-17-_jpg.rf.f4f6d075ce4e6a880a7ea9c46d574d5e.jpg 72,68,402,364,3
ambulance-228-_jpg.rf.d744727e1eb5fa6489a630a0472f30be.jpg 10,133,180,333,4 180,87,356,358,4
vlcsnap-2022-03-14-11h06m25s194_jpg.rf.f5d403a89551b24158ec9f7d5ddcf5e7.jpg 0,0,210,416,5
00000021-2-_jpg.rf.62f72bca40b7e164b5d476f7e0539631.jpg 83,77,362,343,5
Screenshot-2024-05-30-123827_png.rf.73e48f1723193135a4fe0bab91154022.jpg 14,0,367,328,2
0a42c697-6d92-4624-9ef7-24094be4c96b_jpeg.rf.a73ed89851cf1956ae180f44ddadd025.jpg 125,3,406,414,5
15e3e21b-748e-4725-b327-7c48fde686e3_jpeg.rf.627da077657739240335b8cfcb6f5e87.jpg 66,1,354,389,3
2-wheeler-driving-on-streets_30_jpeg.rf.5228df4d62092fff93b73c1ac93463e0.jpg 111,204,260,368,1
vlcsnap-2022-03-14-09h23m07s472_jpg.rf.6e09f21338765aeaabb29534da15a4fd.jpg 0,1,212,416,5
ambulance-157-_jpg.rf.bbf1f2b72cd9fcb88aae456f2dedbca8.jpg 8,205,249,409,4
bicycle-150-_jpg.rf.8d785dfae60a5df07ddf23d3e0e0cd67.jpg 140,184,276,352,1
OIP-eZ6hrB-da7ed65trkLQnmAAAAA_jpg.rf.606a46b9525d50af6e7dff356d057624.jpg 16,98,397,327,5
0abba838-bd68-4800-8877-70b2ede463ad_jpeg.rf.4913d57f0e4a48747a3185d6fad4bc24.jpg 61,77,212,378,0
1985_mitsubishi_canter_1612210132039_jpg.rf.b00b18286ea131828163ef5172c90e14.jpg 74,140,381,386,2
vlcsnap-00603-Copy-2-_jpg.rf.10a51d301c471ccd1da62f1c2692277b.jpg 157,148,416,416,2
vlcsnap-00612-Copy-2-_jpg.rf.1f751cea73ae6759d81189c4a70a30b3.jpg 166,240,416,416,0
06ea7562-e9c5-4777-8520-449ac8da0847_jpeg.rf.203173a74c5c1f9a854943ba6a8f4e49.jpg 75,1,251,331,2
vlcsnap-2022-03-15-09h42m49s670_jpg.rf.51db521efaf0f99c6b53e93f16930c36.jpg 0,111,206,416,3
1574233981_ets2_03894_jpg.rf.137c829beeccbbe66051832813fdeb6b.jpg 97,25,300,377,2
2-wheeler-driving-on-streets_31_jpeg.rf.3dc58806b9b970a749b6193bfb1c1c27.jpg 86,225,173,416,1 215,179,260,302,1
bicycle-138-_jpg.rf.289343678ec8cb2a28d33e0891013eec.jpg 140,179,416,416,1 196,138,291,353,1
1598286031-20130714_082914-1024x768_jpg.rf.b1ee4c8d547a95d87b82a113c8e0c2e7.jpg 8,23,416,415,2
0a6dd5f8-aa37-4a21-b5f5-8566d2ece5c5_jpeg.rf.d943f2445bfc94307b2dfbec0de3b5f6.jpg 104,1,260,314,0
vlcsnap-2022-03-13-23h18m27s992_jpg.rf.213bdf3a5601357d46ca54f80e707168.jpg 0,100,203,416,2
bus-175-_jpg.rf.374178de5bdf88e4560e889679bf8dcf.jpg 20,28,402,395,3
ambulance-ambulance-indian-ambulance-transparent-1244306_png.rf.d1428998c336bbb78804b6e85d75c27d.jpg 23,47,402,392,4
OIP-VQmntWDBkblKUEhx8joYQwHaEb_jpg.rf.d7f5011eae6d9b5629579de9d70146a1.jpg 11,96,415,381,5
bicycle-179-_jpg.rf.db1bd2e5201b855564359313866a4038.jpg 19,27,416,396,1
vlcsnap-2022-03-14-00h59m54s782_jpg.rf.f89486a4f9eface94d6890867bc88696.jpg 0,45,202,416,2
0c0f1620-3bc1-4957-8f4e-04e09e9f5e6e_jpeg.rf.e9e8fc11b352442dfda0bb75302079bd.jpg 61,0,293,297,5
vlcsnap-2022-03-13-23h12m00s327_jpg.rf.d4017a94103c702c296da68a94ed4df4.jpg 0,0,217,416,5
vlcsnap-2022-03-13-20h35m23s784_jpg.rf.2a109ea886e8472bf52643014a213787.jpg 0,254,169,416,0 154,206,202,274,2
3a137127-1b6a-47b4-b625-d920ec4d1c07_jpeg.rf.545e0b662ac48f15d24a97248a4eb96a.jpg 48,0,296,335,3
2-wheeler-driving-on-streets_45_jpeg.rf.827a5f5c2133f03ef8f10811ead620ec.jpg 80,120,295,383,1
OIP-Qq24XWHi-A-cxE45XRe-JgHaE8_jpg.rf.5497e1d3ec5f12c654ecc128879a2665.jpg 100,9,414,412,5
vlcsnap-2022-03-13-23h14m58s076_jpg.rf.a6cff54519cd71fc91626f94c2f3af7b.jpg 0,42,215,416,5
bus-177-_jpg.rf.fd31b41c4b402a8e4333aee7a97a9ee4.jpg 100,14,318,309,3 56,135,113,232,3
image01271_jpg.rf.23638abc7f08b0f6a7e78df805579056.jpg 47,64,372,406,2
bus-143-_jpg.rf.8fd807854962314f412d8b34d5a9883c.jpg 71,98,326,374,3
3BR4HCCADK92_jpg.rf.7d055393fa38042769fed1c6a2465603.jpg 146,71,416,403,1
0a008248-1af5-4414-9ea3-8890501a3f4f_jpeg.rf.d0d5c76d1a2e98a5dc5fe5674a1af591.jpg 145,57,320,390,0
vlcsnap-2022-03-13-23h16m58s427_jpg.rf.9509775eba6bfb516f41991cf72da345.jpg 0,0,214,416,5
0aa90843-7c2f-4c27-a3ca-01cc5cd741e1_jpeg.rf.0c0dc3fc8161ed91553518c7f1e6b6a2.jpg 74,1,326,317,5
vlcsnap-2022-03-14-11h11m16s049_jpg.rf.48fc069ca1f9c735f99f695379256358.jpg 0,0,209,416,5
0a87178b-25b9-41ff-9a20-df305f7f951e_jpeg.rf.2475941937a85ef2c4a9a873d8f6107c.jpg 119,4,299,311,0
bus-123_jpg.rf.c0e314a9229f796d55bd2f2ed345d3de.jpg 63,79,393,379,3
bus-114_jpg.rf.1392a2f27e1dae3e6e84a9d9ff3be9a7.jpg 139,136,290,288,3
LPC-07_DTP-2_DTP-2_20240310170937_20240310181125_2_1G_mp4-0015_jpg.rf.ac891e2edd6e2cea8026483b4344b545.jpg 119,0,284,272,3
ambulance-34-_jpeg.rf.d34001c7be82ac8f60169fe9db4bc633.jpg 22,64,369,351,4
0ac67f70-45c9-494e-8e93-f8b6b6070ccf_jpeg.rf.6a09804eade0faf83cea687f3a5b7363.jpg 35,1,252,304,5
Screenshot-2024-04-29-161112_png.rf.e6bd5201995d07e3c8b1b8cf1124c0db.jpg 11,3,408,403,0
09e06365-4ca5-4d93-81f4-27682d002715_jpeg.rf.b8508c06e3e3a04ea20d7e1a38b407dc.jpg 67,3,301,373,5
4_jpg.rf.e4342f9666ec3f54d0aadf6651b3e733.jpg 65,91,416,260,3
0ac6c2eb-6239-46cd-aff1-7b744bfc29f8_jpeg.rf.2b2739321ecfa124ce6e06ecd018b0f5.jpg 109,1,262,346,2
vlcsnap-00024-Copy-2-_jpg.rf.6fcf258c340b63f9a669655274adcc25.jpg 165,226,416,416,0
vlcsnap-2022-03-14-09h01m58s960_jpg.rf.80449da62b82f425d82f5b049b4e1a96.jpg 0,2,207,416,5
ambulance-345-_jpg.rf.ffb3e619cb8067c468fcda1b1657d504.jpg 64,31,396,416,4
bus-19-_jpg.rf.7732478d7131501a965eddee0a7c8f4c.jpg 42,161,385,345,3
vlcsnap-2022-03-13-20h35m32s141_jpg.rf.01be4a22568aabc0a2042af70c298e9f.jpg 0,251,165,416,0 160,192,206,269,0
9_jpg.rf.c52efd1557525c1f7813a1dd96a434f7.jpg 76,38,328,252,0
1b86b6d3-bcb4-4e9e-94c0-2be612179b3d_jpeg.rf.b42dbede2f02e9eb096baf0c3c318445.jpg 107,0,344,271,3
Screenshot-2024-05-30-123848_png.rf.55267b17997d0c65a3a9cb0243e58f10.jpg 8,6,406,347,5
vlcsnap-2022-03-13-20h41m29s263_jpg.rf.7ddc8e24217504f84e37a8886ca8ae64.jpg 0,253,160,416,0
0c294a1a-5bd9-4a46-bc92-723741a58cd5_jpeg.rf.ded9f06980d8d2c525926b8792569aab.jpg 37,1,240,344,2
0c1b8a5a-bee2-4863-8461-ab08e821029e_jpeg.rf.e6f51597171eb53c3755934162f831a3.jpg 123,57,289,383,0
8c71983e-ed99-427e-a69e-a9cdaf6aeb17_jpeg.rf.8b20b8cac6939227ce024398ae916813.jpg 97,0,354,359,3
bus-177-_jpg.rf.b77b43c37961772e44d3b8ca8c8b468b.jpg 100,14,318,309,3 56,135,113,232,3
vlcsnap-2022-03-14-09h33m25s597_jpg.rf.4d48a6084abccad06ac67ccef89c1e84.jpg 0,0,205,416,5
00000021_jpg.rf.e54fda2fea64b81979675ae335a26c3b.jpg 196,137,284,272,5
0a0d5c1d-8ea5-4184-a234-848d5118de80_jpeg.rf.8a2f02fd03252d1771423c2ff7cda3d4.jpg 76,17,250,367,0
vlcsnap-2022-03-14-09h05m20s882_jpg.rf.b6fbb03836f9d297a7900eb539ec9912.jpg 0,2,208,416,5
bicycle-139-_jpg.rf.3e20f8fc64cd04107de8b64b5dd7d2f4.jpg 215,186,316,336,1
8_jpg.rf.ab137befb14e6be19b7cc5fc8e1e4763.jpg 120,59,399,343,0
12_jpeg.rf.5fa87ecdd1d883b42ce7d822a3268547.jpg 57,63,335,360,2
92_jpg.rf.983f22a00e159b44c0f3aad7e455b918.jpg 28,83,353,343,4
LPC-07_DTP-2_DTP-2_20240310170937_20240310181125_2_1G_mp4-0027_jpg.rf.55df6aab302e30ecb86a116c9a2e9781.jpg 128,0,416,416,3
vlcsnap-2022-03-13-23h09m47s901_jpg.rf.6e7f32206fcaa878793dcd5345517769.jpg 0,68,206,416,5
caterpillar-dozers-tuning-3-980x754_jpg.rf.19cf1a82732254585db3ae56830ac365.jpg 6,48,411,391,5
vlcsnap-2022-03-14-00h34m04s600_jpg.rf.75a363463d1d31af6be56075bdd919cf.jpg 0,63,207,416,5
00000035_jpg.rf.20607775786d557251507623f893ce2c.jpg 57,77,357,385,5
0b700466-c905-46fe-b681-1f0a237f51dd_jpeg.rf.732dc89afaf174d9fea434f05e9923b4.jpg 59,0,290,336,2
0c1ea3e1-1f76-4473-a1bc-8ffb66f55fc0_jpeg.rf.b5715bee03b864cae42a71b542cb93a5.jpg 60,1,291,348,5
6ea47802-c169-465a-8c9d-3540f483928d_jpeg.rf.230f37ae0d86b37d68e3234a121fb9ff.jpg 55,0,298,307,3
ambulance-81-_jpg.rf.627067db5469267ad5892849d709fc4c.jpg 102,21,271,312,4 275,95,316,197,4
0bfed184-22e2-4175-a52a-ef5237acb71b_jpeg.rf.3f542855711b2320ab0458159ce6d2f0.jpg 66,52,219,317,0
vlcsnap-2022-03-14-09h02m24s755_jpg.rf.ad279f0bec8e62ce93c6abbc536e90a9.jpg 0,2,214,408,5
vlcsnap-00016-Copy-2-_jpg.rf.7b209c08fb92b6e2da851eb7585a8e92.jpg 150,145,416,416,2
OIP-63jcJScqKnkqhSyM_s3LAQHaFj_jpg.rf.5e8e069bca831f0ade882bcd05e181bb.jpg 50,86,352,314,5
0bed4d85-ac56-475f-94d8-d7448647bebb_jpeg.rf.28c5f0582155b5d29a59c9aabf9755f2.jpg 87,47,249,339,0
bus-21-_jpg.rf.1938660b27a83ffa22823d6ec9e857a9.jpg 49,125,274,290,3
bus-135_jpg.rf.4f7a6e3fbc8d6b7cdef8e2c07a4819c2.jpg 85,45,381,210,3
images-20-_jpg.rf.20e822fdc8c2f2d75558f91cd0a2fbcd.jpg 42,16,368,416,4
00000034_jpg.rf.428ae6d09b519e941f227816958c7441.jpg 196,86,255,188,5
vlcsnap-2022-03-15-12h18m42s656_jpg.rf.dda4c42922118cac62e8d8e094498942.jpg 0,96,206,416,3
0b6cb306-d03c-4648-9cb1-703c89269aa3_jpeg.rf.55f25ce0bac3d6da1559c5e5cc768dba.jpg 89,61,242,349,0
0c19d151-3627-44c2-9815-0db33969d4be_jpeg.rf.6a4946f864c5993adf8f6a1d5a4e5b79.jpg 78,48,257,378,0
bus-165-_jpg.rf.c12c4212558392085f68ba8f8bc5dbfb.jpg 21,28,381,404,3
construction-equipment-wheel-loaderKOMATSU-WA380-8_common-17071209044067842900_jpg.rf.506bf108a428d1eff6cda6c50ba90bbe.jpg 26,7,345,378,5
vlcsnap-2022-03-14-13h26m17s856_jpg.rf.a1616eabf0f0d4757d3064ba7a5d34ee.jpg 0,0,199,416,5
bicycle-148-_jpg.rf.5a8c358ef3c9274a69052f526648bfb2.jpg 82,138,157,227,1 200,144,235,246,1 273,168,346,303,1
ambulance-67-_jpg.rf.6818fa2f1280844e6143213cef7818b0.jpg 0,87,416,405,4
00000033_jpg.rf.0007c42e5bfc06b5c5903153ce9b2160.jpg 171,136,287,303,5
bicycle-177-_jpg.rf.22d5cebdeb140f53c5bde4d2a72d0c3d.jpg 188,192,277,402,1 123,155,173,273,1 171,184,203,338,1 253,231,391,416,1
bicycle-180-_jpg.rf.91eea3aced0cac7955f76ebbdb3e5ad9.jpg 113,118,356,372,1
image-2-_jpeg.rf.c2bc1077d4353b9ac10944f1a7091d64.jpg 12,173,172,399,0 214,186,402,406,0
Screenshot-2024-04-10-222909_png.rf.6e0952a80e8bf1e88c0d434b659dd654.jpg 4,0,263,311,2
5U1VFNGOE2R5_jpg.rf.6c4dca8a4d3613b93e4f277d9bd03865.jpg 42,14,344,403,1
images-36-_jpg.rf.a849da756bea2356ef46a9ae3b5a1061.jpg 58,42,369,380,4
427544949_301559032929697_3558692136223160839_n_jpg.rf.66ed8d64c194f660dc7ab14875e668a1.jpg 34,56,372,416,0
bicycle-182-_jpg.rf.98dd1af7875063f4b3b5d35fd84914f3.jpg 121,172,347,388,1
bicycle-186-_jpg.rf.7a700cd4d9045adf4c647aa7d22b1bcd.jpg 138,96,279,350,1 130,0,241,96,1
vlcsnap-2022-03-14-11h51m25s081_jpg.rf.3a43e6265d42d0530e4624fc64618ea9.jpg 0,0,207,416,5
0a1dd417-43bd-46e4-b16f-dbf0ce745fa9_jpeg.rf.cf045c79a338bc0345376617e5220617.jpg 73,1,260,361,0
bus-213-_jpg.rf.0a7db9bcf0b2974040dafb1d4840008a.jpg 202,93,263,226,3
2-wheeler-driving-on-streets_33_jpeg.rf.01fa651c504fbe1dc862d00162182b16.jpg 117,146,242,409,1
bicycle-181-_jpg.rf.fae07cb2784b8619eb745506827ba874.jpg 101,83,263,247,1 267,9,363,116,1 131,8,185,109,1
314614888_528459795418536_1574854728942711370_n_jpg.rf.0edae506f061afe8993be6187cfc3b95.jpg 19,85,337,379,1
0c68c9f9-8141-4abc-899c-ab6d3f5d4802_jpeg.rf.d9fec8949b338ae1edd3e4854a1268cf.jpg 59,79,204,355,0
0a559b41-995b-4e29-8705-26721ef511d6_jpeg.rf.58e390ce93af0602364d525204a35b40.jpg 71,1,230,313,0
3e877445-ff8c-469e-a986-946b825f90e5_jpg.rf.98524652dd0b362ce3f8498dc5a07e1b.jpg 6,24,413,405,5
bus-22-_jpg.rf.0d9e593a23eac79372039ed9e9c4741d.jpg 114,169,321,299,3
0a71b1fb-cad3-488f-96c7-77af9667ade2_jpeg.rf.e889b4466e5e314a359dc80fedc8a6f4.jpg 218,106,380,413,0
Ambulance-in-HYderabad_png.rf.db12a2b2e092b717b4133d42e39a50c8.jpg 5,3,398,397,4
ambulance-226-_jpg.rf.ac4576a9c47af0299f13c127634c7257.jpg 31,5,409,400,4
vlcsnap-2022-03-15-09h57m05s952_jpg.rf.1a8afdaa5a7465ba83a679746c427281.jpg 0,141,197,416,3
vlcsnap-2022-03-13-23h17m15s845_jpg.rf.401129f501302fb800ea8fbfe3a56ddb.jpg 0,63,207,416,5
0c338432-2532-4980-a1aa-6525b084d94c_jpeg.rf.25fe837b332fdf1e0c678ab1ba7232c0.jpg 88,0,306,300,5
0c6862ec-9af9-4f96-b550-a4f0a472fa47_jpeg.rf.81f07f07fec5df5e5ee1081bb6eb524c.jpg 64,57,223,375,0
vlcsnap-2022-03-14-00h36m52s019_jpg.rf.77daed249f9d5f1be79aa86e6b8c2569.jpg 0,10,208,416,5
0c720ece-cadf-40fd-b32f-b0b4602515f7_jpeg.rf.28eb81f7ff84e64de7b191e6b5471dfd.jpg 69,2,298,383,2
2006-mitsubishi-fuso-fm260-cars-in-r_jpg.rf.f85a9b6d311d72e0fe1cf39d53218737.jpg 133,27,308,371,2
0f702271-c923-4ca4-b85a-5a8a62151cbf_jpeg.rf.65c6a62a6efa3e23f7358cadf72ea760.jpg 132,134,221,337,1
ambulance-225-_jpg.rf.e0862175fe0454415bec2a7e2d694ab0.jpg 1,0,349,416,4
bus-137_jpg.rf.1f5f56107e527d40e28a827593556786.jpg 95,66,328,342,3
15_PNG_jpg.rf.9134fbe2dfb1de4c6b7507b4c05bfd1c.jpg 184,149,388,357,2
vlcsnap-00023-Copy-2-_jpg.rf.c32f10edebb07d68225dd92cec09c360.jpg 179,224,416,416,0
image-20-_jpeg.rf.c88ad8573919a81afaf9606b01af640a.jpg 77,12,371,398,0
vlcsnap-2022-03-14-08h35m23s013_jpg.rf.ebf4920e17049cf6fb166b1d8d21526f.jpg 0,73,197,416,2
0d25af4e-4359-4996-b9b9-5d48d94c59f8_jpeg.rf.2079220684bf53c5b8c34e4b9e62ba83.jpg 0,0,243,306,3
00000037_jpg.rf.d789c49fb59d8ee59f2c8adb0d7e35db.jpg 85,51,313,330,5
ambulance-27-_jpeg.rf.53ee10a67ed1ee53249b42132e418277.jpg 61,29,396,416,4
bus-131_jpg.rf.d89b01636d8fe479f3959c7d9173db7e.jpg 8,121,249,382,3 253,137,403,336,3
ambulance-221-_jpg.rf.15c371c505766c0f5d1ad491f5dcbfc4.jpg 4,0,399,334,4
Screenshot-2024-05-30-124059_png.rf.236ed5964181915c03604f81afdd1617.jpg 94,4,261,223,2 302,119,364,214,1
13_png.rf.11039f1a2ed9fe80bae53fc986435e1c.jpg 76,69,338,269,0
vlcsnap-2022-03-14-00h29m05s849_jpg.rf.b54ec9c685440a5d07877a9a3c213ab4.jpg 0,71,204,416,5
3a2c5d44-7ba4-41a5-b082-47e1b4e7688b_jpeg.rf.a268be88b5cc9f55581159e569905c82.jpg 210,122,296,343,1
3fb5050d-2182-4257-b331-7b877448734e_jpeg.rf.5cb1b8732a87c9cfe1c2e8f009b3bf06.jpg 143,0,320,352,2
0c3093fc-c219-48da-8b8f-010a6a4c191b_jpeg.rf.e6dc9c3c631a4e3c856b545419fd4709.jpg 77,25,263,371,0
5bd23785-af39-4638-846a-691aab107b8f_jpeg.rf.104a1e7c33ae3d695ea7dc9e8f6fee42.jpg 55,0,305,354,3
vlcsnap-2022-03-14-12h04m26s673_jpg.rf.a9a7dd583d2e7a0950fddd2bc6b0cf28.jpg 0,0,208,416,5
vlcsnap-2022-03-13-20h44m09s838_jpg.rf.09bb1b10d77cad040ea5a5aedbf2454c.jpg 0,218,174,415,0
vlcsnap-2022-03-14-00h36m29s524_jpg.rf.8444d9b81fceb2bc703a5ec1a377a6a2.jpg 0,0,215,416,5
60Q0HGBXWDKR_jpg.rf.61dc5ddd3b52bed07fb1ee01292e946b.jpg 34,120,217,304,1
0c6abaf0-98d7-44f8-8e92-782f60161dcb_jpeg.rf.55e303719fe6b3567a1c18fd3b620786.jpg 61,0,320,387,5
LCV19_jpg.rf.b7bd064cf407983e8794795d19027a75.jpg 90,123,207,263,2 212,156,363,305,2
vlcsnap-2022-03-14-00h05m04s944_jpg.rf.13474ec16535e362f69a02e3dca3d6f5.jpg 0,0,210,416,5
vlcsnap-2022-03-14-00h47m14s868_jpg.rf.0915af5c0a215c2087ee9dd15fa09c22.jpg 0,69,197,416,2
0b787ce0-f5f1-4a17-a88c-0596d7802f3b_jpeg.rf.0b38549a378f0655f6484b0f9bb45726.jpg 114,23,283,368,0
vlcsnap-00021-Copy-2-_jpg.rf.113c7315e420f27fa843bca7ced7eeef.jpg 159,217,416,416,0
0c3c31fc-98c1-4f83-b0b6-0c080fe0cbf8_jpeg.rf.418013c54b466ca5c5b87bf6b83dc105.jpg 113,1,291,308,0
bus-139_jpg.rf.38300daf226835e6dd1eb8ced17b962e.jpg 63,38,363,381,3
Screenshot-2024-04-29-171924_png.rf.60f0de2700bbd5a510566cda99c127f4.jpg 19,0,395,384,0
00000036_jpg.rf.0e59776d3dca7471847a990698809a2f.jpg 37,172,232,334,5
0c431e93-4e76-446c-9335-f34a150d1c17_jpeg.rf.6126630b83d4d4fec5a88f0c472090f5.jpg 102,11,274,342,0
bus-217-_jpg.rf.dedd649d1c0516ee83ee7ad50d1bafd9.jpg 0,0,290,416,3
bicycle-183-_jpg.rf.4b33d401a76ec0aa84d6647304966a9a.jpg 131,187,251,416,1 111,62,196,250,1 220,25,302,150,1
vlcsnap-2022-03-13-20h46m30s899_jpg.rf.6771631445b7e7a0c9da38352ff5f997.jpg 0,242,170,416,0
2-wheeler-driving-on-streets_49_jpeg.rf.c9f65a37d13197843b501a66bc740aa7.jpg 130,130,363,383,1
vlcsnap-2022-03-14-14h03m36s295_jpg.rf.644f4a0e8c33fa8d9520472bdbd92637.jpg 0,0,215,416,5
photo_2024-02-12_19-48-14_jpg.rf.f95c83592a1320c800ba2c060c3f3f5f.jpg 3,49,404,386,0
2e3e0624-c5a2-4129-b4fc-ed1d7005069f_jpeg.rf.e21cc35f2e308ced0528524bedc18fad.jpg 88,3,293,292,3
vlcsnap-2022-03-15-12h54m00s638_jpg.rf.6e8298474023cc6d641a6c9d1e15ca5a.jpg 0,101,207,416,3
vlcsnap-2022-03-14-14h16m51s467_jpg.rf.89265372895f842c5e8571b41a10c4d4.jpg 0,0,205,416,5
vlcsnap-2022-03-14-14h55m50s285_jpg.rf.d31c70b2d507c0a76faf153d394e0e65.jpg 0,1,215,416,5
0c664769-a68f-4857-8408-5cd52254cb36_jpeg.rf.b4dd5d2a4194b5eed30794e62d42cba3.jpg 70,28,228,326,0
vlcsnap-2022-03-14-14h45m39s721_jpg.rf.08e23792bf6cbb893e4a3b4e2bc73606.jpg 0,0,202,416,5
IMG_2069_JPG.rf.1d64ecc6829f2b67ba572e23f61980e8.jpg 19,158,380,365,1
0a082eb5-1ab3-406f-b187-376d6c871226_jpeg.rf.192d032529b01a013b6b4f278565a11f.jpg 73,0,310,411,3
bicycle-189-_jpg.rf.e66d4978c4eaccc52ddf79f932c41c8f.jpg 85,60,416,416,1
vlcsnap-2022-03-14-08h51m25s365_jpg.rf.5795c21e9bda30c435a83099bd9e5bbf.jpg 0,73,206,416,2
62RJK1JIG3U9_jpg.rf.65373370d253063287132d8df62b49f6.jpg 62,14,343,402,1
0c9349f2-ade0-4e0c-b4f9-8b2c8b1629c0_jpeg.rf.a6993458744402ceb91b30ee72481d28.jpg 101,0,307,319,5
0c72dabd-e6d3-4e51-a554-1bf72c5f6e85_jpeg.rf.0e2b6302b81f6ac3f01f9e0e1cbe8694.jpg 73,23,231,303,0
ambulance-new-delhi-india-parked-downtown-106369132_jpg.rf.a9267e6b25f36cba1a57911b33bfceeb.jpg 72,38,388,379,4
ambulance-223-_jpg.rf.d57e991062a981a13b91dd852c20f3c7.jpg 18,0,416,397,4
2006-mitsubishi-fuso-fe140-16-box-tr_jpg.rf.fe67648bbb0e1160192f775ba55bb467.jpg 55,24,365,383,2
00000038-2-_jpg.rf.43edfd78c6a2052db5ab828069645182.jpg 84,49,358,340,5
0c79e11f-2fe2-4c4e-ac05-cc42c1f4930e_jpeg.rf.15634ae54871501e01f26bef26b43b4f.jpg 106,1,322,325,5
vlcsnap-00026-Copy-2-_jpg.rf.01395b6757148a2f42e891b8881c0798.jpg 161,192,416,416,0
0c5789a5-84f2-41fc-9d68-9cf5f0c7e6f4_jpeg.rf.8a587bbfae25555690491741404bbc33.jpg 82,2,303,307,2
2-wheeler-driving-on-streets_50_jpeg.rf.ea0419604111d64ccba957e7b170d1f2.jpg 72,172,368,416,1
8ae88163-b0e8-434b-8444-2963a0562045_jpeg.rf.bcece1358eec9b9de33dc497ed1ff970.jpg 32,0,299,366,3
9ad2684b-b292-4dd7-b09a-00d222fa8e1f_jpeg.rf.2e6000a63eda0ab6054a5abc113cf5f8.jpg 31,3,270,326,3
0c868c60-c922-44a8-bbf8-80d2e816a9f6_jpeg.rf.9f29a825646254f6514dddd272d0359a.jpg 116,2,313,356,0
bicycle-184-_jpg.rf.2eea544552987708fac5ed26f49729bd.jpg 280,151,416,416,1 6,141,221,325,1
Screenshot-2024-05-30-124220_png.rf.566c96ac36df1a1ea6ed868a676e3ba7.jpg 98,12,409,378,2
4d00e070-0461-4829-b3f6-136221ec2429_jpeg.rf.857b353255eeac68e71e8aefa6c28d12.jpg 72,0,316,330,3
vlcsnap-00025-Copy-2-_jpg.rf.2e41b6fa90dc83d45e7db0becea489bd.jpg 172,203,416,416,0 97,154,173,270,0
vlcsnap-2022-03-14-12h06m39s608_jpg.rf.2e45257c08bff1e0a7fae42cad9ec46e.jpg 0,0,204,416,5
00000039-2-_jpg.rf.51c9598b49bb2e7fb355a8f370830782.jpg 156,142,282,366,5 282,167,415,353,5 4,163,157,342,5
14_jpg.rf.92fe1258465c840d20b56459d6dda9d6.jpg 49,99,354,385,0
ambulance-11-_jpeg.rf.00e0544cf90ca810d655bc046c989f01.jpg 112,30,270,367,4 273,11,416,333,4
vlcsnap-2022-03-13-20h46m45s006_jpg.rf.735b12b7316573e9cecc8bc04da309ff.jpg 0,248,167,415,0
vlcsnap-2022-03-14-08h49m43s846_jpg.rf.b4276768e57be792a3b443bf57386ee7.jpg 0,128,184,416,2
bus-33-_jpg.rf.3ce70f58bf6ec3bb164d41e2b3d86b2a.jpg 60,210,298,353,3
vlcsnap-2022-03-15-13h02m32s243_jpg.rf.3cf25f8d0e4a7a408a95223eac4dfa8f.jpg 0,123,200,416,3
vlcsnap-2022-03-14-08h51m58s834_jpg.rf.79a12fd66c5be4e49e82a89c3860211b.jpg 0,143,184,416,2
bus-218-_jpg.rf.9fd9964bf166539b29ea765b46952440.jpg 134,64,184,186,3
2007-mitsubishi-fuso-fe140-16ft-box-_jpg.rf.8ddf6deb2f3f57ed99e349653241786e.jpg 33,102,385,359,2
vlcsnap-2022-03-14-00h39m06s360_jpg.rf.af529518d55af45ef3d102ad6571ea5f.jpg 0,68,207,416,5
0c8f3768-883d-49f9-8da2-7853dc68365e_jpeg.rf.5f91b51628915aed81b1328e14d11f3b.jpg 88,44,247,328,0
LPC-07_DTP-2_DTP-2_20240310170937_20240310181125_2_1G_mp4-0035_jpg.rf.4fa1306023f8943d6d6bac2f4fea938c.jpg 141,158,254,303,0 194,94,295,206,3
0ca73725-8c6b-4b7d-bc78-dd7d489b6610_jpeg.rf.c5bc91d719b5c67f88bb52f70cc178aa.jpg 96,13,251,318,0
ambulance-32-_jpeg.rf.155caf3bc2fbfbfacea9dde419416f2d.jpg 21,1,376,416,4
0c8cfe7e-ce20-4888-b3fe-3534074e4338_jpeg.rf.e77752cf80c7ea7ef31cb4a95ab51980.jpg 108,19,269,337,0
92182-JPG_jpg.rf.5fc576ebd807b5f89262a2bf7113235d.jpg 10,10,405,386,5
0c5de2f9-0afa-42ad-b7e9-d6f006420fbc_jpeg.rf.fdcf086cb7e9131ec4af50ece20ad4df.jpg 111,2,359,375,5
bicycle-174-_jpg.rf.2e2fb73df9301f698c49b3491cd1b386.jpg 162,166,264,406,1
ambulance-12-_jpeg.rf.0205229cb5da3bd5e444bf99ec85f089.jpg 0,85,159,356,4 127,100,307,340,4 260,107,416,322,4
0c98609f-1b73-4e34-aebd-ddca45bf524d_jpeg.rf.e8385aa51432ad808a1e230f530d9964.jpg 188,11,358,326,0
bicycle-185-_jpg.rf.f48f17334f1d131480ae18a7f51b67e6.jpg 121,216,326,405,1
vlcsnap-2022-03-13-20h41m01s026_jpg.rf.5ced99d68f29fc3c7d63838af81e27f4.jpg 0,217,177,416,0 170,191,209,249,0
1e3681cf-db91-4873-b117-dc26e4d4f79f_jpeg.rf.1fbc5f6a34c75098544ebf348b27c943.jpg 265,161,336,339,1
0c8f1afd-8a69-42b3-b10d-5a47053aeee4_jpeg.rf.06c4b1677e591cc995d151cbc5a73b95.jpg 134,89,291,369,0
0bbaf026-86ff-4feb-b8db-76365651b585_jpeg.rf.18df01f32890b82db5f0768810927d8a.jpg 80,0,309,310,5
Screenshot-2023-08-16-113815_png.rf.81a54180ba1f47b3aeeeb8317fb89b49.jpg 31,304,114,415,6 275,19,331,100,3 250,157,329,255,2 297,259,343,333,1 337,157,366,208,1 168,213,203,274,1 156,306,196,384,1 350,287,387,372,1 208,173,239,224,1 229,27,275,69,0
images-32-_jpg.rf.64fcfea73b5e48420694b6dc44964f4c.jpg 84,15,373,400,4
03ca0a48-2f34-4d92-8155-1f8d7a931893_jpeg.rf.80be5b367a9b7da8c235175a4bdaeea8.jpg 45,3,302,364,3
LPC-07_DTP-2_DTP-2_20240310170937_20240310181125_2_1G_mp4-0029_jpg.rf.6e4babfcfd257b9d2c04859086080e3c.jpg 122,11,284,284,3
0be0978f-482a-44b2-8c8f-045e96483868_jpeg.rf.7afdc72548cfd60002a7d4f3c0f9fd49.jpg 79,0,256,351,0
0bc188f0-df6e-4eb2-91f1-44303453a0a1_jpeg.rf.7c8d2cf36486c6f5f7f2de522679b461.jpg 0,57,147,352,0
0c769726-cc3f-47bd-b595-482a6c65aa18_jpeg.rf.a8cfca2da68f3366d95d1cca21c17191.jpg 73,35,273,389,0
12_jpg.rf.9e38244a4ddd8f7029f6c067d9e5f989.jpg 90,152,352,365,0
00000033-2-_jpg.rf.4da86f7aa8ff2164b6f536a588e9c7e0.jpg 176,110,242,348,5 243,199,307,337,5 306,187,365,341,5 359,196,408,330,5 107,160,175,341,5 54,193,109,329,5 12,209,54,328,5
00000031_jpg.rf.dcd1ded28a7de26ef0eb0396fd01c49f.jpg 16,16,282,407,5 247,89,403,339,5
0dc2adbf-a05f-41a0-b759-7537dc319d56_jpeg.rf.ee32bb5d120aae659916addcf68c694e.jpg 211,130,316,347,1
vlcsnap-2022-03-14-00h47m26s194_jpg.rf.db6f3f73d185275d056f278c0494f312.jpg 0,59,203,416,2
9c46c353-3817-4fb5-b368-dcc55ef28885_jpeg.rf.6bbe7d1e8ce3be8a2bbad35cd47832f5.jpg 54,0,294,315,3
download-1-_jpg.rf.d19cbe81ed072b087a02e960b195aa6f.jpg 55,93,360,317,2
2-wheeler-driving-on-streets_41_jpeg.rf.addd2a7d1d45bdee39b95fb5b2609f54.jpg 95,113,322,389,1
2f642323-bcd0-4bc6-938d-6e7b07734676_jpeg.rf.19053b7f30fb1478385ec8a43294c603.jpg 50,0,289,329,3
00000030_png.rf.7aa76af6661e8a28ee72e99954de1f70.jpg 22,84,398,352,5
2-wheeler-driving-on-streets_42_jpeg.rf.1d0703bc40b747ab5c345f5aa6950269.jpg 67,159,193,329,1 156,232,332,416,1
0be57e4b-5659-46c0-8180-049090b554d6_jpeg.rf.1cf97123de2c4b1784534b5284eb32af.jpg 66,0,283,331,2
Screenshot-2024-04-29-171907_png.rf.13508703bdd830934b17920cc52e9355.jpg 20,0,416,389,0
0cac6ba1-43c0-42de-a461-9346b24656c3_jpeg.rf.9caac687bcac759ffa9f41021fc6d86a.jpg 70,35,244,351,0
vlcsnap-2022-03-13-20h41m11s234_jpg.rf.5f8fdc0a9e5a1d6f994ab1ea551f4aee.jpg 0,254,171,416,0
bicycle-172-_jpg.rf.962f26bd0b3a997e0ee53a28278569b8.jpg 115,35,315,404,1 300,128,407,251,1
2007-Mitsubishi-Fuso-Fighter-FK600_5_jpg.rf.b37457ceb26352ae0afebb22e4b6fc76.jpg 55,89,364,355,2
bicycle-19-_jpg.rf.79b29851d4d527a267dc51a6a1279c25.jpg 153,260,325,416,1 147,169,148,170,1
00000033-2-_jpg.rf.d85071246cba64f99b3772f0b63526de.jpg 9,199,55,348,2 54,194,109,354,2 104,151,176,357,2 170,106,248,355,2 236,177,308,341,2 297,177,366,331,2 352,181,411,329,2
0b9a69be-5d57-436a-990d-2ed2001638ae_jpeg.rf.8efc3ba88390d8eb8b28df910d344f4d.jpg 101,70,272,379,0
image-19-_jpeg.rf.a0ed312f7ba6fac66c9df8cfef9d258e.jpg 58,43,397,304,0
bus-132_jpg.rf.499b7ff3b61939c8853a388efd825fdb.jpg 7,205,403,382,3
bus-26-_jpg.rf.57a13ff7cb8b50d3fb12c43a8fecba17.jpg 0,35,416,342,3
vlcsnap-2022-03-14-00h49m51s511_jpg.rf.b75ac894723af86cf1d461f618b54e17.jpg 0,130,200,416,2
ambulance-29-_jpeg.rf.7704c2d59210525fed146369f1479359.jpg 0,84,160,360,4 132,98,307,343,4 261,110,416,328,4
vlcsnap-2022-03-14-10h45m10s920_jpg.rf.42947dcd7afd5ce3fa21a48b2f130be2.jpg 0,0,217,416,5
0baeddf4-7b44-4b2e-84ac-c89895992b8b_jpeg.rf.9db82448b2d479d84b4dd7f3c2a7dac0.jpg 94,2,342,328,2
bus-197-_jpg.rf.1b8ae78cecc340d15af448b2bc96f07b.jpg 48,0,361,370,3
315865933_2307724886064209_3473912478958436865_n_jpg.rf.b04a677be4aa7d4f66e7b53ff9ad498d.jpg 11,82,400,302,1
2004-mitsubishi-fuso-box-van-body-tr_jpg.rf.f505414874062d7c65963e69e72d9731.jpg 0,0,415,414,2
vlcsnap-2022-03-14-00h12m16s689_jpg.rf.cd779da90b44db4d99cca2b47e22ed7b.jpg 0,68,205,416,5
bus-133_jpg.rf.3ce9d9f78e71c19c838d269015800d39.jpg 16,48,401,321,3
0bc3bbd7-271b-4466-bc1a-fc9deb140d8d_jpeg.rf.fa2c8811fc4362ce52c1467c2fe66430.jpg 89,84,239,371,0
vlcsnap-2022-03-14-13h44m43s796_jpg.rf.164bd1f55d33aa7bbf4f877ed486ea42.jpg 0,0,213,416,5
0ba79e4b-aefc-4ea8-93d8-ba2e5c242d6d_jpeg.rf.7fec3fce77e3259f3cba1738b4a3ac7f.jpg 77,1,282,303,2
2-wheeler-driving-on-streets_40_jpeg.rf.e5692d8ef9d10393ae441106aef8d359.jpg 79,196,174,348,1 172,191,203,310,1 203,170,244,265,1 7,124,26,181,1 67,162,99,239,1 99,83,177,151,0 238,107,416,286,0 31,108,101,191,0 178,74,225,143,0 249,18,416,131,2
0bcd0d20-863d-4973-aa44-4eb8d49a8d6c_jpeg.rf.8c0b2af9c4d7d1c5c8df88155c303676.jpg 38,0,250,376,2
image2_png.rf.34eb22d7c817729933c79ec2cd407d60.jpg 114,111,162,203,5 104,277,145,351,0 182,109,195,134,0 378,235,390,267,1 389,270,405,310,1
LPC-07_DTP-2_DTP-2_20240310170937_20240310181125_2_1G_mp4-0030_jpg.rf.29c089ef915d3ae6a7bed04b0e88893c.jpg 117,86,190,233,3
images-30-_jpg.rf.7838e6646d1373325fa0e6855d6a04c1.jpg 135,121,255,258,4
0bced9e0-e140-4589-bd13-4880b863ea81_jpeg.rf.8a49a397f889520ce68685396edb78da.jpg 192,2,413,348,2
vlcsnap-2022-03-13-20h40m55s893_jpg.rf.14f69de5d41b03185d2594d1ef688a8e.jpg 0,244,169,416,0 143,202,199,300,0 193,191,209,247,0
ambulance-31-_jpeg.rf.341dac3e98b0e90fe7670c3640febfcf.jpg 72,34,192,293,4 208,61,370,281,4
bus-203-_jpg.rf.a125670b9411a80ebed28de88026ead8.jpg 30,24,376,324,3
5LAYCEJVCJ3P_jpg.rf.ec3da20ac690c466b10336e72aaf0ff8.jpg 27,55,407,378,1
0b845004-4000-4ec8-b288-689ac82754ba_jpeg.rf.487b5dc89f2d2313e59a227ae3951efc.jpg 196,29,354,326,0
bus-191-_jpg.rf.f4e8cc60456427a1881288e6c02c6842.jpg 57,0,321,416,3
0bd02028-102b-4c76-85df-70b26bee2591_jpeg.rf.7e61cff885f7888c2803364e6003fddc.jpg 80,2,249,359,0
00000032_jpg.rf.7851db93484d43b1a918881e94b34ab4.jpg 59,49,292,339,5
0bcf03bd-db4a-4372-8e6a-cccb672afe85_jpeg.rf.7317a78cf64ba29354483930c5e83b9d.jpg 62,2,290,335,5
vlcsnap-2022-03-14-10h55m09s137_jpg.rf.db068b9c2157331eb85d79a5fb3efa0b.jpg 0,0,207,416,5
bus-195-_jpg.rf.4679f0729700b1633033a54dfd2cd47d.jpg 184,27,258,258,3
5GM2XGT5MEIN_jpg.rf.c6fd6c638e4a82d4e0c5877aa1dc147d.jpg 39,15,381,416,1
vlcsnap-2022-03-15-11h52m19s476_jpg.rf.821455b7b018e491c1c200228c1986b9.jpg 0,95,207,416,3
image0151_jpg.rf.27069b6fe49c379e8c6bb61d124839c5.jpg 55,76,348,400,6
vlcsnap-2022-03-14-13h32m54s383_jpg.rf.f6b07304c6c3614c368fff7074c82fab.jpg 0,0,217,416,5
bus-150-_jpg.rf.a005fa9e2f200314818b1a5f14cf40ac.jpg 2,0,144,416,3 111,0,239,416,3 214,22,313,410,3 306,81,366,378,3 360,147,408,355,3
vlcsnap-2022-03-14-17h44m56s237_jpg.rf.309c12c4204b52f2cdfdb1dd56e86d8c.jpg 0,9,209,416,5
vlcsnap-2022-03-14-00h10m01s548-Copy_jpg.rf.127a027d2a28fe6d6fc645d23f0050db.jpg 0,226,163,415,0 155,131,213,262,5
vlcsnap-2022-03-14-00h26m17s185_jpg.rf.b7853d1d66dbd2d023707f912e0e7865.jpg 0,70,205,416,5
95_jpg.rf.c4f7c05b23ded3340d18da0ca092c216.jpg 14,66,374,363,4
9599212a-5be2-4a13-a2a5-5ad10a1c1f57_jpg.rf.70d962a39fd74c9ecba5d3f8c59cce9f.jpg 72,42,389,412,4
LPC-07_DTP-2_DTP-2_20240310170937_20240310181125_2_1G_mp4-0090_jpg.rf.aa3740df596a8fc86fe0f104a75a25f0.jpg 130,0,416,416,3
en_all_jpg.rf.82aa5be2e444d958d857314470b5b8b7.jpg 14,195,54,269,2 49,188,95,277,2 93,169,148,276,2 146,136,203,279,2 200,135,275,280,2 265,166,312,284,2 311,177,360,281,2
eDlfbpTS26rlRAwuSdGg_full_IMG-201804_jpg.rf.d044c44a7f06af5d87f5a74d7d060cf6.jpg 56,116,397,332,2
WhatsApp-Image-2023-12-13-at-16-10-45_d89a916a_jpg.rf.6e2196a39a9fa7f2160c51f7acaf8a25.jpg 37,56,369,363,3
2018-Maruti-Swift-Review-12-720x540-1-_jpg.rf.05919f4ec2643bb1cf32bd96919d9553.jpg 115,145,306,293,0
vlcsnap-2022-03-15-19h14m11s578_jpg.rf.7a265548c76c17f3837dd51d71747b85.jpg 0,0,205,416,5
vlcsnap-00075-Copy-2-_jpg.rf.14146acc9d16de9996ac87f6257c8b6d.jpg 185,232,416,416,3
5e0d2ce9-9de8-4cb8-9405-3d3ff9811c8c_jpeg.rf.902b2fd7958fe9c594adc7046721d29e.jpg 50,141,122,331,1
0b8a94bd-777f-426c-a60a-851ec9a6fe70_jpeg.rf.ef414aa53ccd114db4ae974f2c98187a.jpg 39,1,268,325,2
Screenshot-2023-08-16-114433_png.rf.1787847d3419da3b89822461c86ef684.jpg 238,180,339,292,2 10,305,138,416,6 103,159,197,228,0 199,86,291,167,2 289,105,362,170,6 187,4,230,37,0
2012-Jeep-Liberty-Sport-1C4PJMAK5CW1_jpg.rf.70f59ca861b25558b886088fbc0ef62f.jpg 12,83,406,324,0
bus-150-_jpg.rf.49c34237c89e60ecebb10e51759e50c6.jpg 2,0,144,416,3 111,0,239,416,3 214,22,313,410,3 306,81,366,378,3 360,147,408,355,3
36_jpg.rf.fdd96713ff07833a987f533772bd2854.jpg 40,158,246,345,0 251,164,406,320,0
images-65-_jpg.rf.3bc012d943cd11080642246b0c1c16bc.jpg 2,44,416,402,2
DO2EM1519IIM_jpg.rf.5e4cdbdfa2976f2a36505ada21cdd70e.jpg 146,17,325,331,1
IMG_20240130_211913_jpg.rf.793511e9549a939c3dc00c12ea729bee.jpg 44,189,345,325,4
vlcsnap-2022-03-14-12h10m11s671_jpg.rf.eb22d895e91f1b1c0a6c0a8ebdf0032c.jpg 0,68,206,416,5
vlcsnap-2022-03-16-12h52m39s496_jpg.rf.adbc887862cf969454c5386fb9c9b26e.jpg 0,112,206,416,3
vlcsnap-2022-03-14-15h09m31s386_jpg.rf.1f1989c920c79e0804a17797f0686f37.jpg 0,62,204,416,2
vlcsnap-2022-03-14-00h15m10s898_jpg.rf.5dc83bae0d44389ee67df9e866b718d3.jpg 0,247,167,416,0
vlcsnap-2022-03-15-22h00m27s075_jpg.rf.a3755555de72b62a6ed23698249ed265.jpg 0,0,204,416,5
ambulance-440-_jpg.rf.877d2df79a5924d542ea7b87b2c6d429.jpg 210,182,386,393,4 141,174,303,338,4 97,162,233,292,4 57,159,173,274,4 31,151,104,247,4 306,197,416,415,4
vlcsnap-2022-03-16-13h28m40s665_jpg.rf.0240e4ffad1dd7c3539413b4e52be070.jpg 0,114,208,416,3
images-24-_jpeg.rf.48db3190a91f7b35a5c0fee299bf5f9b.jpg 58,71,336,380,0
00000114_jpg.rf.ae090849bac14b35ecac667f3a77cc52.jpg 2,52,223,365,5 299,156,367,252,5 276,154,299,225,5
ambulance-394-_jpg.rf.749ac1f3eae594e593215ef058d0cf5a.jpg 0,0,416,416,4
IMG-20240212-WA0277_jpg.rf.d6b388edb1c2415b0cdf19f9332379c2.jpg 106,191,330,338,0
0b8c22cb-8f7c-4519-8ece-5cb4d91e9878_jpeg.rf.f0d05c56ca4fcbac47ea3ef577632ef2.jpg 141,66,303,353,0
images-23-_jpeg.rf.6f7daace72356d7d48d3b61799fdc653.jpg 121,84,411,358,0
vlcsnap-2022-03-14-00h16m51s704_jpg.rf.26bbc0fd399362f138b682a4bc7c9eeb.jpg 0,249,164,416,0
00000109_jpg.rf.af4e33bb4cae6cc4fe5bbd6c043d8040.jpg 86,98,360,376,5
ambulance-197-_jpg.rf.b4d821feb1297a0509d9af7edfd3104d.jpg 72,1,338,402,4
5cb249dd-bfd5-490f-be68-9674bdf24b7a_jpeg.rf.4f7b10a856ee6cc0ccca63bd91c15018.jpg 47,0,301,368,3
vlcsnap-2022-03-14-15h07m51s889_jpg.rf.918fafc0f81314f4bd27d8ee6d90959c.jpg 0,125,202,416,2
245648959_3169796643306586_1785837992780293759_n_jpg.rf.6d3196a6625b484765122207856dacbc.jpg 30,28,403,371,3 397,258,415,282,0
5be17f1a-c91b-4d61-9e57-fe6600200e9d_jpeg.rf.300301d5fdc6f4508ad6e2e6bde6f0d4.jpg 215,162,309,383,1
vlcsnap-2022-03-14-12h19m50s817_jpg.rf.26c1ee92267fd6587bcab618f4390cd3.jpg 0,0,216,416,5
vlcsnap-2022-03-14-12h19m29s559_jpg.rf.072254308af9223ae5a58fb6d6ffcca8.jpg 0,0,216,416,5
vlcsnap-2022-03-14-15h13m03s193_jpg.rf.7093497ad2ddf4bab5500247a2596c56.jpg 0,99,196,416,2
vlcsnap-00076-Copy-2-_jpg.rf.e6d43fce9aa09148250aab5f9e0000ae.jpg 145,141,416,416,2
image9_jpeg.rf.319dcae8e6a32c7b86bd9f30f6258911.jpg 0,0,401,409,4
vlcsnap-00077-Copy-2-_jpg.rf.f488389e0a29e38ec9c73483e2705561.jpg 166,232,416,416,0 104,168,166,272,0 99,130,135,202,2 202,185,233,234,1
Screenshot-2024-04-30-113155_png.rf.244df4419a2d616e9fe5580ce31c4527.jpg 36,0,416,403,0
ambulance-199-_jpg.rf.763e513602a2c5a7bbd4002eb5436644.jpg 39,20,320,360,4 314,92,361,255,4
645_jpg.rf.8d034e71da18240ffd9d31a6d6683860.jpg 158,147,279,384,1
vlcsnap-2022-03-14-15h06m55s123_jpg.rf.7ec71f19a6ae2a59780bff9f323b91d4.jpg 0,85,205,416,2
bus-177_jpg.rf.72db13dda58151a716a2e666c5d8d170.jpg 150,73,328,378,3
vlcsnap-2022-03-14-12h09m37s596_jpg.rf.4fc1ca556c911cf4d131d30babe59e1e.jpg 0,0,218,416,5
images-56-_jpg.rf.b610b30398b9d996e41317f539ce73f1.jpg 4,63,414,335,2
bus-15-_jpg.rf.cfee3a5b937412c881c5047294434c83.jpg 200,23,380,383,3 25,87,214,372,3
bus-178_jpg.rf.f95d6cdd138b5d84d4ce4e94968e944d.jpg 32,35,334,399,3
bus-153-_jpg.rf.5a21659d24cf26f04d96bb798165c9be.jpg 110,134,237,289,3 255,44,412,342,3
648_jpg.rf.d455fa6e0d8436a59436e4ecc64c433b.jpg 37,147,327,387,1
hqdefault-3_jpg.rf.92a6b0a0416d2c2c02bf6d4f155d65d4.jpg 95,42,304,308,2
vlcsnap-2022-03-14-00h27m39s361_jpg.rf.7801dcc8d86f9b8cb7fa546a2de7bc44.jpg 0,256,161,416,0 165,144,208,244,5
Screenshot-2024-05-30-140418_png.rf.2fa0c180d2a6b19ed85b67ec1d6907a5.jpg 20,24,354,286,5
DVLO8HDK4SVD_jpg.rf.01bf335c4f5bf5f1377aac54da673cb4.jpg 26,11,393,416,1
aug_0_1758_jpg.rf.6c0528996937401dd9a24af38872ec74.jpg 50,86,416,374,3
vlcsnap-2022-03-15-23h05m47s680_jpg.rf.60d7f3db5e3cbfe7d44711b9a768e561.jpg 0,0,205,416,5
vlcsnap-2022-03-14-15h17m02s835_jpg.rf.d9a790e02dd49cfb2778c006ecc3810b.jpg 0,141,180,416,2
38_jpg.rf.7c4d6fee0bfea2b789c175a48187b589.jpg 12,139,404,382,0
ambulance-253-_jpg.rf.df36f4ca7409921d2e7208517dfa5dd5.jpg 166,138,283,302,4 75,141,170,290,4 19,154,102,278,4 281,170,317,262,4 318,184,341,250,4
vlcsnap-2022-03-14-15h10m10s006_jpg.rf.b5c68d655b8a1677adebdb66f29e4015.jpg 0,90,199,416,2
photo_2024-02-12_19-48-27_jpg.rf.c8da2467dbe8cf030d440e8719863314.jpg 23,41,392,352,0
vlcsnap-00078-Copy-2-_jpg.rf.4b013774333eac55d148067a9f81da44.jpg 156,247,416,415,0 103,147,157,252,2 260,202,315,264,1
harga-colt-diesel-tan-truk-mitsubish_jpg.rf.b602090a151bd43b3e618e9867982237.jpg 21,39,401,355,2
bus-144-_jpg.rf.fbfece2b3285a43fc92c0ed664d17bfc.jpg 0,49,164,404,3 156,84,303,362,3 292,101,371,336,3
vlcsnap-2022-03-14-00h15m40s282_jpg.rf.35f6e3b412faf53dd1899cb1abb0673b.jpg 0,227,164,416,0
vlcsnap-2022-03-14-12h10m29s260_jpg.rf.91edcbbf8c1008b2acc1054d096db31e.jpg 0,68,203,416,5
1cd551cf-e494-4408-9ed4-c80bb1609afe_jpeg.rf.e9931bcfd207fb5d4b66d3e1cdf4f242.jpg 78,0,305,314,5
00000117_jpg.rf.09f478845f7d0cd048a950a3d36331cd.jpg 24,126,359,310,5
m6_jpeg.rf.259aa92579b49faa941e580fd6e0a4df.jpg 89,20,345,374,2
vlcsnap-2022-03-14-17h51m55s951_jpg.rf.982366d201b909205e58e4925907d033.jpg 0,0,207,416,5
DYZXNZ6FNIEP_jpg.rf.7042881d870285bc3695675998844d0a.jpg 82,126,359,416,1
image7_jpeg.rf.783502702f9eb9167623b9f3636e4ce0.jpg 24,0,308,386,4
0fd27b34-af73-4115-b855-b9cc120bcef2_jpeg.rf.c48818ef9bc8fa16f7784b33afdec05b.jpg 63,4,276,341,3
vlcsnap-2022-03-14-12h37m22s593_jpg.rf.2c340efd183c47d9273ef1fc37ce877f.jpg 0,0,208,416,5
vlcsnap-2022-03-14-12h03m06s876_jpg.rf.36baff8b2acf127d9164bb006f8ada13.jpg 0,108,204,415,5
00000118_jpg.rf.2c8005d2a2b3b24992b8290d85fdb2dd.jpg 129,35,332,323,5
vlcsnap-2022-03-16-09h22m37s693_jpg.rf.ed3deab5afd6771521b4c752ac4f6dd1.jpg 0,0,204,416,5
bus-181_jpg.rf.d68c463ecbcc5f4772e24c31366719dc.jpg 227,47,416,289,3
641_jpg.rf.bcc233050d09d6357935d1f170578d0b.jpg 38,71,416,409,1
bus-151-_jpg.rf.b62a9261533b72cd870c91ace5435de9.jpg 107,66,236,375,3
vlcsnap-2022-03-16-13h41m27s984_jpg.rf.8152bcd6aa6e517d3912158c01dbe46f.jpg 0,115,205,416,3
vlcsnap-2022-03-15-19h18m50s564_jpg.rf.5f22c6c04898da4b04d3704f0f64bbb7.jpg 0,1,215,416,5
FK417E-001_jpg.rf.8fccfeb0042f6a002bcf1039c548aba4.jpg 0,0,387,415,2
vlcsnap-00074-Copy-2-_jpg.rf.10e142b9334af846d26f413ac92bc279.jpg 102,0,416,416,3
04a7526c-CBT_Dharwad_2926_3_14_2023_13_55_17_jpg.rf.905c9573cd5763b102b3ad83b139f997.jpg 23,85,185,257,1 111,0,385,166,2 0,0,121,121,2
vlcsnap-2022-03-14-00h32m21s733_jpg.rf.fe3b4c9a0e046dc504c22c2af22fc66c.jpg 0,252,154,416,0 162,155,209,263,2
ambulance-239-_jpg.rf.95142f415137c4579e529d5bc84b6a60.jpg 28,43,186,364,4 240,148,369,315,4 300,163,416,369,4 210,142,317,283,4
vlcsnap-2022-03-14-17h45m20s776_jpg.rf.584ebaccdb3df81938897662741cd576.jpg 0,3,207,416,5
bus-155-_jpg.rf.4b4c88e25e0284ba7b942273b3c13c1b.jpg 77,100,285,380,3 280,174,358,305,3 352,194,416,303,3
2012-Jeep-Gladiator-1_jpg.rf.eca487d2f2dd046441dd4a35a1343608.jpg 16,91,403,352,0
vlcsnap-2022-03-14-00h37m33s457_jpg.rf.42f153707d0865c328938be8a93c7628.jpg 0,187,195,416,0
00000113_jpg.rf.1fd2bc59d2c3ceed49cef49303b651e4.jpg 141,100,315,304,5
bus-158-_jpg.rf.764fe4f743f5d0f9514587e1ee503df8.jpg 25,0,394,359,3
bus-157-_jpg.rf.93ac8d9790b144bea6aebc2001fca5e1.jpg 40,129,409,369,3
LPC-07_DTP-2_DTP-2_20240310170937_20240310181125_2_1G_mp4-0095_jpg.rf.4b7d5aa760ab296a6dc3b0611199a877.jpg 120,0,284,283,3
Screenshot-2024-04-30-113314_png.rf.a32e52b039744d721c72a4f6057886d5.jpg 3,1,410,393,2
248008125_3201904893429094_1560251173496131687_n_jpg.rf.ce274044eaa6478fdb7439dd11bd2425.jpg 63,95,373,346,3 0,212,69,342,0
hqdefault-4_jpg.rf.bdfcac5b667bceec539d76fa66874c51.jpg 201,146,272,251,2
vlcsnap-2022-03-14-17h56m06s058_jpg.rf.efa8c2c77b0ba06e536e4d7aa9dd0e9b.jpg 0,0,206,416,5
vlcsnap-2022-03-14-12h46m20s577_jpg.rf.84f4f89124b8037c5cd1314ac4ad5d7a.jpg 0,48,209,416,5
HIGHWAY-621x414_jpg.rf.19ff62f5e80aa9d320227343016f9d25.jpg 69,224,124,321,3 209,257,252,316,0 145,274,218,368,0 73,312,90,343,1 132,280,148,337,0
hqdefault-6_jpg.rf.eb9131aa00336bdb66361e830db8435e.jpg 72,0,415,314,2
images-53-_jpg.rf.08cd481e5391a5b147e69cd55187919c.jpg 120,27,391,354,2
WhatsApp-Image-2023-12-13-at-16-35-11_51939895_jpg.rf.21ef111b7fedb121529525193c2d37f4.jpg 15,27,416,387,3
vlcsnap-2022-03-14-15h34m13s194_jpg.rf.4cf4a27678fc561cc0c4a0f02a90cd2d.jpg 0,88,200,416,2
hqdefault-9_jpg.rf.65c221ad69aaf2abe1b448a37582c23f.jpg 70,7,343,415,2
bus-151-_jpg.rf.8f0c3a4ccd7edc0358509c12346ff00d.jpg 107,66,236,375,3
637_jpg.rf.0792d40fb1e21b6310a993af07fdba28.jpg 22,90,373,416,1
7de5dbd4-7cac-4789-b801-f14c953fb016_jpeg.rf.ad2b64a80d6583c1dd7450d4437a5240.jpg 63,150,141,370,1
vlcsnap-2022-03-14-00h41m55s693_jpg.rf.187d6a4b0bacc988c9b9036efd780874.jpg 0,231,176,414,0
images-8-1_jpeg.rf.04a4399dc765ed7614655cf01790a4a1.jpg 53,25,402,371,4
vlcsnap-2022-03-14-15h13m33s580_jpg.rf.ff5dc014d0b43f31c3768aa8fac434f2.jpg 0,115,194,416,2
EKRBBAT7B93M_jpg.rf.26d90ef2370579b154e4a3b575d4ccb3.jpg 11,81,130,263,1 86,47,222,240,1 182,16,288,192,1 239,25,350,179,1 300,15,408,171,1 290,112,416,287,1 186,140,397,343,1 135,164,331,416,1
vlcsnap-2022-03-14-15h36m40s341_jpg.rf.7928749ff6fd6b6dbb1b346dd8b9ad60.jpg 0,84,188,416,2
251207786_3182735498679367_458536556515082508_n_jpg.rf.e1bebd9b7429b12726979b49554665a5.jpg 46,60,367,351,3 373,252,412,318,1
ambulance-354-_jpg.rf.133f97d0f292cb10399cb21324a91974.jpg 95,40,391,359,4
003a53f6-Bankpur_Chowk_2460_9_12_2023_09_18_11_jpg.rf.eeeffb4356f1a62b65d4184bfa605c60.jpg 208,181,361,326,1
bus-152-_jpg.rf.3dd2d307bc2ee353e936f033715eb5e3.jpg 107,0,409,416,3 0,50,142,368,3
vlcsnap-2022-03-14-17h54m38s757_jpg.rf.37411de9c971e4da78eec150c4d42738.jpg 0,0,217,416,5
247085234_3174089096210674_8883913112549979490_n_jpg.rf.77391e32799138a8c04f2b09faed043c.jpg 2,37,389,370,3
37_jpg.rf.bc07984c95e9bf14ee248f5bde828951.jpg 22,9,397,413,0
2c8ab595-7d06-4ca4-a794-2a9c44ebd52c_jpeg.rf.943909671ae04a7b4acc0676ad13c221.jpg 43,2,284,307,3
ENUYD7J8S5NW_jpg.rf.8e3767637053519a98d1c3e882679d25.jpg 8,183,416,391,1
vlcsnap-00081-Copy-2-_jpg.rf.604b277adadf069c236586133612d031.jpg 100,0,416,416,3
images-264-_jpeg.rf.c2a7d51afe399f153445a164f3852237.jpg 42,6,340,416,0
IMG_20240130_212121_jpg.rf.4ee4e263f032af7a174950e0159153a3.jpg 0,58,378,366,4
vlcsnap-2022-03-14-00h39m50s585_jpg.rf.057cccfde2a8d6737a9ee0efb75f36ef.jpg 0,215,167,416,0 171,137,212,246,5
Screenshot-2024-04-30-113207_png.rf.754c374f7c777a8d09cdac628747f5de.jpg 3,7,416,377,5
vlcsnap-00082-Copy-2-_jpg.rf.3dea994de89598ce853a1a3b3f7d89f5.jpg 155,227,415,416,0
bus-183_jpg.rf.e2ac26a2211edc6f3e361f8b5b4cf7ed.jpg 95,154,254,351,3
vlcsnap-2022-03-14-17h59m02s071_jpg.rf.2c57b6827a4e5caff5d8c9dc9bfa3590.jpg 0,0,203,416,5
vlcsnap-2022-03-16-14h57m28s758_jpg.rf.cb81fe682c5b34bacdf12dbe012efc5d.jpg 0,110,206,416,3
4edafcb9-e76e-435a-92a8-feec650707cf_jpeg.rf.2cb299e934039c6e97d9151525ce5745.jpg 221,136,321,383,1
vlcsnap-2022-03-14-18h16m23s916_jpg.rf.1a1b4df6af2f1a7ca0b0319756e85a6c.jpg 0,0,205,416,5
LIC-presented-Cardiac-Ambulance-to-Ranchi-Anjuman-Islamia-Hospital_jpeg.rf.814edd290166f532940b83f8da725ba4.jpg 2,1,412,414,4
00000121-2-_jpg.rf.5ecb96b8ab3e4489335e26ab534eea54.jpg 47,46,307,356,5
39_jpg.rf.034c775643a5c1b1014ef84f4b6ac6e8.jpg 15,49,416,375,0
images-53-_jpg.rf.524f5c7e3208affb575e3557167932d4.jpg 115,35,400,363,2
067d6505-CBT_Dharwad_2686_12_2_2022_10_38_05_jpg.rf.9700067ed664ab42ea99d520f1089d9f.jpg 61,148,346,367,1 9,49,210,222,5
ambulance-242-_jpg.rf.b3cfda7ddb81a9146e9e6fc5d6fb948e.jpg 16,45,343,398,4
vlcsnap-2022-03-14-15h39m58s536_jpg.rf.11144d08121fbcda31b11ed52aef0db9.jpg 0,103,206,416,2
ambulance-247-_jpg.rf.ed6aca4ca02298870c7b6c6da21d1712.jpg 105,69,298,344,4
00000122_jpg.rf.fcf90b0d7b8e4da795bc1621e98ad8f7.jpg 122,61,388,402,5
vlcsnap-2022-03-14-13h14m06s362_jpg.rf.7ffbf78b92f3385e420f1c7fd91ac1b0.jpg 0,0,207,416,5
Screenshot_20240130_172502_jpg.rf.83c7fbf971dc7b042a141d1c07f6a0c7.jpg 130,48,397,321,4
vlcsnap-2022-03-16-15h19m23s085_jpg.rf.006a4a29b54abbd2d5fae5ea0f8c0467.jpg 0,115,207,416,3
bus-162-_jpg.rf.9acc38886b06c0fd5614c916cc37c647.jpg 33,53,386,388,3
image02346_jpg.rf.c2d8e027cf7cceab2679268554752345.jpg 0,58,323,416,2
00000128-2-_jpg.rf.0b6bc46c118237f1a919a437311fa3a3.jpg 48,2,378,396,5
images-280-_jpeg.rf.c7679f304309b5f231c0d2e6f20f5251.jpg 25,23,367,244,0
main_jpg.rf.d6e56361552b19e89a1102b0dec176d3.jpg 9,65,405,328,4
vlcsnap-2022-03-16-09h32m40s317_jpg.rf.7051d70dba72670ba8ea40293b821373.jpg 0,0,202,416,5
vlcsnap-2022-03-14-00h44m49s121_jpg.rf.6d2ab09828bcce9a016fc897ae4c2638.jpg 0,200,163,416,0
vlcsnap-2022-03-14-00h42m26s402_jpg.rf.7fa470b801caf81c3e92c7ea51d19ddf.jpg 0,237,176,416,0
Screenshot-2024-05-18-143930_png.rf.7970994aa7b0e17eb60f00da697cadc9.jpg 0,0,416,416,7
LCV5_jpg.rf.59184d014266c545b3a702d0e79e9a58.jpg 28,53,392,377,2
Screenshot-2024-04-30-113009_png.rf.0f2531260de5dda30ee0ccb3fee69bfb.jpg 16,0,415,316,3
vlcsnap-2022-03-14-17h23m10s563_jpg.rf.95561eeeaa94882ac3dffcf717896578.jpg 0,6,205,416,5
Screenshot-2024-05-30-140459_png.rf.0d9ba64edcc56385bbaeef8c00004209.jpg 29,44,89,149,0 56,19,413,416,0
vlcsnap-00084-Copy-2-_jpg.rf.afdf8d23a0c8e6bf953e8ded1479cb8d.jpg 169,247,416,415,0
LCV16_jpg.rf.ae7822999e656c0721ce1632d7799bae.jpg 44,20,375,403,2
vlcsnap-2022-03-14-13h30m39s658_jpg.rf.b6253e912989a3de7f5ae5807e5a5c19.jpg 0,65,207,416,5
bus-159-_jpg.rf.17ca2be9cf5df27b0ad3118ab18e4863.jpg 170,33,290,398,3
1da8939c-ae1e-45d9-8ef5-d67f110fda97_jpeg.rf.7aceecda60e0eb8d1bcebc8ae82175d3.jpg 71,0,313,294,3
vlcsnap-2022-03-14-15h54m09s787_jpg.rf.d1beeff2d368f8854469b6ced0a788f3.jpg 0,76,206,415,2
vlcsnap-2022-03-16-09h44m46s945_jpg.rf.e36872b449b213568370b4a0567cbf37.jpg 0,0,215,416,5
bus-15-_jpg.rf.38bc8619e56db31f03e00048839ee995.jpg 200,23,380,383,3 25,87,214,372,3
ambulance-240-_jpg.rf.8095d3d8a3cb63d576b31d94c942c4ff.jpg 65,91,373,327,4
vlcsnap-2022-03-14-15h54m23s100_jpg.rf.679e3426633211117f90e7d6f75f9f4b.jpg 0,187,161,416,2
vlcsnap-2022-03-14-13h31m02s088_jpg.rf.6a8b99da4397c0361c3f3440418c2400.jpg 0,65,204,416,5
00000129_jpg.rf.9a7b145a50cad18d0bb09f3fc2220afe.jpg 142,88,333,409,5 2,98,126,349,5
ambulance-238-_jpg.rf.21296917639f3917ec730b7939385963.jpg 8,204,248,405,4
DSC02689-8-18_jpg.rf.56ee634e745be0d7629d97d11e36d9e3.jpg 34,0,416,416,2
bus-163-_jpg.rf.e24830e7091b1dccf0b77cb719606924.jpg 135,6,416,410,3
ambulance-249-_jpg.rf.7f8b5c00b395e576de6d87e189b8b635.jpg 1,22,220,354,4 242,21,397,326,4
images-236-_jpeg.rf.732423a9e0eaa057d48be9b64b112397.jpg 0,4,376,416,0
bus-159-_jpg.rf.c621bc8649ecaf9f40d56baa2f0f80f2.jpg 170,33,290,398,3
bus-185_jpg.rf.4fb04442a6cb1033d3a65072878cf97e.jpg 67,1,326,406,3
vlcsnap-2022-03-14-13h33m47s662_jpg.rf.4e78e25e7ecb8a94393a0e36d5c8478e.jpg 0,52,209,416,5
08714d64-CBT_Dharwad_2926_2_22_2023_19_55_24_jpg.rf.d5557c0253cd4ce4b1d931f69e3d74c3.jpg 45,174,313,404,1
images-295-_jpeg.rf.23a8a7b063115f4bab8959a560a9fe13.jpg 28,0,367,416,0
vlcsnap-2022-03-14-00h46m55s265_jpg.rf.57a7b765e3def3ff6bb58afed73c7feb.jpg 0,171,174,416,2
FXEVD30KZJWO_jpg.rf.7c9bcbb480e4bbaa37e0c132b9ef62a2.jpg 37,38,408,372,1
bus-162-_jpg.rf.97f496fe4b20bf4aa718438c0b6bf5ea.jpg 33,53,386,388,3
660_jpg.rf.a86cae3ec6f31d80021434d781972087.jpg 59,121,300,393,1
Image_013211_jpg.rf.63470c7b5e5edc0012803844b81a968a.jpg 45,36,375,364,2
4aaf04ef-a56f-41e4-80e1-3a7f0de43a34_jpeg.rf.9e5c51c9a3e3653caae36318ad223379.jpg 38,0,282,310,3
vlcsnap-2022-03-14-17h34m42s646_jpg.rf.bbcf28057d30ec41a3d3a9b89a6761e6.jpg 0,0,204,416,5
vlcsnap-2022-03-15-21h55m09s576_jpg.rf.af1664aee22d225d0dc347ca9d1a10f9.jpg 0,0,213,416,5
41_png.rf.6931e7bd1ebff758cc827a5ace9742cd.jpg 35,39,387,355,0
00000128_jpg.rf.d3436b14c8afbac7f0ae1e730b515d28.jpg 106,83,275,309,5 279,146,377,257,5
vlcsnap-2022-03-14-12h01m09s104_jpg.rf.bf49c205a8ad9c57c2376dd520af11a5.jpg 0,68,206,416,5
bus-180_jpg.rf.97c858c2a8d7f7854ae44934e99497f5.jpg 131,65,349,394,3
m7_jpg.rf.7c4804dfeb3bb181eede3b221bf9c04c.jpg 27,32,412,350,2
0e5d3a90-5520-419f-b24f-f318550c4667_jpeg.rf.93c0a86fb9235f912a2db429fb4fdbc7.jpg 72,0,386,377,3
vlcsnap-2022-03-16-09h27m34s000_jpg.rf.a77fa1055f6fd617b20b2fc991ac8d30.jpg 0,0,203,416,5
bus-165-_jpg.rf.19d3736df034bcf3a206dd38f3af6df7.jpg 21,28,381,404,3
6f61f23f-bce2-4720-bb81-ec4df9d1f41c_jpeg.rf.64779112eac114d4e9cfee9e5f7da351.jpg 233,132,312,338,1
vlcsnap-2022-03-15-20h11m10s982_jpg.rf.cdf20747718a975fd1b9b0019228fd97.jpg 0,0,218,416,5
5b359f9c-f178-4a99-98b8-6e617968a048_jpeg.rf.54f6331b5a7fb93007445acdc4d7922d.jpg 117,150,206,371,1
vlcsnap-2022-03-14-16h06m26s501_jpg.rf.7fc8a6e23ca8f9c873434ccfd31ccd10.jpg 0,116,189,416,2
ambulance-1-_png.rf.1b9c95804b8238dee46b5d3356165686.jpg 16,103,399,354,4
FWVZMDNRCMW5_jpg.rf.7428c30495c841bfb9011607de568d25.jpg 23,3,405,399,1
force-trump-15-image-2_jpg.rf.ffe50322dc619058ceeed1611472bd3c.jpg 9,43,387,385,2
bus-158-_jpg.rf.eb28ec3618eb356a9faa560d4fc15310.jpg 25,0,394,359,3
D6457IRNNQC5_jpg.rf.dd093f474459ac8965278040dbe8e0fd.jpg 105,91,333,390,1
vlcsnap-2022-03-14-00h53m22s738_jpg.rf.d346ccce68f266c74d41cdeefb69bf4f.jpg 0,232,174,416,0 170,187,206,248,0
vlcsnap-2022-03-14-13h32m12s731_jpg.rf.2b1ea8ea60997ec0c27024165d466f12.jpg 0,68,205,416,5
ambulance-90-_jpg.rf.55d1005e83f093df473c6122fa05ddd5.jpg 217,104,416,403,4
f12_jpg.rf.61bf6ff7d6836021a3a3789b1677a994.jpg 9,43,387,385,2
vlcsnap-2022-03-14-18h43m46s836_jpg.rf.22653f9d9e970ec384bee25a08bb8f03.jpg 0,0,210,416,5
indian-government-hospital-ambulance-traveling-260nw-1473792440_jpg.rf.00d94debfa7d8a31c5f260ab0d0ca01a.jpg 22,0,295,386,4
vlcsnap-2022-03-14-15h18m26s491_jpg.rf.87cc0d0b370c52d09d670e46fea5b5d9.jpg 0,82,206,416,2
vlcsnap-2022-03-16-10h04m47s004_jpg.rf.15b0998d0f53e77c6fb2aea0d4167da4.jpg 0,1,203,415,5
3de38e43-52e7-4823-9f60-362642754a61_jpeg.rf.dd310a721044fd9fd97df4b80027577d.jpg 212,144,283,354,1
vlcsnap-2022-03-14-16h04m59s432_jpg.rf.ada0181c503311b1a7d95223b749656d.jpg 0,107,207,416,2
0ce150bb-Bankpur_Chowk_S2291_11_22_2022_11_18_01_jpg.rf.083a180a92156e686fc51153d4c06f08.jpg 38,111,416,308,1
vlcsnap-2022-03-16-09h47m47s772_jpg.rf.22b1abd7b2ef7969412993f5a1c63d92.jpg 0,1,219,416,5
Screenshot-2024-04-30-113623_png.rf.ae0539f7004ceb5555ff42e39183754e.jpg 0,7,416,365,5
00000120_jpg.rf.783ebdc54177d9c8ae335cf8ee43fe21.jpg 144,190,397,373,5
Screenshot-2024-05-30-140731_png.rf.40be37d50b4b51c962e59a548b266934.jpg 23,12,381,268,5
vlcsnap-2022-03-16-15h01m33s462_jpg.rf.feba3c15becd13e90d907c32dbc4d0d7.jpg 0,108,211,416,3
1a6828d7-9085-4240-bfb3-b2bbbaa35300_jpeg.rf.d2cf85dee8bd94462881620ed3aaa416.jpg 50,0,289,367,3
m5_jpeg.rf.92049fea79de316f86e2e874cec4901d.jpg 27,128,378,383,2
vlcsnap-2022-03-16-15h22m33s262_jpg.rf.19cc2b1a4b6131c2d2808fd5acd3a542.jpg 0,110,208,416,3
bus-160-_jpg.rf.7ee6e39ea719976ec5e1a5d6c5c34771.jpg 18,32,409,385,3
bus-150-_jpg.rf.5b81f8eaa07d11867fcba70b9562ec7f.jpg 2,0,144,416,3 111,0,239,416,3 214,22,313,410,3 306,81,366,378,3 360,147,408,355,3
7b3ffb56-ed23-45c8-8e10-8a18e28cc55e_jpeg.rf.5c80c0765418cc97ac7b94442205f676.jpg 205,155,283,397,1
bus-179_jpg.rf.51d8f61e6be1ae4fbcbd66c4e56fb0a7.jpg 52,56,195,395,3 193,84,346,371,3
vlcsnap-2022-03-14-12h58m26s625_jpg.rf.bf02233d144b044ce62422edf2c7e236.jpg 0,57,210,416,5
DO9RQGDPHQZQ_jpg.rf.ad462f7d31e6da84de34ce67463600a1.jpg 59,42,325,406,1
3a98bae8-0036-4642-af6a-0fcdd7e4a1cc_jpeg.rf.74c46e4263941d1382adb7f35288cbb1.jpg 46,0,278,298,3
427972272_3683898328536204_5823173964717003092_n_jpg.rf.12f54c7772aef764c3c6a78bae633632.jpg 18,78,410,265,0
vlcsnap-00079-Copy-2-_jpg.rf.2ec011ea20fa4f68cc31881ca402adda.jpg 144,116,415,416,2
bus-159-_jpg.rf.5caab5d81ce0ff874e82774327671b35.jpg 170,33,290,398,3
332985428_1345652276229871_8602601633843519429_n_jpg.rf.f0b0630ed7fef258f9e94f11e13fbe7d.jpg 19,93,411,324,1
vlcsnap-2022-03-14-00h53m00s798_jpg.rf.08927a69e90ba3cf9a1602781fdacfe6.jpg 0,229,172,416,0 173,180,210,249,0
IMG_2074_JPG.rf.02c5b2ddf40712c16057998aca9df10c.jpg 17,106,369,317,1
vlcsnap-2022-03-14-17h58m38s399_jpg.rf.24d2a46674563d81fa2fbecffa505ac3.jpg 0,0,207,416,5
00000121_jpg.rf.f47db3e0079b10704decf6d800c4d658.jpg 37,190,243,306,5
images-49-_jpg.rf.0c3307c3cda6333aaa4b2f6b956bc785.jpg 100,95,337,299,2
1c30cdb7-895f-4c80-91bc-32b7d2d86fb4_jpeg.rf.3edbc75187b08d654695ce2d19d56d0c.jpg 48,0,287,313,3
4c2f5eb5-6a21-44e9-a13f-c0959bead5d2_jpeg.rf.ecefe79ded79d23c761208cf06632ef7.jpg 244,154,348,388,1
vlcsnap-2022-03-16-09h28m20s444_jpg.rf.5bba14d90906b3b8c2f30a3087a1015d.jpg 0,2,201,416,5
00000130_jpg.rf.e91d266066cef8858c82d6e536d84d29.jpg 202,36,359,238,5
333512145_956045298897620_8072807562940653786_n_jpg.rf.75367c95f3699ee1a3f7301cb6c6b9cd.jpg 48,57,367,369,1
630_jpg.rf.dd001f8125fac89046967836667524e2.jpg 54,142,374,411,1
vlcsnap-00085-Copy-2-_jpg.rf.0abbea9821b6830583cfad39e6787d2a.jpg 167,233,416,416,0 102,161,167,272,0
08f1d1e7-d987-482c-b19e-12af97dd5041_jpeg.rf.7f28f8efcb02bb768205ad652eef6ada.jpg 19,4,304,312,3
Maruti-Omni-Ambulance_jpg.rf.cd11e3151ce175e91d22f6a97f0524e6.jpg 84,20,304,378,4
ambulance-23-_jpg.rf.a395106dbf67271cd6bc9e2009297586.jpg 0,0,416,379,4
vlcsnap-2022-03-14-12h56m20s949_jpg.rf.81ee4f443701da558302dd819a49c082.jpg 0,0,224,416,5
G2MWE2XWE5RX_jpg.rf.9ad7d6ce639156bce661c64f029546ec.jpg 221,309,416,416,1 25,324,228,416,1
3f3635a3-fb90-41d4-a7b1-4c2e80f34454_jpeg.rf.ccb5503e360c90b7436f4c6bfd33a6b7.jpg 87,145,163,338,1
in_health_beauty-64054-1_jpg.rf.85280cff0fe6840b4c7e83be9995cd07.jpg 0,5,386,415,4
600_jpg.rf.de9097c2f48aef13f643048137dd63f2.jpg 148,123,295,416,1
vlcsnap-2022-03-14-13h44m18s333_jpg.rf.5ef8747b35a69fac322e635dbb0739c7.jpg 0,68,206,416,5
Screenshot-2023-08-16-114555_png.rf.397615de2d043b61b67082acc718e047.jpg 287,209,368,358,2 361,265,397,337,0
images-305-_jpeg.rf.485d8b6f8df774abb084e4ff2123b6e5.jpg 21,53,392,416,0
vlcsnap-2022-03-14-18h45m15s295_jpg.rf.da18fe376ba34c756a73973a68460660.jpg 0,0,213,416,5
42_jpg.rf.dbbf21f83894cf478ef9626ddb6ce307.jpg 23,29,409,401,0
vlcsnap-2022-03-14-00h53m52s500_jpg.rf.da909baebd3c6606735a4ca4cf369443.jpg 0,226,173,416,0 179,180,211,226,0
G3H6XIXR3DVX_jpg.rf.57a2cea8b18508eda1e84b6047986f80.jpg 54,99,332,409,1
ambulance-49-_jpg.rf.e459bfac4c68957e0d54e1452a0030f6.jpg 0,22,278,416,4 268,133,351,352,4 347,170,390,308,4 387,189,411,282,4
vlcsnap-2022-03-14-16h13m19s317_jpg.rf.dbba752242eb488c13317a4ec5452980.jpg 0,78,200,416,2
93a38d33-c4b9-41cf-b475-c11fa52336fe_jpeg.rf.4803426f56a5eacfbbef2ba3bff6c221.jpg 33,0,269,326,3
Cars-on-roads_48_jpeg.rf.86f6d3a9fcc5d2debb1cc12d04444de8.jpg 2,257,87,407,0 277,262,354,400,0 180,304,211,401,1 103,300,132,406,1 263,302,306,398,1 129,299,150,407,1 372,260,416,407,0 43,3,250,250,3 259,157,409,273,2
mishra-ambulance-services-kolkata_1625255492_jpg.rf.2d110398b1ca05cc528fc53e68eda955.jpg 0,1,415,388,4
2d3eaeab-99b1-442f-a7f0-257da6af280a_jpeg.rf.d2ac63199affbc2286e7424c379e355f.jpg 87,161,188,356,1
vlcsnap-2022-03-14-19h08m06s058_jpg.rf.e7df658fd75827ae7a7de9fa7bfa726d.jpg 0,0,213,416,5
bus-168-_jpg.rf.a3bdac9d01159521c21686bf61089bec.jpg 0,86,136,303,3 130,89,291,302,3 273,115,353,278,3
vlcsnap-2022-03-16-15h28m55s478_jpg.rf.262439a2a8e82bf00f659434e63e7be2.jpg 0,115,205,416,3
bus-166-_jpg.rf.49bfa704a7a5a39bf094168324b9c89e.jpg 92,15,344,405,3
vlcsnap-2022-03-14-16h36m43s915_jpg.rf.627ca68097511f8db37affdd7f138c24.jpg 0,59,201,416,2
Screenshot-2024-04-30-113635_png.rf.3f11cfa3e075d50c34f05c7392f92bc4.jpg 20,81,348,401,0
image02371_jpg.rf.6d0e924591b3b7318819b854108798b9.jpg 42,38,386,391,2
427972416_7076575072438755_6941184162620586702_n_jpg.rf.38aba0909abcdc0429bef8d895295209.jpg 51,124,334,300,0
vlcsnap-2022-03-14-14h02m57s507_jpg.rf.66147c5a81296468ac1f77df6054d733.jpg 0,0,220,416,5
15eeceac-Bairidevar_Koppa_2279_1_16_2023_09_27_25_jpg.rf.df15d5ef1cdaf476d1d0e3ae41e829f1.jpg 74,214,288,372,1
images-320-_jpeg.rf.a52449a4dbab8f674cb707470ff51c57.jpg 112,51,409,345,0
00000135_jpg.rf.0d9f6edc1d37c572271b1b13e0fb0b56.jpg 116,73,267,337,5
bus-166-_jpg.rf.3ac1f7fcaf4270ebcc5be63cd58cf520.jpg 92,15,344,405,3
new-batch-of-108-ambulances-to-roll-out-in-kerala-soon_jpg.rf.1d9b5b49731fd5eeb1dfdc1b2c385482.jpg 54,45,381,401,4
vlcsnap-2022-03-16-10h06m15s227_jpg.rf.84c8698414f2526af17df533a4dd4357.jpg 0,1,206,416,5
427946562_3325121451112885_7122732716987639402_n_jpg.rf.e0b5284a069dcde489fc78d3d88f7ff1.jpg 69,107,329,305,0
bus-169-_jpg.rf.5a22c4cc3242da4b0ea055fbc61cc15b.jpg 147,154,386,406,3 55,234,160,388,3 3,254,62,378,3
00000136_jpg.rf.9e04f85e1d1733a79f63eacce89b75fc.jpg 119,37,241,207,5 99,65,121,150,5
bus-190_jpg.rf.d749707dda85aabb8e80b195a8d74bcf.jpg 13,113,406,385,3
ambulance-3-_jpeg.rf.99457b46d83f1ea3e63c33e5b069bd79.jpg 49,0,408,416,4
vlcsnap-2022-03-16-10h22m05s147_jpg.rf.2b53a6c93c7a74df7f89cd8f0fbd519a.jpg 0,0,215,416,5
43_jpg.rf.5cd9291173a30efb336938451a8395a5.jpg 17,42,402,410,0
f5_jpeg_jpg.rf.bb8220f07f00840d560fb4d1cc8d7a35.jpg 79,60,359,362,2
Image_013221_jpg.rf.bf1e316e602060e57406040fd1e4ae79.jpg 51,40,360,353,2
bus-186_jpg.rf.8ad4fb58469661653441faac1679099b.jpg 1,81,403,320,3
images-33-_jpg.rf.6098eb3f7f0bff19d90ba5dfb75e95d2.jpg 88,70,411,334,2
vlcsnap-2022-03-14-16h46m13s645_jpg.rf.fb0d42911b0cdb28985f21c5a8adc94c.jpg 0,110,191,416,2
photo_2024-02-12_19-48-30_jpg.rf.5db2e67eb67fb4436333751b7e4847af.jpg 54,51,373,375,0
vlcsnap-2022-03-14-17h31m02s602_jpg.rf.b52e84095b4d627913b9c1eb586e927e.jpg 0,99,197,416,2
bus-166-_jpg.rf.0242617d77aede7e13a3eaad74f271cd.jpg 92,15,344,405,3
ndian-government-hospital-ambulance-going-on-road-for-rescue-patient-2CRTENP_jpg.rf.093c5ecb6db134f8bfb1d2f25b72483d.jpg 22,0,295,370,4
vlcsnap-2022-03-14-19h02m35s558_jpg.rf.013437045d988b8644a7cb0ec0fb48d9.jpg 0,0,210,416,5
vlcsnap-2022-03-16-11h16m46s864_jpg.rf.dfa583af94438ac3861987f12cbceb80.jpg 0,1,202,416,5
00000133-2-_jpg.rf.17626542599e263662387ad2a7f08e2c.jpg 123,91,352,338,5
1682252179668_jpg.rf.09223f0106e96b4daa0c7460fef4f564.jpg 0,0,142,86,1 104,99,409,261,1
3fc2841f-1545-484c-b445-fd913d3e0a28_jpeg.rf.c630ec3a850ffe916ef4f55f422094b2.jpg 186,146,260,347,1
vlcsnap-2022-03-16-11h45m35s397_jpg.rf.9f3d6e9df1bc270c662d1ce9933ecf34.jpg 0,0,213,416,5
vlcsnap-2022-03-14-00h54m43s136_jpg.rf.55b246f9fdcfd9ac2e06729b9bc0e864.jpg 0,249,155,416,0 163,201,211,266,0
vlcsnap-00093-Copy-2-_jpg.rf.ae15fa0c6114add3af309053969694e5.jpg 131,143,416,416,0
bus-193_jpg.rf.8a6e327ebbc65f021e94f6ec54d8e835.jpg 101,91,290,354,3
264460681_3215895678696682_1580231365136936570_n_jpg.rf.438e6927e877d82fd107df34eea23f2b.jpg 31,49,326,362,3 359,201,416,355,0 323,264,367,326,1
vlcsnap-2022-03-14-01h01m31s343_jpg.rf.e7a06d9397006e2b66af970be80af698.jpg 0,215,169,416,0
vlcsnap-2022-03-14-16h06m56s213_jpg.rf.87386e10a3db81188a46c89c587bb94e.jpg 0,58,202,416,2
vlcsnap-2022-03-14-14h39m16s893_jpg.rf.4c806618569fc3e30c9c7c9ecac1c739.jpg 0,0,210,416,5
0d98ef1e-e418-47c6-bfb7-d7e989651b35_jpeg.rf.19b322a77837fac66585dc55c9050ac7.jpg 71,4,292,330,3
bus-178-_jpg.rf.3defc8cb9574ef7997ccbca37dc2e296.jpg 29,101,416,347,3
vlcsnap-2022-03-14-00h54m32s739_jpg.rf.f3fa025af1a7afefa29b6888806c41eb.jpg 0,190,170,416,0 152,188,203,254,0
vlcsnap-00090-Copy-2-_jpg.rf.66f3f443606c143e477a3bdac9b8a241.jpg 110,5,416,416,5
333522256_942153086968239_1814151952262337531_n_jpg.rf.946c74eed5a40bd8713bb6d73940cdc8.jpg 16,100,404,331,1
ambulance-65-_jpg.rf.2196d9993ab1be7a04f51925ef5a1188.jpg 70,60,351,368,4
m8_jpeg.rf.04b92e7a427c5f1efce70ee547ad3e26.jpg 49,12,250,389,2
vlcsnap-2022-03-14-17h35m31s844_jpg.rf.ab3c64f8ccf69528396dda84f9c06cf4.jpg 0,68,198,416,2
bus-17-_jpg.rf.8b36d1702255b0d76220d77ba6ab45ae.jpg 72,68,402,364,3
597_jpg.rf.2d3c0b46429d5bb8d1e0ab74a3a23376.jpg 113,117,242,377,1
ambulance-20-_jpg.rf.916aeb8b4d6a7d2e0a7f3924eb5dedb0.jpg 0,24,416,337,4
vlcsnap-2022-03-14-13h45m11s918_jpg.rf.fee5c26d0a0e607388b0ce119f4cb705.jpg 0,0,214,416,5
IMG-20240212-WA0281_jpg.rf.9f712ae4b7f4c803e2f5d5dc94056a8c.jpg 64,119,410,416,0
Image_013256_jpg.rf.86773dcad715d8963fdaf034f0c12680.jpg 160,0,373,316,2
44_jpg.rf.6a6a3b7731d61731b56ac7239b1bcb73.jpg 9,18,414,410,0
GRXVHY9BAJYM_jpg.rf.5dcf7eee53691b5f2b68fe11b495e9ec.jpg 174,184,402,416,1 121,118,290,289,1
vlcsnap-2022-03-16-15h56m08s681_jpg.rf.cbbff9b5dd6c7824dfd32c3c12b14952.jpg 0,100,205,416,3
vlcsnap-2022-03-14-16h40m04s941_jpg.rf.c83ad24e67c2cc9894b8dba4ace5c674.jpg 0,105,195,416,2
bus-174-_jpg.rf.3e67feac8924f848960721c9082ad93d.jpg 27,12,385,394,3
vlcsnap-00094-Copy-2-_jpg.rf.25c3a4ee155d813ea6890ce28b892973.jpg 157,215,416,416,0 100,157,159,248,0 195,149,261,222,6
ambulance-52-_jpg.rf.253ffbb71ca91f7361ac2cbcfd69be7c.jpg 81,90,251,377,4
00000142_jpg.rf.0468dddb17576c1660270ea3034e4694.jpg 99,41,331,276,5
bus-189_jpg.rf.265dad8ac55f706bf3549cb868e8cd9a.jpg 18,179,300,402,3 299,240,398,344,3
1db498ac-CBT_Dharwad_2686_12_2_2022_10_10_11_jpg.rf.aa4d366d6569b671a30861610931299d.jpg 1,27,68,112,6 68,118,331,365,1 272,106,398,209,1
589_jpg.rf.9ad2ed07e04ad079561faed6e11919fa.jpg 41,94,391,416,1
265276186_3212929588993291_4272997216913897177_n_jpg.rf.eb77007c3f5b87e28b66ffebde2b13c6.jpg 81,98,362,337,3 372,234,404,274,0 403,232,416,259,0
00000138_jpg.rf.b0a53b2e519b8277f7849967143aa0ca.jpg 75,154,159,281,5 159,169,185,259,5
vlcsnap-2022-03-16-15h45m07s234_jpg.rf.1843be49d9a8d5f5ea9d75dde1158624.jpg 0,114,200,415,3
00000137-2-_jpg.rf.2bd1010228b315ccb7639eb9a25eec19.jpg 322,226,407,341,5
vlcsnap-2022-03-16-10h45m00s600_jpg.rf.b1930a3be584f33c808a19bc7d38f3ce.jpg 0,1,202,415,5
Image_013257_jpg.rf.1f746fb82e0cb51545982e3af44b48c8.jpg 19,0,342,357,2
vlcsnap-2022-03-14-14h40m21s364_jpg.rf.7d9b88c23f69f696d017f331bd54e2bf.jpg 0,67,206,416,5
vlcsnap-2022-03-16-11h12m47s388_jpg.rf.86535e72961d46fe1c44511f9018b7b4.jpg 0,0,211,416,5
6b3211e3-d222-40a9-b157-a004f07bb88a_jpeg.rf.1b31b7070d83809c1ff24e335b4ca1d2.jpg 63,4,316,352,3
591_jpg.rf.4d39cd40eac7f966f4fde09bd298df5b.jpg 103,124,325,362,1
LPC-07_DTP-2_DTP-2_20240310170937_20240310181125_2_1G_mp4-0110_jpg.rf.dd5745aabaea2dd2031624825edc4130.jpg 124,0,294,267,3
bus-192_jpg.rf.412a3fc3ee87c8e53921ead0817078c8.jpg 20,84,259,397,3 304,155,395,288,3
vlcsnap-2022-03-14-19h08m22s632_jpg.rf.56fa341b77c479180d6f8141d6321835.jpg 0,0,211,416,5
ambulance-448-_jpg.rf.a38383a25a65420bdc848fae46113f13.jpg 195,80,326,251,4
GYL1GGDEJ7F0_jpg.rf.8da372f8fba34290777fb7d851873e72.jpg 223,182,325,330,1
Screenshot-2024-05-30-124014_png.rf.4d1dfffd07c306b8a9bee3de93930c84.jpg 144,140,245,241,1
1fa4cd1a-ae20-49df-8cfc-d9be9c992f82_jpeg.rf.2fe39ac56c5e864780e33b8d05c7e920.jpg 46,7,289,324,3
m9_jpg.rf.1fad3f5c9fe0b5a4f053b848c4f29c7b.jpg 18,16,246,360,2
00000139_jpg.rf.f255829f024c96cd74e46622fdeaf673.jpg 17,29,402,366,5
2018-Jeep-Wrangler-Terminator-Custom_png.rf.d4751400b3f59f80d3c9fafad3090431.jpg 45,109,379,367,0
vlcsnap-2022-03-14-01h12m32s572_jpg.rf.897dfbaeca31465b43fdc29a35662a63.jpg 0,248,174,415,0
ambulance-21-_jpg.rf.0889cc5278e03be73e5f68984d2495d2.jpg 0,2,412,409,4
45_jpg.rf.ae86bbab6321dca5f1040e6ad8266c4c.jpg 21,86,390,373,0
LPC-07_DTP-2_DTP-2_20240310170937_20240310181125_2_1G_mp4-0116_jpg.rf.fbdda780698c1020d0b0b87795b17bb5.jpg 118,0,295,279,3
Image_013238_jpg.rf.090a4cb1d04d8b00291c17389195dd2e.jpg 141,57,367,346,2
vlcsnap-2022-03-16-12h20m06s256_jpg.rf.b82f1327f301e5adf6b6268dfd1f9e90.jpg 0,1,202,416,5
Screenshot-2024-05-30-140905_png.rf.f280a3aea77209d8ef35741dda2ab233.jpg 8,0,230,159,3
bus-175-_jpg.rf.21f8e504be6d0b4cccf708b2a7e0be90.jpg 20,28,402,395,3
Image_013239_jpg.rf.5e34b6cacb397ed61ff4deadf348a97e.jpg 85,75,315,316,2
ambulance-46-_jpg.rf.3b877b082a75e30300ac29013675be72.jpg 18,38,416,416,4
vlcsnap-2022-03-14-17h31m58s227_jpg.rf.67cfbc75efb51c52dfad53a078b0c041.jpg 0,53,204,416,2
Image_013247_jpg.rf.e5e84990a1eef1d32f3f027eb50716c0.jpg 128,38,377,354,2
3e192a6e-6053-4241-941c-a773108df399_jpeg.rf.e9dc5d75508710ec1e5eca5a18989266.jpg 142,118,236,340,1
ambulance-64-_jpg.rf.c9bb04b5c19d766db02f1c14c7982d6b.jpg 112,116,305,379,4
Screenshot-2024-05-15-173852_png_jpg.rf.a2b5326e5a552bc7eace6a5597625ec5.jpg 223,142,385,337,2
Image_013240_jpg.rf.e417e0518519db019b33918a37298cca.jpg 26,0,331,338,2
images-3-_jpg.rf.cc1f41e8d75bf7f13c5914d98803ad32.jpg 89,125,379,373,2
583_jpg.rf.68faa7ffc3c8b65693b6f5356e155f26.jpg 61,80,303,408,1
2fe5f2b9-3efe-4d59-ab48-f74d1a69f6e3_jpeg.rf.ff83fa8edc9e0dd3f179ef368106d0de.jpg 210,128,301,370,1
3c7f2f04-085d-4851-b13c-9b051aab82a0_jpeg.rf.35fae28d393029d0c9551d5771d7b981.jpg 121,1,383,307,3
5ae1be13-8acb-40e6-8036-93a11a87edba_jpeg.rf.d63ecf14c2f64e19ee77d87c2e1791ff.jpg 123,132,216,357,1
vlcsnap-00091-Copy-2-_jpg.rf.491e3cc5b255bb7e906ea7ccface49f1.jpg 165,118,416,416,2
images-325-_jpeg.rf.a4a33dbd4d013535eb6ca7197ae2538e.jpg 68,2,362,251,0
Image_013242_jpg.rf.1d7f1edb953a8575d10761975b2cddba.jpg 67,81,359,315,2
images-321-_jpeg.rf.04b527bed76c2f8a2eafa12f1c2aae34.jpg 0,66,416,416,0
6a2dd371-f7cb-431c-93cf-a2e7115b7b82_jpeg.rf.3c7acdcc513a3981967834da76418171.jpg 202,160,291,364,1
vlcsnap-2022-03-14-01h10m30s046_jpg.rf.12b2c33b9449d5a9db5a34b0c182f474.jpg 0,232,167,415,0 151,164,210,279,2
vlcsnap-2022-03-14-00h59m34s131_jpg.rf.2977fef5440d689e52b7caef1d49ef01.jpg 0,155,174,416,2
1df77e84-7c17-4b69-a222-733b112639d7_jpeg.rf.2b6a036246c6d678886e13970ef477f5.jpg 181,122,269,316,1
bus-176-_jpg.rf.38dc223e9a667395944941aab36fdd48.jpg 94,136,330,357,3 1,169,96,351,3
HEWLODVIYCOD_jpg.rf.a8cf6ed54012ebc6511fe38dd68f8add.jpg 175,163,322,373,1 14,186,153,386,1
vlcsnap-2022-03-14-14h14m28s231_jpg.rf.b021b0b85b7e8f9070a7c408545b58ec.jpg 0,0,210,416,5
image02429_jpg.rf.9996a94878623a035b5e0b32f3133638.jpg 67,88,358,416,2
558_jpg.rf.e0aabc5c545cebeb9218150e59107469.jpg 168,161,265,377,1
vlcsnap-2022-03-14-00h57m49s178_jpg.rf.388eb62824364dbb1cff2562a63e6966.jpg 0,219,178,416,0 119,111,204,284,5
vlcsnap-2022-03-14-17h35m06s943_jpg.rf.bff2791731c11cbf0c4f637f556053ca.jpg 0,74,201,416,2
vlcsnap-2022-03-14-14h05m20s384_jpg.rf.b2692f5abecbd427234aa4555d8b779f.jpg 0,43,214,416,5
bus-182-_jpg.rf.496c392d413d74765a7ddd5409dd8e26.jpg 1,0,202,334,3
Image_013269_jpg.rf.6db23a3c5073ca51073c28a9f0fd1abd.jpg 26,24,387,387,2
WhatsApp-Image-2023-12-13-at-16-35-15_8b0ef49e_jpg.rf.64f2ff4c94ffa381e516bb3cf6796028.jpg 4,9,410,372,3
bus-176-_jpg.rf.6a51c2b6bb66e2b5dc18d0da2e6234ec.jpg 94,136,330,357,3 1,169,96,351,3
ambulance-87-_jpg.rf.e73d00605cca37b4e4319e983a312320.jpg 2,19,403,403,4
vlcsnap-2022-03-16-16h44m08s482_jpg.rf.a7535ff6eaccd84e699907ea81757177.jpg 0,106,207,416,3
Screenshot-2024-05-15-173948_png_jpg.rf.1dee946a74d4706186f7afb2d8cce76d.jpg 250,211,357,315,2
vlcsnap-2022-03-14-14h43m52s613_jpg.rf.86c88e7299241d4c5b9a960fceb3b07d.jpg 0,68,207,416,5
ambulance-312-_jpg.rf.9a5c3d7bf0b48917e391f7811e06ecc1.jpg 5,138,104,230,4 96,132,169,235,4 160,127,271,233,4 273,37,416,305,4
00000134_jpg.rf.9801b1c5472285bbf177a29dd756d8ac.jpg 56,79,359,383,5
vlcsnap-2022-03-14-14h19m59s797_jpg.rf.c97bb993399e0a36459e9af2f9dbc8e5.jpg 0,68,205,416,5
image02209_jpg.rf.ca71d9f8947e706dd746ba7304adc32b.jpg 29,0,381,409,2
1abf7a4c-e3e6-438f-bb61-76c2cc45b4ba_jpeg.rf.d8bc95c8b823a9ec09ebfd236005e687.jpg 82,0,342,309,3
46_jpg.rf.32be7a122be06027533b0413a45bf483.jpg 23,68,380,408,0
ambulance-429-_jpg.rf.26309798c26cdba10f3c0139b6a2484b.jpg 37,38,395,246,4
ambulance-13-_jpg.rf.d1a98f7e8c44ebe29a38f0e8dc6d0647.jpg 4,51,416,369,4
bus-179-_jpg.rf.3616bff84a91350b5da0c96c59b94259.jpg 204,58,413,307,3 168,147,209,251,3 146,165,182,237,3
aug_0_2816_jpg.rf.f2f002d016ffe7a9c1fa470939c3d480.jpg 19,80,327,327,3
545_jpg.rf.94175abe8655143aa1d0eb2af43b0d90.jpg 153,111,316,416,1
vlcsnap-2022-03-16-16h46m21s344_jpg.rf.b7bee4c05f5a6fb862cf5e4e808db25a.jpg 0,108,207,416,3
530c8930-b6d9-4732-bf4e-1813a69fc25d_jpeg.rf.e2f26d3af646d88d1950e3a69c9ac9af.jpg 37,0,219,334,2
Screenshot-2024-05-15-174343_png_jpg.rf.5cb2cef6ce191e396e4d419f1bec850d.jpg 114,135,356,339,2
555_jpg.rf.94e4274de524b16a3bc67716fcdf585b.jpg 96,114,258,391,1
Screenshot-2024-03-19-145654_png.rf.2ce14ac5ac9b230341fb190ba9497744.jpg 17,30,379,403,2
vlcsnap-2022-03-14-18h01m53s755_jpg.rf.100d6a91b31ccef7597a241672716193.jpg 0,77,201,416,2
3e20670b-a16f-4420-90c3-954e9b08aa88_jpeg.rf.a967e79271fabf3180fa60512e296891.jpg 190,163,265,365,1
2fe5f3ec-e5d9-4d22-a837-a99c88664511_jpeg.rf.3d355fc8e9d0ce30b24842d9217c85a0.jpg 71,7,366,368,3
H5Z8ZFBJ1FCT_jpg.rf.921c24fb899fa52b3b206ea3099399a2.jpg 62,114,406,405,1 85,59,236,196,1 71,30,165,103,1
vlcsnap-2022-03-16-13h33m43s981_jpg.rf.36121f62f78cf464bb7510747924b05b.jpg 0,1,208,416,5
LPC-07_DTP-2_DTP-2_20240310170937_20240310181125_2_1G_mp4-0117_jpg.rf.905a1f067bb86c6f85f88b32f2cd9958.jpg 125,0,273,264,3
552_jpg.rf.402a7e13873caff5de52fcb33d357e80.jpg 48,68,343,416,1
3dbb1c7b-c072-4ca7-93fd-4740538aff6d_jpeg.rf.9eb5491349d3f04222de8ff3e17ab4f6.jpg 17,0,264,349,3
Image_013254_jpg.rf.c909d274b5ad4f37a070010f09187ee6.jpg 67,72,336,327,2
7f3e185e-173a-499c-9bb4-42beb829cf3d_jpeg.rf.192d1f8da25cb7ed81042fc509d192b2.jpg 91,5,348,339,3
vlcsnap-2022-03-14-17h53m36s880_jpg.rf.24cdb018707c4c72e30330cdcc2e9209.jpg 0,52,202,416,2
ambulance-317-_jpg.rf.117134a862a35f98a19c55f0ebe8fd3f.jpg 190,50,416,415,4 109,102,193,360,4
vlcsnap-2022-03-14-20h33m57s682_jpg.rf.04616088d60636fcd44f36a5ed1e3b94.jpg 0,0,222,416,5
vlcsnap-00099-Copy-2-_jpg.rf.a866e4df1e6ea4412649c441e0694e06.jpg 144,116,415,416,2
00000144-2-_jpg.rf.730430522f9519214040502980ad3e70.jpg 7,16,385,386,5
bus-186-_jpg.rf.f7cfdf977887ec073a3bd992a65c02e9.jpg 159,72,288,321,3
00000143_jpg.rf.958b4fa0e631f9e020ea5e0953d37bf2.jpg 0,104,298,362,5
H4O2GIST0XG0_jpg.rf.0897b723a06e531e568a6fa409117c20.jpg 11,260,217,416,1
ambulance-318-_jpg.rf.3bab5260f129d4a96507043b2ea9aff2.jpg 0,10,416,416,4
Image_013261_jpg.rf.1dfdcf244d4f761ba038b514fbcdad39.jpg 58,0,351,337,2
5d33ffd0-1fd3-454e-a2d4-3121dbcaae84_jpeg.rf.420d347c96fe7e543415b182000b32cd.jpg 64,0,277,322,3
Screenshot-2024-04-30-113722_png.rf.66c40c38ffd16c6d885a4ae9460eb4d5.jpg 17,4,366,405,2
4b3343dd-8805-4b5a-ac95-3b3eae2f6699_jpeg.rf.d8dbcfbf704423ef9a5dd76579366413.jpg 64,8,306,347,3
vlcsnap-2022-03-16-12h16m01s171_jpg.rf.f699211f5437d743b3de0c711bf9f441.jpg 0,0,215,416,5
4d8fa89e-1bad-4c66-86df-b98a5ac72626_jpeg.rf.1c95a8932f46189a0e03163fc851ce4a.jpg 218,148,302,366,1
vlcsnap-2022-03-16-16h45m33s600_jpg.rf.a47c361f80711413cff3d411c70fbb38.jpg 0,128,185,416,3
bus-201_jpg.rf.ee4947c9b87fae71e2f63aad592a2055.jpg 89,87,321,372,3
vlcsnap-2022-03-14-18h01m28s717_jpg.rf.091640b758338cbec418c26f96a692f3.jpg 0,76,202,416,2
Image_013266_jpg.rf.b41cc05c8f99565b1f27b188d955b47d.jpg 0,0,408,411,2
Screenshot-2024-04-11-110804_png.rf.f0bdc77bde7394c976d205abda3a893d.jpg 260,99,366,239,2
ambulance-313-_jpg.rf.b3662d204f613ed4f89a8eae49628ce4.jpg 120,106,337,279,4
Screenshot-2024-05-15-174742_png_jpg.rf.3d3557c2107a2de1a4c046c8dd3a41ce.jpg 113,165,287,305,2
HXGP3J6THA5F_jpg.rf.21958d60aa9cd01a9e5aa59e8818bd00.jpg 181,110,416,341,1 9,162,341,400,1
2020-jeep-gladiator-first-drive-1_jpg.rf.b8430d0deb3e04e5959c2f615c25c6b0.jpg 38,87,368,373,0
vlcsnap-00097-Copy-2-_jpg.rf.57cc98ff574ead322662269613b607f1.jpg 154,184,416,416,0
vlcsnap-2022-03-14-14h55m14s813_jpg.rf.f2df268bbef4af022cbbeeaf8e45cf34.jpg 0,67,206,416,5
6e4f43d2-d5c6-4651-9447-4e0ae0f54642_jpeg.rf.54a0dbc0bad0ef32ea76a293a29bfb41.jpg 48,0,286,321,3
vlcsnap-2022-03-15-09h43m44s791_jpg.rf.592f00818243e269d7ef193ca33b6237.jpg 0,2,210,415,5
image02212_jpg.rf.29f3c8a2276fa0820650f5cd1a0496c4.jpg 0,51,388,416,2
images-33-_jpeg.rf.63cb679bd6fcedbd2ae26b210a09e920.jpg 240,179,412,414,0 0,102,168,330,0
vlcsnap-2022-03-14-14h56m21s366_jpg.rf.2d418e185625ca479265e97b8ba82d3a.jpg 0,0,209,416,5
HPO8TZNSJ0JS_jpg.rf.3333b39ce8025d922c2f7b478626960c.jpg 54,0,416,317,1
vlcsnap-2022-03-14-18h04m21s583_jpg.rf.bf47a58b140f48868ac7cdd3c64f0a3a.jpg 0,101,201,416,2
Image_013281_jpg.rf.d675fdf97ac4895682594373a3403db3.jpg 30,47,351,343,2
bus-190-_jpg.rf.ee4c4300d9696b286541bcc979a12a30.jpg 2,12,208,309,3 236,131,261,206,3
00000146_jpg.rf.593476a24b310860e2b249474c8f9db9.jpg 135,0,366,190,5
269762090_3228772274075689_8292097716716107599_n_jpg.rf.8099d60ad6da813f49e8033bb800176e.jpg 33,50,377,369,3
541_jpg.rf.bb110afa9088ad9af4ffe4f57f26d8ca.jpg 173,52,376,416,1
543_jpg.rf.2f59e1fc43ef8b8171b47c513b76323f.jpg 110,94,251,371,1
540_jpg.rf.73d763e69de4e4a4b2c272d3c65aa8e3.jpg 146,73,393,416,1
OIP-4E1VmeddqWfIr68d1UncLwHaFc_jpg.rf.bdf93c29095a944ddc0c14a263301cb5.jpg 48,26,371,372,4
bus-196_jpg.rf.643623eda3c86e545e3002715cc865ae.jpg 135,48,295,316,3 284,186,329,297,3
j1_jpg.rf.1e7cd541736d00fc505d5998d483bfe5.jpg 141,119,384,368,2
vlcsnap-2022-03-14-08h29m32s290_jpg.rf.94deade6c40f771aa914b53c9c17605e.jpg 0,127,179,416,2
Screenshot-2024-05-15-174127_png_jpg.rf.81eac7ba301b0037cfc4d31819932a06.jpg 188,216,315,299,2
550_jpg.rf.fd53348c3fe86d4e166023ae92fad416.jpg 74,117,358,416,1
vlcsnap-2022-03-15-09h59m48s192_jpg.rf.e7115e9527e077bb3bd1524073e4c48a.jpg 0,0,202,416,5
vlcsnap-2022-03-14-18h10m31s197_jpg.rf.4f80efbfaf8295560c45309c150ae1df.jpg 0,85,202,416,2
48_jpg.rf.b1207f272ad6afe259a2da4bdf0e0001.jpg 16,102,414,353,0
ambulance-460-_jpg.rf.d0fa368c6e4770292a2c3282de22bee8.jpg 1,0,416,416,4
vlcsnap-2022-03-14-08h31m01s455_jpg.rf.5ef48dbe5580e7718e26eecfbef03436.jpg 0,144,177,416,2
ambulance-302-_jpg.rf.3f3471cb2d65db070a1a2b566eda7956.jpg 152,58,400,392,4 88,131,163,277,4
vlcsnap-2022-03-14-20h56m28s611_jpg.rf.ea10af09cceff6c07542102b31e711d3.jpg 0,0,210,416,5
427970845_3781909972046186_2511042446088012347_n_jpg.rf.4488c228dc972088e79602dca078325a.jpg 53,114,348,390,0
bus-179-_jpg.rf.062e15914a5c8dfe35a5a1e68ab9a059.jpg 204,58,413,307,3 168,147,209,251,3 146,165,182,237,3
IMG-20240212-WA0113_jpg.rf.d5fba6a9e94d8727e1643714d3587c87.jpg 39,261,325,408,0
images-2024-04-04T152002-139_jpg.rf.03eec393690e988efa90d190a0da0f33.jpg 12,18,393,400,2
vlcsnap-2022-03-14-08h30m39s894_jpg.rf.064935534fcba488e0a101b14254a098.jpg 0,234,172,416,0
OIP-2Cp8EgbIEEY-zbad21zsRAHaGw_jpg.rf.5ca2f9b021d9e0518424b5a7a23212e4.jpg 38,86,391,389,4
IMG-20240212-WA0282_jpg.rf.221d8510aa3dcbd22747b532356b7d9c.jpg 53,161,410,401,0
bus-183-_jpg.rf.d0e8ac3ae6a27bc9571e7a174d69782a.jpg 20,9,416,416,3
bus-186-_jpg.rf.2580e2f8dfb454ab9a2a104ac0c85643.jpg 159,72,288,321,3
Screenshot-2024-04-10-223054_png.rf.61fd62d8bf312222560f3a2357cf169d.jpg 159,110,259,249,2
ambulance-311-_jpg.rf.a3334bcbcfb91edd5f46ae471384ba32.jpg 9,27,405,404,4
vlcsnap-00100-Copy-2-_jpg.rf.78c47f498fbc427de65a63389b6fcc4a.jpg 175,219,416,416,0
vlcsnap-2022-03-14-08h33m02s467_jpg.rf.1a91b521634b9f8e8304d9c0c015296a.jpg 0,173,173,416,2
20210502_10_20_11_000_gzkBuPo3yjZoBEHQDILlKyP61By2_T_4160_3120_jpg.rf.88021d03ff65172b488bbe590b62a704.jpg 28,48,337,314,2
vlcsnap-00098-Copy-2-_jpg.rf.a46d4a0203dad1d78833e737fc7cfbaa.jpg 171,217,416,416,0
47_jpg.rf.1ed862a6f935249646ce296b16a14801.jpg 24,38,399,404,0
vlcsnap-2022-03-16-14h24m05s602_jpg.rf.dfef84b735e1bec8e8f2606e3659ce0b.jpg 0,0,204,416,5
LCV15_jpg.rf.c1433fbc46aef1b691978fd364ab7e9c.jpg 65,38,351,274,2
vlcsnap-2022-03-16-17h04m44s535_jpg.rf.ea58d3888b36a3417008e6e1b12b1069.jpg 0,129,204,416,3
bus-183-_jpg.rf.7c81b22a3ed12ae09a97512d9fdcb01b.jpg 20,9,416,416,3
ambulance-314-_jpg.rf.589c5d9dbbdac382565c94b6e3e2d4a5.jpg 294,131,416,315,4 155,177,259,235,4 88,183,139,221,4
01d67094-75fd-4575-b4b8-4f8f1b5ae44d_jpeg.rf.9cedf6c48aaadfa177d2287d5a5fb0c4.jpg 228,177,307,387,1
00000149_jpg.rf.958450b8a361cba067a1bd9434e68a9f.jpg 165,258,256,393,5
LCV4_jpg.rf.9b783fec1ca0428980bce79424282217.jpg 32,29,383,379,2
273011702_3257992884486961_7714010433744530534_n_jpg.rf.dbdb431fd324742b25eddd94f2acf33b.jpg 59,36,359,391,3 367,250,383,268,0
vlcsnap-2022-03-16-14h29m46s460_jpg.rf.9277a8cc1fa5981134b074859197b5d5.jpg 0,0,220,416,5
vlcsnap-2022-03-14-18h03m48s373_jpg.rf.a676cb61d7d718dd3d67af2b1c8d6b53.jpg 0,74,205,416,2
vlcsnap-2022-03-14-08h30m31s892_jpg.rf.3172afed4cab863c1ad91dd07dfbd4a1.jpg 0,246,163,416,0 151,192,207,266,0
bus-190-_jpg.rf.a1bcbb4c27875bb87ae72f40a769d52e.jpg 2,12,208,309,3 236,131,261,206,3
bus-200_jpg.rf.938c9781bdb101812a73856b2f6a7e55.jpg 146,52,371,400,3
ambulance-315-_jpg.rf.4089e28e6e4dfe46fd6d4e7d93fc8d46.jpg 4,131,119,291,4 101,130,205,298,4 220,131,294,298,4
Image_013224_jpg.rf.d6c4521008f47025c2a51bf82410bfac.jpg 81,64,320,306,2
vlcsnap-2022-03-14-15h06m38s334_jpg.rf.e6a3fc1b0097168a60be3c851574b885.jpg 0,0,207,416,5
Screenshot-2024-04-30-113740_png.rf.04549f96d87fb2c441ee6f5ae20d1f06.jpg 13,1,416,406,3
Screenshot-2024-05-15-174030_png_jpg.rf.dc923907ffeda330f9e6d63ec937c80c.jpg 184,202,360,329,2
vlcsnap-2022-03-15-09h59m00s410_jpg.rf.3a276e7e38638aec62694abe5f67c34b.jpg 0,0,200,416,5
photo_2024-02-12_19-48-32_jpg.rf.b4c0270ddf482efbd03e933784a7689a.jpg 2,109,322,389,0
CCH3KSB7MQPQ_jpg.rf.ba73b4add625647ffe4c8597c1ac3b46.jpg 19,5,416,416,1
image01073_jpg.rf.36f52080afc3c8eed406b3e047b0d0e7.jpg 21,22,397,397,2
1bbfdc51-e8a0-402f-aaa6-cbce32afbdef_jpeg.rf.1fc4e9e5c10aa0e62c94a2dba0433231.jpg 144,27,308,334,0
02b91326-2511-4577-b1d2-b6c44d898e6c_jpeg.rf.33e106468d7db4f713ec9e6373537424.jpg 53,41,221,351,0
Cutting-Sticker-gambar-printing-Truk-1_jpg.rf.3b2269b7917bc8fdd6b60345637b1f21.jpg 0,5,414,324,2
1011STC86711_jpg.rf.7484eed861c1e62a37d2e02187346aea.jpg 43,176,375,416,1
images-196-_jpeg.rf.698132aed3b8359ba978b1847132689c.jpg 45,0,319,405,0
01b822b8-7ad9-4a3a-9264-d774c458d8e0_jpeg.rf.45edc581cf2b0da1cfb58df7f9393f7a.jpg 175,29,324,325,0
00000003-2-_jpg.rf.a5eafdd811dc4d5f5926048f9703b48e.jpg 79,87,407,414,5
image01100_jpg.rf.a3ff737e16abf405a5c42b13ff490a66.jpg 44,37,334,363,2
ambulance-151-_jpg.rf.ae0d782fc217bb108cf190cbc2e67a2e.jpg 22,80,209,404,4 210,130,321,348,4 313,149,371,321,4 365,161,416,293,4 1,105,48,334,4
-e38a6febcc_jpg.rf.2f6b74a0fa61f829d76d82070a4822b7.jpg 30,17,396,300,2
01e025ae-9d13-4bfa-bcb5-b94188b0b3d4_jpeg.rf.560df08b2295826e4da17ed421dff83f.jpg 88,57,245,359,0
01d48373-24c9-4f2b-b6ea-6d878f15af67_jpeg.rf.ec1380b175e877c6c0f77ed6b236e65b.jpg 62,4,295,414,5
vlcsnap-2022-03-13-20h38m25s468_jpg.rf.4f15fa4929efdadb38a421a849daef55.jpg 0,71,205,416,5
1bf13221-d794-44b3-ae71-cb1a7ae5f28f_jpeg.rf.aaf6c3186eb25e667e5c1fd9da483f11.jpg 129,57,288,356,0
Screenshot-2024-04-30-112913_png.rf.3eb17f3e71c5bb7bc5ae4c904535ce07.jpg 34,0,401,326,2
vlcsnap-2022-03-13-20h22m41s236_jpg.rf.488735d3c7fa134cf2a45365c18dd279.jpg 0,235,172,416,0 161,188,208,266,0
bus-171_jpg.rf.b3da810d0ac905d399832e7b0e1930a5.jpg 118,51,318,369,3 346,207,408,311,3
2a879254-d30b-4ec2-a4f5-5fc7b771dcc9_jpeg.rf.e66f782062b690ac2385b18e2c54fb3f.jpg 90,0,314,325,3
vlcsnap-2022-03-14-10h56m17s760_jpg.rf.8c05d8cb215e334a053f6ca39c4fccda.jpg 0,65,207,416,5
028eb173-407f-4085-82c1-f295a2e1307d_jpeg.rf.a556faeb89aeed74785b665446ab2da8.jpg 88,2,289,323,5
getloader2_png.rf.2ffee24cfa9c00e73104060b3ce6b4bc.jpg 23,6,411,400,5
1O10SBDET9N7_jpg.rf.31f961c6e9f59fd872ccce3f150b706a.jpg 124,95,344,351,1
LPC-07_DTP-2_DTP-2_20240310170937_20240310181125_2_1G_mp4-0079_jpg.rf.a836a91dd72880fbfc3109306087f7d4.jpg 131,183,142,228,1
images-29-_jpeg_jpg.rf.1c3e569896b43b0080f0ba037b444450.jpg 41,105,343,359,0
images-33-_jpeg_jpg.rf.be22e9558ed1c492858a6329e4976004.jpg 24,6,416,362,0
1be5c1ce-7088-44a9-adbf-a8f675e0b269_jpeg.rf.64e6335fe4ed116a8cbb7064492a143d.jpg 85,3,256,333,0
vlcsnap-2022-03-13-20h28m51s581_jpg.rf.f4a9fdee09c08295f43e9729986f1a81.jpg 0,71,205,416,5
bus-112-_jpg.rf.20d73040d601dff47fdea12af9e03b8b.jpg 227,109,392,343,3 133,146,227,313,3 75,177,134,299,3 42,185,82,279,3
01c149d6-44b2-454e-86b6-6a6538f58d0d_jpeg.rf.286fa082128656c16c995cbe55929a43.jpg 68,1,279,347,0
vlcsnap-2022-03-13-21h28m33s487_jpg.rf.d48735bcde576cfeecbb7b0c91edc08d.jpg 0,69,204,415,2
bus-111-_jpg.rf.6bc9e61a7affdc6ff6643a614a648049.jpg 23,214,193,375,3 193,225,259,363,3 256,236,305,349,3 306,244,343,336,3 344,255,373,331,3
ambulance-57-_jpg.rf.9b8829dac3c86fa3d6271006406450c6.jpg 0,0,341,416,4
Screenshot-2024-05-30-123625_png.rf.f369794962976c1a3effa0aa0616f9a4.jpg 55,0,281,217,3
vlcsnap-2022-03-15-14h37m41s935_jpg.rf.734acf788f2d47c8cdfa91d7217864b7.jpg 0,1,213,416,5
vlcsnap-2022-03-14-14h04m47s619_jpg.rf.3e8348bff0da8f4af3fd50345b6ebd44.jpg 0,112,208,416,3
01bfa8ec-8a5f-4348-8d70-2c59e8f581b1_jpeg.rf.c3defad9224c623c64e8a2b982c1f7d1.jpg 81,0,263,310,0
01c06ebe-bd25-424c-8022-97a1d1077ada_jpeg.rf.cb50cf5f1f0237984433ab06ccc7c05f.jpg 125,1,321,333,0
LPC-07_DTP-2_DTP-2_20240310170937_20240310181125_2_1G_mp4-0004_jpg.rf.794df32f2790a771cfc6b71dfb013cb9.jpg 136,0,416,416,3
vlcsnap-2022-03-13-23h08m40s198_jpg.rf.579a24acec22fc8ac98e7872bc71279d.jpg 0,0,211,416,5
2-wheeler-driving-on-streets_13_jpeg.rf.890db6477a6165c5c18f7c80dd12d552.jpg 260,209,343,333,1
1a7b534e-b3c6-4247-aa38-18ff5eec9a29_jpeg.rf.488886806bb29569a8541899f18d3c79.jpg 235,139,317,345,1
vlcsnap-2022-03-13-20h23m08s626_jpg.rf.f1bb887ed660f54b17d2984b804278ea.jpg 0,222,176,416,0
2af77502-f5b0-4b0c-b164-8096af152f56_jpeg.rf.5ee611ac26b09d6449937a01b71bf56e.jpg 152,167,222,335,1
01a97870-7faf-4ce4-97dd-ecaaad4cf931_jpeg.rf.24b57dc62a467e9a9d0ab9d96cf3d548.jpg 77,1,286,308,5
002998700_1416392386-SHDX_1_jpg.rf.085bddddb1c3c5d41b3e1cd09164302e.jpg 20,23,398,403,2
01ef71ce-9908-480e-ae41-29644797a78c_jpeg.rf.4f6ee6707f64de64849949e27b8ad96e.jpg 101,1,256,346,2
bus-106_jpg.rf.670977774f1a4678a503a2704d53a966.jpg 89,8,370,383,3
images-32-_jpeg_jpg.rf.ea5057fc1fa7b3ce6c53b7650db41732.jpg 60,27,308,357,0
2008-Jeep-EV_Concept_pictures_3_jpg.rf.c0a35f89ec01a46ee1acddf2ab9a77ad.jpg 29,141,389,376,0
3_jpg.rf.f3a42316fd04d929bc359f4dbac685b2.jpg 87,139,324,324,0
01a85243-921c-46d9-84fd-6929bc8ef30a_jpeg.rf.17923aa20be01d0bfe8ca4d66ac54681.jpg 64,39,231,354,0
015b8c52-9940-4ac8-bd72-97e628e99273_jpeg.rf.b0c0b5fb90eb77adb8c7df89ff22ce13.jpg 39,1,251,324,5
0a79cb20-9056-4184-b7f0-8312ee5e326b_jpeg.rf.5bf94552316b59f56623b840e8361c5a.jpg 59,0,321,297,3
vlcsnap-2022-03-13-21h35m01s671_jpg.rf.7242574b9f42f280c745a8726657a390.jpg 0,112,191,416,2
ambulance-51-_jpg.rf.3662aeb3dd690f4979523cc0bd2440e9.jpg 184,91,382,406,4
vlcsnap-2022-03-13-21h34m06s515_jpg.rf.fb93537efc93549c48be039c2327106d.jpg 0,71,203,416,2
vlcsnap-2022-03-13-23h12m22s008_jpg.rf.66edb273926a670a18947abb2f1d428e.jpg 0,0,217,416,5
vlcsnap-2022-03-13-23h03m21s429_jpg.rf.0f16c0ead364febea09c784fb244e0ab.jpg 0,0,208,416,5
01a7292c-c87c-4794-b163-698ffd562eb9_jpeg.rf.671c126aab2eb4de0b08e80cc1b0effa.jpg 140,11,297,325,0
Screenshot-2024-04-30-173055_png.rf.817adafc9220b265ba759fdc462e62ff.jpg 0,0,416,416,2
vlcsnap-2022-03-14-11h00m36s986_jpg.rf.681fbb1f45183f506815f732f8d22218.jpg 0,0,208,416,5
ambulance-69-_jpg.rf.97df8c66413a5bab11e38736ebaf84f7.jpg 1,123,110,252,4 104,92,215,255,4 245,86,359,263,4
ambulance-93-_jpg.rf.1726d511913751135690ac94d10b33bd.jpg 257,12,416,416,4 173,52,278,369,4 111,88,189,321,4 52,124,113,277,4 29,132,63,261,4 11,148,31,257,4
bus-133-_jpg.rf.76b1925b804085fa72b0cad8a1a123c5.jpg 60,79,210,331,3 340,127,416,295,3 200,135,257,279,3
bus-108_jpg.rf.199b779f08f3f7fc46798b4935f466a1.jpg 206,44,333,287,3 37,145,121,247,3
01faf935-f1c6-4a61-bf67-590d3cbd5c9f_jpeg.rf.69d724a49f1113c85f36d47cb6cf7d60.jpg 110,1,319,330,5
5a427df0-3752-45c9-b851-cf44baad1585_jpeg.rf.32c4dc70653c95521ef75535512d33a3.jpg 34,0,284,293,3
4ecbc5fc-27c6-4602-9b5f-58cd632244cf_jpeg.rf.4ea19f23c339766bde0cde6ddb2defd7.jpg 278,158,358,383,1
Screenshot-2024-04-29-155611_png.rf.b629412dc28eb349386cd982628818f5.jpg 11,0,415,394,0
vlcsnap-2022-03-14-16h34m43s558_jpg.rf.56acf1be8a1eef8695000a14f4f2bd7b.jpg 0,0,203,416,5
1bddb078-d3d9-4689-b2a8-c9af0927da3f_jpeg.rf.d44568319dedc6914d513f8175b197ec.jpg 168,32,346,368,0
vlcsnap-2022-03-14-13h24m55s558_jpg.rf.757e14ef4c1e6f1184167d4f2a14c06a.jpg 0,182,170,416,2
vlcsnap-00005-Copy-2-_jpg.rf.8759eadb4befcc3db802ea8859b7f781.jpg 165,237,416,416,0
vlcsnap-2022-03-13-23h19m32s871_jpg.rf.ef75b1b857c82e2b5fe2d91af0ee4b0c.jpg 0,257,158,416,0
20080305-103555-1_jpg.rf.40dc4d2cd248d858331a8aa1a62f7c56.jpg 30,15,383,411,0
1bcfbec9-4ce8-42fd-9b12-d75091bf3982_jpeg.rf.c9785813c58ac255e9abef04190b7a6d.jpg 102,61,262,355,0
vlcsnap-00067-Copy-2-_jpg.rf.252dcc0ef98574dd12ebff8af5a6b347.jpg 96,0,416,416,5
vlcsnap-2022-03-13-23h33m20s408_jpg.rf.3446218f0fd541a65cd619034eb23f22.jpg 0,0,211,416,5
02cb05df-91af-443c-be73-00c7d50df2ff_jpeg.rf.1242e48d8f80a514603924ebc236d0b2.jpg 160,1,305,295,2
vlcsnap-2022-03-13-21h03m08s217_jpg.rf.211b94075f33eeaeeb0acb12071924ff.jpg 0,69,205,416,5
vlcsnap-2022-03-13-20h51m25s219_jpg.rf.593ac12778b36b78d72f7b20811e79b9.jpg 0,0,214,416,5
Cutting-Sticker-full-Truk-Canter-Var_jpg.rf.f9c3b09ce2bd9e7074a256679dac242c.jpg 0,49,416,368,2
02a911f2-5bc1-4469-8c69-2c2ca3d6d83d_jpeg.rf.28dc1f3491624dc323d1a1c992a81dea.jpg 122,1,356,383,5
bus-115-_jpg.rf.d3fbd72298788ae233a0f44f3eaebf5a.jpg 83,69,253,269,3
0cf77885-e618-4580-99e0-be3f182df21b_jpeg.rf.f8bbae9058fd9d70446aa89fec37bd63.jpg 120,1,363,298,3
00000004-2-_jpg.rf.20d9edb7a7e56f30d9ed8fd71017bdf6.jpg 61,58,344,415,5
IMG-20240212-WA0263_jpg.rf.98a13dee0b423fbfd141e73a81a1ad9b.jpg 12,81,405,405,0
images-39-_jpeg_jpg.rf.82b26918e75217207bd55b136554382a.jpg 74,84,334,373,0
00000005_jpg.rf.f87067a1e16f3d05f69243b0ba3384d4.jpg 9,87,253,353,5
02a8db97-24ce-4333-b459-d6d94634bff9_jpeg.rf.ab93d86c4e205a232767232e8cecdd3e.jpg 101,0,341,331,5
images-38-_jpeg_jpg.rf.d720a671cee0d1c5b09a0b55d7789b9a.jpg 79,26,374,367,0
00000005-2-_jpg.rf.09e6f46aa406ccbbdc4d953feeff8605.jpg 102,32,386,390,5
bicycle-305-_jpg.rf.e67ea0c5cd297c67309bbd152e577ef2.jpg 142,247,207,384,1 244,244,296,387,1 348,230,403,379,1
vlcsnap-2022-03-13-23h32m07s973_jpg.rf.fd71dce1aa76b86909388658909398db.jpg 0,1,202,416,5
bus-172_jpg.rf.608e2ba3ce711765c04f9961d94d58a5.jpg 7,36,414,331,3
5a_PNG_jpg.rf.5605c7e7880861cb6b401c5bdc53ed25.jpg 239,164,391,376,2
020b6c94-f8b6-4b00-bb57-aeb7c1204a26_jpeg.rf.17fc4b539a0e00cbcaa22cf702892092.jpg 103,1,303,355,5
01fbcbeb-4e2a-4de2-80c0-fa4ecf9399cc_jpeg.rf.a51349a1eccd796fd10552bd3bb6728a.jpg 92,0,264,313,0
ambulance-187-_jpg.rf.26af6b2021ab4f0c7fd662d884b8a151.jpg 22,42,371,353,4
01ad9405-8236-4bae-a75b-b6be17043f64_jpeg.rf.7cf1609add6be5330183c42c5fd497e6.jpg 87,1,298,342,2
vlcsnap-2022-03-14-14h04m26s840_jpg.rf.b3c4d4d49b82095e0ff27d26b7102431.jpg 0,67,204,416,2
IMG_20240130_211707_jpg.rf.fa12e6d748460f4aed6a94aabb1853d6.jpg 0,105,315,325,4
2-wheeler-driving-on-streets_16_jpeg.rf.0b28c26ac04ecf4aed7a38031b5f357a.jpg 108,226,344,414,1
Cutting-Sticker-Truck-Canter-Hijau-T-1_jpg.rf.5e2085d8b221829c59bb3873169a4dad.jpg 80,46,399,364,2
ambulance-102-_jpg.rf.4a7633ffdd02b74ff68fe310f242b66a.jpg 56,29,402,372,4
02b97c70-5a78-4713-ad15-540ea9479dcf_jpeg.rf.b1e63cb2cd0f4ce7f4318b96b769f97c.jpg 64,102,216,355,0
03d5de62-f8f4-47cf-ad02-f85eb0327879_jpeg.rf.4db69830ef31b863d1f30e8d24f58503.jpg 140,146,208,344,1
ambulance-159-_jpg.rf.0ddfd185796ae493a51f275adc11d451.jpg 167,25,327,321,4 88,94,212,283,4 43,121,124,235,4
2008-Jeep-EV_Concept_pictures_4_jpg.rf.6d44040be70e2892386f8f68592ed752.jpg 51,115,374,358,0
DSC_0379-JPG_jpg.rf.41c3ac7826490e173e21ef722e73314b.jpg 20,36,406,370,5
1bf5c44a-4fb5-44a2-b423-8d575c2c02e4_jpeg.rf.46c04150af3abf2e548d744b4687467a.jpg 69,32,238,353,0
Screenshot-2024-05-30-125630_png.rf.2810c3d27ee948cb1e1cfa9090e6098c.jpg 43,3,319,325,2
CCE_Tomahawk_11-8-12_Equip-Photo7_large_jpg.rf.b9e0553b07fdf4d757c38841101aae04.jpg 11,77,398,369,5
images-4-_jpeg_jpg.rf.522e35700fdbdc5f89a099940b86ee8c.jpg 35,2,392,372,0
vlcsnap-2022-03-14-11h03m33s973_jpg.rf.a84f325fe5e85d3e8c05c70fd7ae5692.jpg 0,55,212,416,5
1faf7bf2-e580-41f3-80fc-cb06d44b1d86_jpeg.rf.34fe70700dd54a178b70ed443f4eb57f.jpg 201,140,296,367,1
1bf91e68-0eb2-4df4-806a-5dfe587b325a_jpeg.rf.90fd3e535c7596e647da986bf0b4cb28.jpg 222,85,375,374,0
vlcsnap-2022-03-13-23h24m30s778_jpg.rf.ecd530769f05ecd0703c5fffac34fa8e.jpg 0,242,163,416,0 160,200,203,274,0
Cutting-Sticker-gambar-printing-Truk_jpg.rf.0902214f6e8d981cd43ab24ebb1161ed.jpg 0,7,415,330,2
32_jpg.rf.020eb4bfa63fb0336d413e6c88a713f1.jpg 9,39,413,376,0
1bf21fca-fde7-4e41-8080-09384b3d1d82_jpeg.rf.37c21151d9ac47f3f0130290afc171a9.jpg 143,41,324,376,0
vlcsnap-2022-03-13-23h22m14s517_jpg.rf.6495616a42b11c4d945d57cc9ee4a88c.jpg 0,217,166,416,0
bus-137-_jpg.rf.18d6307a49b5af7e214ae64b5a0b7620.jpg 256,104,344,346,3
GEHL-Z17-COMPACT-EXCAVATOR-FOR-RENT_png.rf.7d187491e0a9a7cfeefc5ae057c06c1b.jpg 30,12,413,391,5
013877-1-lg_jpg.rf.14606896d0088f1393a6d2961371bdd2.jpg 32,56,286,363,2
1c2a0131-fddd-4337-bcc1-b2fac6d56cf2_jpeg.rf.6b33ee22791bd26c4606ebe1b764f252.jpg 71,1,243,345,0
5cb69c9a-d4ba-4fa1-9579-b6fb5035ead6_jpeg.rf.c272cc403bbedc51fd0257ff1c7df7e9.jpg 74,0,329,325,3
vlcsnap-2022-03-14-16h36m19s564_jpg.rf.5751b3f3851171bcdd125dc5c9f88b39.jpg 0,0,207,416,5
1c1853f3-af1c-458a-af61-ccfc53ead568_jpeg.rf.eeed4c68529545c1282d9f5a10dda720.jpg 93,0,302,304,5
bicycle-309-_jpg.rf.ad188b70776de13de93bcda2b19ddf24.jpg 154,181,276,370,1
02a22f1b-4043-4de7-bfeb-eccfa6e29de7_jpeg.rf.2aa8ac54281607614bc23dabfc8c607e.jpg 78,0,296,335,2
vlcsnap-2022-03-16-11h43m47s062_jpg.rf.c9e6a5b8d4069a7742483c8fdcac51af.jpg 0,61,210,416,3
vlcsnap-2022-03-15-16h03m03s011_jpg.rf.b62121ac38085781aeb96fb32ac465aa.jpg 0,0,211,416,5
LCV17_jpg.rf.d484e66a212f9e2ae8815078c01d9e65.jpg 8,5,415,276,2
ambulance-160-_jpg.rf.f49d2563775506e5fa90eca2604ab551.jpg 0,65,386,415,4
2009-Jeep-Liberty-Sport-1J8GN28K39W5-1_jpg.rf.c7cb56b77a66154f171da5f444ad0e0a.jpg 12,31,395,287,0 0,33,109,124,0
ambulance-156-_jpg.rf.9014e20b362b9503bc5b87779e5b3c5d.jpg 127,92,348,334,4
1c3a2483-c953-44f7-8dc1-760c1f1f6ee6_jpeg.rf.51cfb70b6ff7195d44eab07fc17144ee.jpg 127,88,273,370,0
vlcsnap-2022-03-15-17h11m54s466_jpg.rf.6763a92bde87783a62989bdd0bf669bb.jpg 0,0,206,416,5
bicycle-307-_jpg.rf.1d82e0f67d6ba0a1c77ea5f34b9a1ab5.jpg 100,240,223,416,1
00000096_jpg.rf.b1aaf982b01ec0fa517c0cb2e9daeb46.jpg 122,137,315,283,5
1c183ab7-7353-409e-8e99-e8c98486be88_jpeg.rf.6e76f9aa091bfe607cc863a00e276079.jpg 53,22,230,355,0
m3_jpeg.rf.8326346171fbe1d5390e71d67a889e2c.jpg 10,0,339,416,2
images-45-_jpeg_jpg.rf.6b4394ccc9523598c390565302f50243.jpg 19,63,416,352,0
CJW33S7LW0F2_jpg.rf.c908acdea0618b55d01d313e746f2b70.jpg 49,31,368,408,1
2009_Jeep_Wrangler_Unlimited_EV_car-2_jpg.rf.d097b21ac3e47621a4e7eff462de9a1c.jpg 24,124,370,314,0
1c2af2be-48ea-4182-b5c6-a664b90ce4c0_jpeg.rf.d51d85d694818897d7726e6482451ddd.jpg 140,2,322,317,0
bus-137-_jpg.rf.d4a1107e7ef33844edea7c39b2f8f3c7.jpg 256,104,344,346,3
1c195d61-f5a9-4343-ab98-ac13fe571344_jpeg.rf.6fd47bb0b405f5546ae8cbbc57e7c5da.jpg 119,48,274,329,0
vlcsnap-2022-03-14-11h05m00s570_jpg.rf.3ee8302d2aaf93b5f53b934f4c1dedf0.jpg 0,0,213,416,5
1c3347c4-4c7f-4d49-8412-b63dce05c373_jpeg.rf.f2ccecc9b06669ebc6ef78bc15f52f54.jpg 92,62,252,351,0
00000097_jpg.rf.46ca4e77459eb8703276bba08d16fb22.jpg 91,114,377,284,5 1,98,100,271,5
vlcsnap-2022-03-15-16h14m54s079_jpg.rf.9d887efe59262eebc1541da4b002d7fd.jpg 0,0,200,416,5
bicycle-310-_jpg.rf.12c169ec80165ee58fb4b2aed6d1233b.jpg 98,195,255,364,1 291,180,351,345,1 34,189,116,329,1 141,175,271,321,1 228,160,312,248,1
2009_Jeep_Wrangler_Unlimited_EV_car-_jpg.rf.5c14ec477fd551d25f0d442874c1c1f7.jpg 38,72,388,351,0
2009-Jeep-Liberty-Sport-1J8GN28K39W5_jpg.rf.cd1f6944b234bc370d19c933d09ed711.jpg 28,48,377,306,0 288,44,410,169,0
6a12515f-e387-4e85-ae2b-9bc912ed12aa_jpeg.rf.c99b2659ce3fcf9e0e27652ae4860cb6.jpg 242,155,321,357,1
image2_jpeg.rf.b2cc6659596882718598d8f8c8f50d2c.jpg 53,39,387,409,4
ambulance-200-_jpg.rf.7e9e5ea35e1154e6742eb7e8cc835118.jpg 145,127,279,379,4
vlcsnap-00305-Copy-2-_jpg.rf.57b6e23995641c795a66ec0f22e1d85a.jpg 97,0,416,416,3
1c473fe9-4d06-4715-bb93-9fb0903fb71a_jpeg.rf.3e3267e7c9a9b1bdc57702a97be69d7a.jpg 99,2,273,291,0
cutting-sticker-truck-canter-kombina_jpg.rf.398928e5ff9474695a3ab0451af29e31.jpg 21,29,380,387,2
image02281_jpg.rf.5fd1cc32bfa6a7daa59f997ea03f8a31.jpg 0,13,367,382,2
1c13cd03-61c5-4490-b940-39c2a25861db_jpeg.rf.a10202534b7f9020229ab1c2d609782a.jpg 96,4,297,332,5
IMG-20240212-WA0111_jpg.rf.09565eb458ce9c2f2996cd1dabda1e90.jpg 75,229,314,363,0
Screenshot-2024-05-30-125637_png.rf.fecc11e6d0aaed1c7a0238eedcf13d4d.jpg 66,0,416,416,2
vlcsnap-00304-Copy-2-_jpg.rf.252c5bf3b88fc6839a3c7833638c7c60.jpg 149,195,416,415,0
image3_jpeg.rf.f734b03ee60a23304e7f799380904162.jpg 0,0,414,386,4
vlcsnap-00307-Copy-2-_jpg.rf.cda309c5d6645e472225a0ab7be74243.jpg 138,171,416,416,0
1c2f846a-1262-4682-ac99-6161df9fe0c9_jpeg.rf.bb7f13ae7a3423e09d1e1a378510c974.jpg 101,3,295,306,0
Cutting-Sticker-Truck-Canter-Kuning-1_jpg.rf.c8982967ece3d1487c1ce779756dfe68.jpg 0,26,415,409,2
vlcsnap-2022-03-14-14h12m23s457_jpg.rf.5175f62dc879a7b10219a841d477a979.jpg 0,129,187,415,2
1bffcb17-ea3a-4b31-a1ce-8efe4cc4fdac_jpeg.rf.831e5d657abe8e1eced9c3fcc561ad5d.jpg 100,73,252,356,0
bicycle-31-_jpg.rf.a7e3a2fb8fd83a90fcd2421b98468aa9.jpg 174,213,385,414,1 229,194,415,390,1 322,116,383,290,1 285,117,325,251,1 96,151,129,284,1 144,153,168,283,1 57,138,74,248,1 40,137,58,245,1 26,127,42,231,1 82,129,97,261,1
vlcsnap-00306-Copy-2-_jpg.rf.d39e0930ef4bc2918d21240977983573.jpg 149,171,416,416,2
bicycle-311-_jpg.rf.2a5e3153bda766a41781bccab4b12851.jpg 318,170,364,334,1 264,149,324,280,1 231,146,279,243,1 197,121,235,216,1
1c2eae72-901f-491d-aa7d-8f2b1043f50f_jpeg.rf.e3b2d6bb6734e05c755535b9b678fb7a.jpg 127,1,315,334,0
vlcsnap-2022-03-14-11h05m24s378_jpg.rf.cb5408d84a0261d5798ed6859a4ca627.jpg 0,68,206,416,5
vlcsnap-00311-Copy-2-_jpg.rf.c03369737c86fb66ced02fa29b0ec2c0.jpg 144,188,416,416,0
images-44-_jpeg_jpg.rf.98e2d46eeed511818f887727ddccd7c7.jpg 47,43,415,397,0
vlcsnap-00309-Copy-2-_jpg.rf.723e3df4a6ca97fa9bfdec45b4f49869.jpg 141,103,416,416,2
Screenshot-2024-04-30-112928_png.rf.b5184c3cdaaeac65a78ddeb2f70f284c.jpg 13,0,408,303,3
vlcsnap-00303-Copy-2-_jpg.rf.f56eb720a8e2cad6ed642c558dd5b7ea.jpg 145,38,416,415,2
vlcsnap-00352-Copy-2-_jpg.rf.4e4c6713c089677d6f6a4bffde1189be.jpg 156,251,415,416,0
1c1c1e80-c97f-4810-aade-6d9a4d567c2a_jpeg.rf.8d4e565f57de50dab02cc5b8932f24a9.jpg 35,0,259,312,5
1c40fc4e-8c06-4886-a37f-61a2007a2cfa_jpeg.rf.d2a137eaa3d568ea8f2df83007b54385.jpg 130,2,314,358,0
vlcsnap-00310-Copy-2-_jpg.rf.d6efade13fd49f892e1580117aeb54a3.jpg 140,183,416,416,0
vlcsnap-2022-03-13-23h25m36s003_jpg.rf.0ba874193d2c5dbc1b9be3de41d56266.jpg 0,157,170,416,2
vlcsnap-00381-Copy-2-_jpg.rf.9f6966e672c26ca6fc14afa5077db193.jpg 101,0,416,416,3
2017-09-11-15_44_23-Force-Motors-LTD-Traveller-Shaktiman-31_jpg.rf.501599f8f879944e43ba37036c27bb6d.jpg 14,18,398,398,2
1c3c760f-088b-42e9-af67-046368cd5698_jpeg.rf.d2dee9a31749e5f7a13e09d6d39d326b.jpg 114,18,259,332,0
vlcsnap-00384-Copy-2-_jpg.rf.d9610d267a23034a2aa4e311160e1afd.jpg 99,0,416,416,3
vlcsnap-00339-Copy-2-_jpg.rf.3e3a89e2eabb27840bdf5c5603956245.jpg 99,0,416,416,3
vlcsnap-00386-Copy-2-_jpg.rf.fb3a2a1c828903f04cb49838906847e2.jpg 172,197,416,416,0
vlcsnap-00302-Copy-2-_jpg.rf.897afee1548dd897a52571d8532b9502.jpg 195,218,416,416,0 106,111,190,285,2
vlcsnap-2022-03-14-14h13m55s008_jpg.rf.7be3ed16e9a1d641934d2704974fd8b8.jpg 0,96,204,416,2
bus-173_jpg.rf.652b16c6524aa34cb9238b008ad98a85.jpg 2,121,303,366,3
vlcsnap-00390-Copy-2-_jpg.rf.98570d5dc52ded3b93fa8c60557bc1bd.jpg 98,1,416,416,3
vlcsnap-00336-Copy-2-_jpg.rf.4aa1f2e78db7c3bf7df00c08fc6d9c6f.jpg 122,127,416,416,0
vlcsnap-00320-Copy-2-_jpg.rf.e2b992ac8470c13d2a417fe0338dc408.jpg 163,216,416,412,0
1c442368-090a-4fab-9696-01b85ee6a730_jpeg.rf.31ae1c875e74557c4b2cd82b75782e55.jpg 152,14,318,325,0
vlcsnap-00069-Copy-2-_jpg.rf.bc8d76d3a2884e9d8c18ad3420b05cce.jpg 98,0,416,416,3
vlcsnap-00387-Copy-2-_jpg.rf.34999ce67c17a0ef7e001dab9eeeac11.jpg 97,0,416,416,3
vlcsnap-00327-Copy-2-_jpg.rf.787b18d01e05dd05d1b40b3a1492d565.jpg 177,210,416,416,0 99,169,158,256,0
Grove-GMK5250L-Turbo-retarder-clutch-VIAB-00205_jpg.rf.42821a93d84d418e086cfb64f356c786.jpg 150,25,275,281,5
vlcsnap-00317-Copy-2-_jpg.rf.b9e3acb388808030238add968e64b939.jpg 109,1,416,416,5
2009_Jeep_Wrangler_Unlimited_EV_car-1_jpg.rf.e2f29da7f8e660988c9bc9a8fdcfb3fc.jpg 41,141,384,372,0
vlcsnap-00383-Copy-2-_jpg.rf.e327b857cd3ca126e751665e5995711d.jpg 99,0,416,416,3
vlcsnap-00388-Copy-2-_jpg.rf.86aee3902fab9865ec24ca6af25e3647.jpg 107,0,416,378,5
vlcsnap-00328-Copy-2-_jpg.rf.cf273181e3a632b4f5c4d8e2f7ed1d05.jpg 179,233,416,416,0
vlcsnap-00385-Copy-2-_jpg.rf.5a01d0ac9232f79e65d57787e0c004e0.jpg 103,7,416,416,5
vlcsnap-00389-Copy-2-_jpg.rf.db104183da77bbddb1ed2eeafb3d79a2.jpg 110,59,416,416,2
vlcsnap-00401-Copy-2-_jpg.rf.e709675bbf1ec28c10a66c1bcc63d0e2.jpg 147,183,416,415,0
vlcsnap-00335-Copy-2-_jpg.rf.8edb68f161cf897e55cb8401547b5053.jpg 145,157,416,416,2
00000098-2-_jpg.rf.e81cdbb44b4426963ba42005348d1931.jpg 143,67,253,272,5
ambulance-341-_jpg.rf.18d158e1de55a0d82c8b98f445120085.jpg 1,1,416,391,4
687_jpg.rf.259f89c53589bf0e1b046dc7ecd79af9.jpg 98,135,337,379,1
vlcsnap-00342-Copy-2-_jpg.rf.458f082fd0faafc6a9f313907aca6643.jpg 171,209,416,416,0
vlcsnap-00318-Copy-2-_jpg.rf.33eb33991fba66847d540748d3b64a49.jpg 97,0,416,416,3
vlcsnap-00314-Copy-2-_jpg.rf.d09c6ab505572217e4964805b117328a.jpg 145,227,416,416,0
vlcsnap-00337-Copy-2-_jpg.rf.5c9b4bb0ca4cbde92647eb1e9ab5efb7.jpg 164,241,416,416,0 105,147,160,240,7
vlcsnap-00403-Copy-2-_jpg.rf.d5197cc746d90a157c4f9e2f13dd7a4a.jpg 162,239,416,416,0 97,160,158,254,0
vlcsnap-00323-Copy-2-_jpg.rf.a9edff52b2b9f6cd755ba8d6b41ea151.jpg 134,104,416,416,2
vlcsnap-00343-Copy-2-_jpg.rf.c0bbd20a80f162e0b467f9eb17abb88d.jpg 105,1,416,415,5
vlcsnap-00402-Copy-2-_jpg.rf.8779b9a992f045f29ef2184a6b678690.jpg 120,0,416,416,5
vlcsnap-00354-Copy-2-_jpg.rf.25d737a8506562366e6900af38ec25b4.jpg 167,213,416,416,0
vlcsnap-00325-Copy-2-_jpg.rf.e48cbb41bee8cf32a357d5bcd21c70ae.jpg 165,268,382,416,0
vlcsnap-00353-Copy-2-_jpg.rf.81f34b7d2ff9396942e5aa2fb7dc0114.jpg 112,88,416,416,2
vlcsnap-00348-Copy-2-_jpg.rf.e1371aa8c501283ca0abdc8c62b4e8a2.jpg 162,198,416,416,0
vlcsnap-00359-Copy-2-_jpg.rf.1e820897a27084e6e172a0257c97b9df.jpg 169,194,416,416,0
vlcsnap-00370-Copy-2-_jpg.rf.c10bab9b1ccb37e05a06d78ded8e4867.jpg 110,0,416,408,5
vlcsnap-00344-Copy-2-_jpg.rf.843ec7b33cea861ab754824a2901a7f3.jpg 165,173,416,416,0 99,92,180,247,5
vlcsnap-00421-Copy-2-_jpg.rf.7c4b34d76a0724de98c7ed980a8b0c0b.jpg 164,222,416,416,0 211,157,282,234,6 98,149,146,236,0
vlcsnap-00315-Copy-2-_jpg.rf.22c8b02de08d5921a18e30db73fdc67b.jpg 159,241,416,416,0
vlcsnap-00334-Copy-2-_jpg.rf.1ad7df55b85146a92a01b1828c33c212.jpg 156,207,416,416,0 99,128,152,243,0
vlcsnap-00312-Copy-2-_jpg.rf.e10d6cea68c2fd9ab9c7ee7784441aa8.jpg 148,236,416,416,0 98,130,169,270,7
vlcsnap-00405-Copy-2-_jpg.rf.4bd0036baef901252b492cf54e89b71a.jpg 160,205,416,416,0 107,169,166,259,0
vlcsnap-00371-Copy-2-_jpg.rf.59e0fc24ecbd6a53192d8c6f481ea6fc.jpg 146,227,416,416,0
vlcsnap-00331-Copy-2-_jpg.rf.7b99c4987f6d98676ad0af75460b4ab3.jpg 102,0,416,416,5
vlcsnap-00373-Copy-2-_jpg.rf.8084c2fc081df7a4ec04af5826c7810f.jpg 144,181,416,416,0
vlcsnap-00355-Copy-2-_jpg.rf.ad1deccd869139c79538b3ee66f6299f.jpg 153,190,416,416,0
vlcsnap-00406-Copy-2-_jpg.rf.2603604ecb94b8c35a69eab4d884da0a.jpg 172,251,416,416,0
vlcsnap-00366-Copy-2-_jpg.rf.2a9bca40e252917b9b9a0afd065a4095.jpg 151,172,416,415,2 99,77,161,230,5
vlcsnap-00329-Copy-2-_jpg.rf.ef80937a4f4bd47019d6a73874bacb3f.jpg 154,238,416,416,0
vlcsnap-00404-Copy-2-_jpg.rf.412832b786db1b3ff7c94b22c170aebb.jpg 163,211,416,416,0
vlcsnap-00380-Copy-2-_jpg.rf.54d0108a11d246ac51d1315a046dc633.jpg 154,227,416,416,0
vlcsnap-00408-Copy-2-_jpg.rf.e440561f46a10549028fa6f597906f4a.jpg 161,219,415,416,0 107,168,161,252,0
vlcsnap-00407-Copy-2-_jpg.rf.911739e56e4ca5165730944ec039f3e4.jpg 156,234,416,416,0 289,207,330,279,1
vlcsnap-00330-Copy-2-_jpg.rf.f51fecff840e3eb2e837fc2891c928bf.jpg 151,216,416,416,0
vlcsnap-00332-Copy-2-_jpg.rf.8ee1a584412ed906d92e8301fe2a2988.jpg 116,70,416,416,2
vlcsnap-00394-Copy-2-_jpg.rf.0fdf2def0198475ba57482ef37172302.jpg 153,160,416,416,0
vlcsnap-00372-Copy-2-_jpg.rf.7a08a34ee4fd9a682cad863c7dfc2206.jpg 126,56,414,416,2
vlcsnap-00321-Copy-2-_jpg.rf.66fb4968498fb17138f13a17c4afc153.jpg 154,219,415,416,0 99,162,136,232,0
vlcsnap-00396-Copy-2-_jpg.rf.152af841fc7aecb85744ca5380a94f01.jpg 123,88,416,416,2
vlcsnap-00350-Copy-2-_jpg.rf.e340f382317187428f2e57e74fc24d91.jpg 172,242,416,416,0
vlcsnap-00362-Copy-2-_jpg.rf.e9fd9ea07916e85aadb2c391ac2a1b82.jpg 143,147,416,416,2
vlcsnap-00322-Copy-2-_jpg.rf.1aa200131da6e059c8b3ae252f6cb108.jpg 147,230,416,416,0
vlcsnap-00360-Copy-2-_jpg.rf.5fdcc0664f234d31564f17b731cf4f5a.jpg 155,160,415,416,2
vlcsnap-00400-Copy-2-_jpg.rf.d6263860d644a1dcfefc2999a45fd8a9.jpg 201,219,416,416,0 101,157,156,256,0 184,180,215,233,1
vlcsnap-00410-Copy-2-_jpg.rf.2176e30e00ee86bb139dc3e540316ada.jpg 130,131,415,416,0
Grove-GMK5250L-Turbo-retarder-clutch-VIAB-00176_jpg.rf.de484848d871da7b36e2f6588917beab.jpg 81,116,233,335,5
vlcsnap-00375-Copy-2-_jpg.rf.0b7191e26166df0ea70415a2df5aa6af.jpg 118,66,416,416,2
vlcsnap-00409-Copy-2-_jpg.rf.0e7bae00534f9f1e7056c8ca41194caf.jpg 164,251,416,416,0
vlcsnap-00424-Copy-2-_jpg.rf.09f9b60bf277ebe51382277e0a4a0175.jpg 160,245,416,416,0 102,154,171,273,0 188,187,211,229,1
vlcsnap-00367-Copy-2-_jpg.rf.ce0321ec759c268a9aa15fbb2c647824.jpg 97,53,416,367,5
vlcsnap-00369-Copy-2-_jpg.rf.a51dbc15a6d72f1f23ecb4ede2c13fb0.jpg 98,0,416,416,3
vlcsnap-00319-Copy-2-_jpg.rf.920f0e430606133c552ff909419015a7.jpg 148,207,416,415,0 99,168,158,246,0
2-wheeler-driving-on-streets_19_jpeg.rf.80f16437b1a18d4c178ec883f191f091.jpg 15,129,371,414,1
vlcsnap-00425-Copy-2-_jpg.rf.df150213641dfafe558b109aa8d6b312.jpg 145,218,416,416,0
vlcsnap-00365-Copy-2-_jpg.rf.97470479b95170acf5eab7be5fd2efce.jpg 151,180,415,416,0
vlcsnap-00395-Copy-2-_jpg.rf.a88673f19adcc9f378d6397a99666855.jpg 110,47,416,416,5
vlcsnap-00423-Copy-2-_jpg.rf.103fec8cefe000a0bb1d222e243f8466.jpg 157,142,416,416,2
3c7dcb6d-cf7e-472f-a511-16299c7cd59f_jpeg.rf.72fd9e6a47620ef3714ca4ecd25cd539.jpg 79,0,315,297,3
vlcsnap-00397-Copy-2-_jpg.rf.148d9b85e66f1787ee4411d851d1cfa4.jpg 102,0,416,416,3
vlcsnap-00374-Copy-2-_jpg.rf.2d763b7d5a38236d1e47012a90002f31.jpg 165,225,416,416,0
bus-119-_jpg.rf.93bb1389c7067bd345928be63ff4789f.jpg 25,45,310,361,3 309,178,403,243,3
02dc4586-42c1-43f1-88c6-8430b2a97403_jpeg.rf.7d0bd984ab1de4156e37ba1dcfe20446.jpg 66,0,264,314,2
vlcsnap-2022-03-13-23h24m13s473_jpg.rf.48a4c1dae6453c4d978fc9176890de1f.jpg 0,0,209,416,5
2-wheeler-driving-on-streets_20_jpeg.rf.639917b779d38701f7ea8bd4c274c821.jpg 68,138,151,392,1 171,159,260,399,1
vlcsnap-00422-Copy-2-_jpg.rf.50f83b88052277f9d38685d94d6f1570.jpg 140,184,416,416,0
4_jpg.rf.b5420ba0cb8729e78febdd93a5eb9ac9.jpg 66,20,329,399,0
OIP-epx7DoRYHrcZi5rXtG3CTwHaEj_jpg.rf.4a9bd7962999c7d756a74cca885da9d4.jpg 2,44,408,379,5
vlcsnap-00412-Copy-2-_jpg.rf.bc08056af921b6e2fede8d7c83aadad7.jpg 155,249,415,416,0
02fda8fd-8c82-4aca-ac30-60409c85b02c_jpeg.rf.face9d06396819b2647420cfc80d62fd.jpg 48,1,292,376,5
vlcsnap-00377-Copy-2-_jpg.rf.c1f0cbbac7a20a16bca0d7f32f35a113.jpg 106,1,416,416,5
vlcsnap-2022-03-13-21h36m37s240_jpg.rf.cbaaff7195579c0fcfd35cb76eeb27ad.jpg 0,119,187,416,2
vlcsnap-00379-Copy-2-_jpg.rf.daceb2443ea9cc6c4187d3b2ccb1e055.jpg 157,234,415,416,0
vlcsnap-00417-Copy-2-_jpg.rf.8faab557d5b8d7bcfebe8f3881c8dd79.jpg 162,218,416,416,0
vlcsnap-00414-Copy-2-_jpg.rf.244eba3934495d5c7239ba2df775e0e1.jpg 189,244,416,416,0
vlcsnap-00398-Copy-2-_jpg.rf.09ca1d037dd24d1a23274eeab0207fbe.jpg 168,242,416,416,0 99,150,123,207,0
vlcsnap-00393-Copy-2-_jpg.rf.967e080465ac496b70147d872a4d4c58.jpg 101,0,416,416,3
02df10d0-6f9f-432a-9044-5ea41f78a123_jpeg.rf.04c9ce693b99ea40009aecf183ebbf89.jpg 55,1,286,320,5
vlcsnap-00324-Copy-2-_jpg.rf.6f525d4fc463f7f71ad40d19ad0a1f3d.jpg 155,197,416,413,0
02d7cd49-efae-4dbc-9ab3-7880819c431c_jpeg.rf.75813a6ec17df6637bbdaf63e4c5e62e.jpg 171,1,345,322,0
vlcsnap-00418-Copy-2-_jpg.rf.af5b75268044c33dd62c76c412dac970.jpg 166,200,410,416,0 101,134,170,255,7 176,181,203,219,1
vlcsnap-2022-03-14-15h39m20s562_jpg.rf.640d8ee730bd0937869ac9dab63293ed.jpg 0,73,208,416,3
vlcsnap-00416-Copy-2-_jpg.rf.959590be3865e9bc8003598a5f634231.jpg 170,231,416,416,0
ambulance-169-_jpg.rf.aaa23709c483e801005412d89ee10151.jpg 78,48,356,379,4
vlcsnap-00411-Copy-2-_jpg.rf.d8c184abf4ae242b870b75b8057524e9.jpg 154,197,416,416,0 101,165,157,259,0
2ae28adb-e65c-4510-b4a0-883e583f935e_jpeg.rf.2d2aedd3c883453694882ab57822d467.jpg 100,0,366,306,3
a6ae162754e2e21f4c3c2416490fd8a6c4254e32_jpg.rf.0608d04a741bca3453433c3c503139c1.jpg 6,19,233,315,0
HTB16T7AaPzuK1RjSsppq6xz0XXat_jpg.rf.f81275bd0cf2d8d8be81263028faa189.jpg 12,2,416,413,5
1f60a249-94b0-4dd7-859d-1a8129514cb1_jpeg.rf.1db6c339dba5296d7bb928845caeca81.jpg 80,1,294,372,2
bus-109_jpg.rf.93b6a2227ca580bd9bd552016cb31fd9.jpg 3,60,411,347,3
bus-110_jpg.rf.09d4347159622d28d7bd50ae714ea86f.jpg 4,79,414,347,3
vlcsnap-00349-Copy-2-_jpg.rf.3c4efc441ac6c26b34e78fc22287a9a7.jpg 137,101,416,416,0
vlcsnap-2022-03-13-21h16m39s477_jpg.rf.52959cf3793482c0a441f22239a97f13.jpg 0,0,214,416,5
vlcsnap-2022-03-13-20h24m01s986_jpg.rf.28e175f5d3544a886bd38c1bafb71e6a.jpg 41,240,163,416,0
Screenshot-2024-04-29-160227_png.rf.9f65e194cf34229a739c832d7d5c7e94.jpg 5,0,416,406,0
00000007-2-_jpg.rf.076405a5cb611cc34906e20d980e2dd8.jpg 104,79,375,330,5
bus-119-_jpg.rf.e39699efc4ed0a436e5adaca2633947b.jpg 25,45,310,361,3 309,178,403,243,3
vlcsnap-00392-Copy-2-_jpg.rf.daff9fe262e702aa67655ebaf91af838.jpg 159,152,416,416,2
vlcsnap-00399-Copy-2-_jpg.rf.7bf41354ce121b316caf87d895ff8d83.jpg 178,231,416,416,0
02fe5716-2e96-4bdc-b1f5-accefa7ab761_jpeg.rf.7abc9d354e13cc917b7d143ef82a178f.jpg 71,70,256,391,0
vlcsnap-00007-Copy-2-_jpg.rf.ac3eb6c38b313733bfad374ea88327a1.jpg 99,0,416,416,3
04b96cf5-e4d0-4160-ae69-5790d6587682_jpeg.rf.47d6e5a21cbfcff2a81339843cc616b0.jpg 116,0,412,414,5
4f32fab4-111e-4c70-8bac-861e94d6450e_jpeg.rf.22fd890d4a1e7ecd98c69d14af986d54.jpg 195,155,272,375,1
p-truck-road-no-km-chiangmai-business-area-private-hino-dump-truck-152241351_jpg.rf.e25823b5c7b32ee1ec7336669e4ef20e.jpg 78,129,416,405,5
00000008_png.rf.aa7af22c89c0491464dc65395b65df43.jpg 24,89,394,338,5
vlcsnap-00006-Copy-2-_jpg.rf.5c4ea2dccd270b624cb2ebda4f4d486e.jpg 168,241,415,416,0
02f2cbb7-7426-4028-8cb1-6c18da2d7654_jpeg.rf.d6b210a9b6ae174806324075eb326081.jpg 76,1,328,328,5
bus-121-_jpg.rf.ff1e62c4edd16366d109d51b18772af8.jpg 52,178,261,301,3 287,173,318,243,3
HTB1VCIbLFXXXXbLXVXXq6xXFXXX9_small2Bfront2Bend2Bloader_jpg.rf.eec13c6d6c23eecb9dba608e80a92d26.jpg 23,23,416,413,5
02f4ae9d-3c3c-4d95-83f9-01e35599001c_jpeg.rf.eb9e7193a07c0c92d30a65505fd28c79.jpg 90,41,250,336,0
vlcsnap-00008-Copy-2-_jpg.rf.850991c3954cea02822b2d3407ab4acd.jpg 165,233,416,416,0 92,138,140,225,2 216,191,253,230,1
685_jpg.rf.527c091be1260d248f772ef0242b3f0b.jpg 43,122,330,384,1
Screenshot-2024-05-30-123758_png.rf.6acfbe4c4a3bac858a6aac2cbffc3174.jpg 23,3,238,253,0
5d000b2d-a6ed-40f7-80b1-4956096389b5_jpeg.rf.d97828a9ca60e9594cb0cdeb315d8193.jpg 111,0,322,321,3
bus-125-_jpg.rf.e78bbaae55475bba9bd70c9b0afed5d7.jpg 90,143,406,350,3 1,208,93,312,3
02f86297-6985-46fa-846d-2a2109d69ca4_jpeg.rf.318484ebfe1fc3e73ba01f31744dd16f.jpg 48,37,225,371,0
03aaf189-5090-49b0-bafe-796d492634bc_jpeg.rf.ecb5539c948f8e4b462da2cd2c051607.jpg 76,2,290,328,2
03ab924a-7829-4aa2-8931-dfae1b0466bf_jpeg.rf.6b0d6d3772a0ff7bc1882fa157e70a4e.jpg 34,1,269,321,2
images-20-_jpeg.rf.64d13660138fd6f1be3690675b65f0fa.jpg 77,17,373,393,0
04ac75aa-9c5b-4df2-aa73-ff208ccc0fe8_jpeg.rf.f6d67ead049977aa088211a57049e58e.jpg 57,0,212,322,2
images-72-_jpg.rf.88fca92baabd7943c7be9eaab0d91d74.jpg 36,62,379,360,2
1c542926-e729-45bf-b36a-cd4698c75600_jpeg.rf.eb84a8b2455182c6ce6e58c51c3ca0ed.jpg 83,1,313,327,5
vlcsnap-2022-03-14-00h27m15s185_jpg.rf.cb7515b10bf32f885fbb51f7f990acc5.jpg 0,0,214,416,5
030b243d-a6ea-4c50-acd4-c15427c8313b_jpeg.rf.ca4fdd2b52bf154b3849369b429a85b4.jpg 69,1,311,335,5
314446896_647698026953548_5855507429610480372_n_jpg.rf.756847343f9e862bd57838578e118d3e.jpg 44,136,367,287,1
03e31640-ee2b-4b5a-b78c-44c1bd616495_jpeg.rf.f76b11878a5746ddf77f212bd57b6e20.jpg 70,1,272,316,5
00000006_jpg.rf.b3213bbdeb7708003b58b3375c87c97f.jpg 110,0,416,208,5
vlcsnap-2022-03-13-20h24m47s160_jpg.rf.57d028d3ffa3ea4d4826e0a9eaf3a473.jpg 0,248,181,416,0
0ed5b30d578ecfa7a65f-1296x954_jpg.rf.d55e4228a7a4bac515d1e4f9140c1642.jpg 23,46,404,395,2
03beb313-81c9-40be-bc52-bebfdb8e6ac7_jpeg.rf.2f3667e4a80891eb81107f5a1ff00c46.jpg 178,0,334,351,2
7c2f6a67-1046-4c00-9341-7eb5f84eb708_jpeg.rf.6e14394d4608060241b7935ffa9dcdad.jpg 66,0,325,367,3
077006000_1466184933-kepala_kuning_jpg.rf.b663b4501ac3469f3c016d4216afd65e.jpg 0,150,116,331,2 191,136,415,386,2
ambulance-230-_jpg.rf.3fe09038b56c9000661742909dd8a39d.jpg 12,106,399,356,4
04cd8694-d965-4fd8-a7d4-b8350fcc18f4_jpeg.rf.932b90a6fe60b84b32c81ef6f4b9eaad.jpg 104,1,250,324,2
03b6c12f-bfdf-4adc-94b6-636bcab7f13e_jpeg.rf.615c7690d13fa39d1db6e562e376dfc4.jpg 101,1,278,416,2
vlcsnap-2022-03-14-00h03m18s891_jpg.rf.0e71112a9f95faf9cf609598f7b5c578.jpg 0,0,213,416,5
4ae9dcdf-4fb2-4229-80cb-9725aa1b93ac_jpeg.rf.fb4500a3eaa818219e67b26396cf16c1.jpg 39,0,299,336,3
04c62d1b-d45d-4784-a66a-bfb735fcd44c_jpeg.rf.571bca0cccccf0faf127de811335f670.jpg 92,0,306,348,2
bicycle-312-_jpg.rf.6a4e9b6f2b163cd517d37d925526669e.jpg 23,269,91,416,1 68,257,136,416,1 121,239,187,408,1 155,231,208,372,1 194,230,239,364,1 224,224,269,352,1 250,225,299,326,1 274,219,321,318,1 303,222,347,310,1 336,210,371,293,1 366,220,407,290,1
vlcsnap-2022-03-14-00h51m14s975_jpg.rf.f83fab6060814c18b35fb7569bec6780.jpg 0,0,207,416,5
bus-138-_jpg.rf.3475df664011fa0c0b211725d6ff59f8.jpg 28,46,380,390,3
1c68aa96-96a6-4fa6-83a2-104a8fc60bbd_jpeg.rf.05ac8b89ac3cb489283b926e4047f18e.jpg 108,43,275,359,0
ad-assets2F13422-16932Ffield_images2F13422_1693_2_jpg.rf.d132e0e14db76e30b7584a9e13d4ed6d.jpg 13,12,404,398,5
2010_mobile-al-500x333_jpg.rf.d75e51ec59f7b561f77ca0b316d8b0b6.jpg 8,85,372,357,0
1c68cf9c-ccf2-4941-9363-5d20924c6363_jpeg.rf.f9d31a559af9cd40fe789c1dba9aaa08.jpg 109,37,278,344,0
2-wheeler-driving-on-streets_21_jpeg.rf.48b31fe6e769016aca01321455781195.jpg 167,205,213,310,1
02ede0bc-a132-4934-b7e5-ca3bd506503d_jpeg.rf.7b89c7d06e674ec3556efc26e16d6e6b.jpg 39,0,266,316,5
00000098_jpg.rf.05227cdc4c9865550801722660cfc3a9.jpg 194,0,378,272,5
6b45d819-101a-4ae9-bd1c-8dd75041162f_jpeg.rf.dcd079bcf806cc530b0d3da0ebc0ca12.jpg 192,127,283,351,1
03c95de7-9db5-44a0-aafd-4dc8f4b72b2c_jpeg.rf.622befc00a0a1b0e3af1fbdacda93147.jpg 86,0,265,343,2
1c45f7d3-4a0c-47d9-832b-f3fffa7eb5d5_jpeg.rf.e0a189bfe4a0c94f1fa9170f44d8685d.jpg 236,160,314,375,1
LPC-07_DTP-2_DTP-2_20240310170937_20240310181125_2_1G_mp4-0084_jpg.rf.5cc010ca11494cb7c46f5dacdb1aafc7.jpg 139,150,264,308,0 135,78,216,161,3
vlcsnap-2022-03-13-21h18m24s926_jpg.rf.be4da56f8870a3042621351675aeab32.jpg 0,69,210,415,5
vlcsnap-2022-03-13-21h43m23s374_jpg.rf.e1b4bb1112e11b300cb52e1492bfb831.jpg 0,85,200,416,2
03ed9851-3ac2-49d6-a500-12251165c8cc_jpeg.rf.96e8e9c3df84d45f5ec686f3f9e01055.jpg 164,0,364,332,2
vlcsnap-2022-03-14-14h15m09s475_jpg.rf.7fd4c8362d18e0ce7dae8a3bc58a059c.jpg 0,95,194,416,2
vlcsnap-2022-03-14-00h03m38s957_jpg.rf.489011a2da1f6304d04d60ec1f7f33ed.jpg 0,1,212,416,5
ambulance-232-_jpg.rf.fc6234f9cb486e6023a115aa44b8e19e.jpg 115,91,369,330,4
4c5dd0d4-c71e-44d7-acbd-fe05b9482ab8_jpeg.rf.20a91c5460541d46c57367495ac7d3fb.jpg 231,159,316,371,1
00000007_jpg.rf.dcfa27f624d13513f63d82764e99c405.jpg 21,55,221,390,5 220,95,264,286,5 264,143,293,261,5 292,160,327,238,5
vlcsnap-2022-03-14-11h49m06s357_jpg.rf.1319bb7fd537d6bf83531eb2b802872a.jpg 0,0,217,416,5
vlcsnap-00070-Copy-2-_jpg.rf.bc2eb5dba11b26ed5fb4e9f49031982d.jpg 167,242,416,416,0
bus-174_jpg.rf.2580aa1dc75f50aa752a2409e07108f4.jpg 78,42,292,350,3
images-70-_jpg.rf.17102068163e2329b449db7e016b328e.jpg 57,49,338,360,2
ambulance-343-_jpg.rf.83274b60196e6e23394b561563a2643c.jpg 21,0,412,416,4
vlcsnap-2022-03-14-17h54m05s116_jpg.rf.3bc21d68e39d639ac365dbc2395238df.jpg 0,75,206,416,3
images-59-_jpeg_jpg.rf.fd37fb1c003e026eeac47eaa74817ac3.jpg 19,66,342,383,0
03fce1d1-723d-4500-9066-d4a88604842d_jpeg.rf.209fd3da97862ca9645adcc9883d1f70.jpg 108,1,334,325,5
bus-175_jpg.rf.0478cce1eab4b9d77a0602f4a01dceb7.jpg 94,43,313,391,3
bus-124-_jpg.rf.1a5c62a4e797b1a8641c4cf98adc7031.jpg 106,44,391,378,3
00000099-2-_jpg.rf.1424a4ff838a2fc7d6656a01dc52adc3.jpg 30,70,395,369,5
Boaln-thumb-1_png.rf.a5990d21bebd36fad89d66a57467854b.jpg 10,23,395,400,0
ambulance-395-_jpg.rf.2eb5165c8d27ad2fe166100ef258e541.jpg 0,0,416,416,4
vlcsnap-2022-03-13-23h29m42s369_jpg.rf.2136097ca1522c9b57d28dc165d834a0.jpg 0,252,167,416,0 152,194,203,286,0
5aa00438-e722-4f4e-a32e-559d054517d6_jpeg.rf.3e3c0849570dd529f467e405b7116a4a.jpg 43,0,298,333,3
image02283_jpg.rf.2664a03f56ed37cbd22644acc8a3e6f7.jpg 10,12,369,368,2
1c751885-ef51-43f4-a13e-5c617abf007c_jpeg.rf.89601db37ec3a1290de4535d57b18710.jpg 108,1,305,339,0
1c77458a-c4e8-40c3-9636-5e2d8bc2d4bb_jpeg.rf.1535671ead97139659f272dc3f335354.jpg 78,0,321,313,5
34_jpg.rf.d61f41dfc734212a889cd562c4c78411.jpg 45,86,376,308,0
1131506fuso1780x390_jpg.rf.753273b9646d22e6ab35f0c9924c3f06.jpg 98,53,348,407,2
00000008_jpg.rf.8c283e361148ac7bde23bcd70f0d62ed.jpg 144,73,272,385,5 289,66,409,382,5 3,85,133,381,5
1cc9f394-cef9-4202-9fb3-09b0df2f0dd7_jpeg.rf.4b867708abb08aa9e874120cd94534e8.jpg 31,74,185,355,0
1c84c99d-3b73-47e6-8bc0-1bc3e836605b_jpeg.rf.937e0f950eff413dc1d73fec7d9fdcee.jpg 120,0,306,339,0
2b1ba37d-4a8d-4534-98ad-fa7d01562701_jpeg.rf.ed5afe264358c14da9fe73d117c5f530.jpg 239,168,334,348,1
33_jpg.rf.73774d04d10f34c1d835c1e18ddd68b2.jpg 11,42,406,406,0
vlcsnap-2022-03-16-11h57m41s585_jpg.rf.31f11ffb2070adbb8a94362091de4656.jpg 0,99,204,415,3
2010_mobile-al_front_jpg.rf.34ebc841eb44b6b407d02689510285b8.jpg 42,33,361,373,0
9e6fb9a8-6670-4e5d-96f2-478c082a009e_jpeg.rf.38301fda968648f2068341e1d7f73e5e.jpg 140,1,391,298,3
Screenshot-2024-05-30-123817_png.rf.6e61f5bf436ef053892833739ac97cb9.jpg 63,14,132,186,2
IMG_20240130_211732_jpg.rf.57a86e57441a0853801625e46325d472.jpg 136,112,404,338,4
8a0a0a94-4c59-4c66-8808-b7c29af51a86_jpeg.rf.57bb0aed25d6d8598d3128a577d8bea5.jpg 39,4,294,356,3
maxresdefault8-3-_jpg.rf.0a4b3b6b54bf3fe873d53bb24f0d3953.jpg 117,30,337,244,5
00000007_jpg.rf.07247eb5ef24bd02bb5ac0364bfbf9ba.jpg 27,42,212,379,5 204,109,269,272,5 263,127,293,257,5 286,153,326,246,5
1c68d827-ab17-4eb3-8cf8-1c705bad6cc4_jpeg.rf.b49474e6f50da0dd1706bdab439f4d74.jpg 194,42,357,326,0
1c68f2cb-ef24-429e-bb34-da1b33026b08_jpeg.rf.8ea3e1f16be7a9301b4a49b14b81538a.jpg 66,23,247,360,0
bicycle-317-_jpg.rf.149d2e30db0678fabf62f67187a73f40.jpg 9,201,90,394,1 108,188,161,389,1 218,195,269,388,1 338,183,403,335,1
bicycle-315-_jpg.rf.2bc12e367ca0a17a1bed71c9dfe38cac.jpg 86,226,303,416,1
bicycle-314-_jpg.rf.b2dbf5973f3ecba97fa265aa3dc604f6.jpg 107,169,288,359,1
2011-2BKahn-2BChrysler-2BJeep-2BWran-1-Copy_jpg.rf.8f4562eddf3943ccd497f3dff4454298.jpg 4,4,416,335,0
bicycle-313-_jpg.rf.8726ce26bfec827db8314b2a0d95df2a.jpg 23,215,346,405,1
bus-14-_jpg.rf.62dd64dd3651b2ea599933b8b79a92a6.jpg 196,34,399,377,3 17,38,198,339,3
bus-143-_jpg.rf.a75c441c0cb902dfcff3e469df219cac.jpg 71,98,326,374,3
675_jpg.rf.1c5ab258383d9f049c6c504280dba979.jpg 57,150,400,416,1
332861469_872879207308636_9153480322480204791_n_jpg.rf.ac5c4a7c5459e16a39ec2e3f346d7a6e.jpg 6,82,399,330,1
1c882461-13d4-492b-bb75-a05b6691544e_jpeg.rf.22ae2f3f6d6d2e7d0a1ce85c7ba8172d.jpg 6,0,188,377,0
1c7e3196-0965-4015-87c5-097df2c017f3_jpeg.rf.29463dd7ad9b02fd1db5d1fb4360383e.jpg 106,21,252,320,0
2011-Jeep-Patriot_pictures-1_jpg.rf.3d8c636719a1099150462cfbda365e33.jpg 14,57,389,359,0
cutting-sticker-truck-pintu-engkel-k_jpg.rf.c7513ffb58c2209ef3eae788900f120d.jpg 62,0,356,411,2
bus-140-_jpg.rf.4f5a46734d6eb45d395f436e2cc30905.jpg 65,24,387,374,3 0,82,68,319,3
vlcsnap-2022-03-15-17h31m54s849_jpg.rf.db0f74b65794b203c3f9a4af73976fba.jpg 1,0,198,415,5
2011_mobile-al_rear_jpg.rf.4dc078d91c11785daca5c9278c36165d.jpg 29,28,388,391,0
1cb17b21-f00a-4627-9a75-27b7a706b992_jpeg.rf.01c26687a95d8f0594fa642126885361.jpg 100,27,244,309,0
aug_0_1423_jpg.rf.e2a3db2891c79a2df0aae2d40c39e8d7.jpg 59,0,416,347,3
Screenshot-2024-05-30-125716_png.rf.4e1d4507cb2d43529ccd21d980187c5f.jpg 35,0,180,190,2
1c7d18ae-f625-479a-ae47-6e3e02198adf_jpeg.rf.b96162cf973803a2d7457ff5614962d0.jpg 70,4,314,400,5
bus-143-_jpg.rf.1981e68baab406917bdd310e29d077ea.jpg 71,98,326,374,3
1d09bafe-c642-47be-9454-6e08d871da1f_jpeg.rf.dba3f7aafe6de2303d1ce60df7c3940c.jpg 154,64,296,318,0
2012-09-07-Jeep-Wrangler-04-carwall_jpg.rf.da74d9f4cae599ab6f1953edb1f2b3ba.jpg 26,138,390,397,0
vlcsnap-2022-03-14-11h51m05s132_jpg.rf.b61205572bfe59e82fa4edd8eb078e45.jpg 0,0,210,416,5
108-MAIN-BANNER_jpg.rf.ff29408d574f9f32795ba46fd9b11964.jpg 136,45,281,361,4
images-71-_jpg.rf.c89e958d5e7dc9c369b180368b510e6b.jpg 46,12,389,375,2
LPC-07_DTP-2_DTP-2_20240310170937_20240310181125_2_1G_mp4-0085_jpg.rf.c8206fbe998e804ebb79fb6cac1624cb.jpg 138,150,266,306,0 136,74,215,160,3
image02001_jpg.rf.64d4cd503d7ed2f711db854e054a47bb.jpg 71,48,378,383,2
673_jpg.rf.48a768c8d50360232f52c003d160106c.jpg 85,131,327,409,1
images-60-_jpeg_jpg.rf.82dbfb3cee47fb5a8a68634fb354098e.jpg 10,55,288,266,0
427967771_3174621322670168_1600765697444252805_n_jpg.rf.f32cda1771e1f4fbb115b2449f09546b.jpg 36,94,344,298,0
REC4frame7810_jpg.rf.39d9c1889be08105df37b2809333b0e4.jpg 143,136,265,258,2
3b85c029-caa5-49db-921a-c3aea7b33e2d_jpeg.rf.22783e3a85be00d2b7d1ce6dc42b52f0.jpg 231,187,319,389,1
images-222-_jpeg.rf.cb5aaaaac499b6102451b88fb8938202.jpg 0,12,396,416,0
D3K1WKGAS471_jpg.rf.fc6d44134bf31a4a3d4c8d75f263e10a.jpg 206,7,416,387,1 25,89,246,416,1
2012-army-green-Jeep-Auto-in-wildern_jpg.rf.cf669df19cf2154b3d1cf5cbc459f9fd.jpg 24,78,359,394,0
1d738c5e-3765-402a-8f6b-f632cf0d4081_jpeg.rf.90a4c1d489ee88f281032155c8b926ee.jpg 91,0,348,320,3
vlcsnap-00071-Copy-2-_jpg.rf.f0ae02fce8af4d045b013393eba3df80.jpg 152,231,416,416,0 131,162,145,199,1 150,159,175,207,1
vlcsnap-2022-03-13-23h30m05s268_jpg.rf.ae101faba135101737a92574c8d436ac.jpg 0,259,171,416,0
vlcsnap-2022-03-14-14h42m35s882_jpg.rf.8b5d4bce1feaf4c612660db0a624be22.jpg 0,107,206,416,2
2011_jeep_grand_cherokee_2011_car-pi-1_jpg.rf.18cb8a42a6b9c5332d852e31651f064c.jpg 9,161,407,363,0
2a128fa8-11c5-4d3b-a6a4-15a4f86fc2c1_jpeg.rf.f3280b35c77d4247ce252408f6b75a72.jpg 206,134,305,346,1
1cba7c94-20e0-4a58-bf09-934a45ec0246_jpeg.rf.34f00b5ea9acd954c7c847f64b45eb10.jpg 41,2,190,339,0
Cutting-Sticker-Truk-Canter-Variasi-5_jpg.rf.d380d1a31436f715d76448aa1a822c8e.jpg 0,85,297,374,2 293,168,339,235,2 370,168,415,248,2
vlcsnap-2022-03-15-17h36m50s983_jpg.rf.c06e751c509f47ffb5b71dde1d2a57a2.jpg 0,0,202,416,5
vlcsnap-2022-03-14-16h52m57s162-_jpg.rf.9fe7b481b0b25ef2c20820a686280e22.jpg 0,0,210,416,5
vlcsnap-2022-03-14-14h24m54s325_jpg.rf.18fe125a851226897a7dfba6d53131f0.jpg 0,66,204,416,2
vlcsnap-2022-03-14-11h50m14s211_jpg.rf.098af2d38df91dfd6640fe679f99de91.jpg 0,68,205,416,5
m4_jpeg.rf.209ecdf55679ce9a89b7527e23ab63d1.jpg 51,89,321,346,2
vlcsnap-2022-03-14-17h23m56s468_jpg.rf.0db6b4b509200ccb069c0cc968edbea0.jpg 0,0,202,416,5
ambulance-4-_jpg.rf.f7cc4ed63ee73ac3ae025333b0f54e62.jpg 15,43,343,407,4
LPC-07_DTP-2_DTP-2_20240310170937_20240310181125_2_1G_mp4-0086_jpg.rf.72a7323a4130bcfaee58f718956d0d8c.jpg 126,0,301,275,3
image4_jpeg.rf.be4718878bb01f68cdd4e20c58631367.jpg 98,123,320,372,4
REC4frame7825_jpg.rf.a121e2660aa9cfefe666bd62f6573eaa.jpg 244,171,381,316,2
bus-146-_jpg.rf.1a52d5c0fe1cd96c81f97283a67ef324.jpg 134,144,259,376,3 285,283,313,349,3
Cutting-Sticker-Truk-Canter-Variasi-6_jpg.rf.9d89e72984c12b0eb45b231e884c8218.jpg 22,74,355,370,2
D5LI0MJMLXKI_jpg.rf.c3f75262054df38f2950fd5725af9516.jpg 41,30,333,410,1
427924180_361522986769924_99715743941447216_n_jpg.rf.47e5fd4ebefb678ab89be5f41dee8b80.jpg 51,58,364,358,0
bus-15-_jpg.rf.7b304e132825b1aa7ccef19523ac1480.jpg 200,23,380,383,3 25,87,214,372,3
1cf92244-487c-46bf-a909-326081601062_jpeg.rf.1d879cac2fc8bc0daa4a06b6f3c80a40.jpg 135,0,330,324,0
1cfdc735-239c-4b70-9414-cf1f3a5451d7_jpeg.rf.da5679f2bb952889f87cbef7d4ecf3b4.jpg 61,55,209,331,0
vlcsnap-2022-03-15-18h35m30s667_jpg.rf.126240417b573be4d490aa954a60d2ea.jpg 0,1,204,416,5
Screenshot-2024-04-11-110624_png.rf.28cd800b739ab1d54e2d7041f243ac49.jpg 232,99,313,212,2
2011_jeep_grand_cherokee_2011_car-pi-5_jpg.rf.f0198d4d9648989a7bd9723bb741c789.jpg 0,170,411,368,0
ambulance-153-_jpg.rf.e183a92bd32c0404aba3e4f639616550.jpg 8,3,406,416,4
ambulance-25-_jpg.rf.00788e143fbee615a326d2736cce17d0.jpg 0,46,416,408,4
vlcsnap-00073-Copy-2-_jpg.rf.7bd1a9929637f591041a33e7e001f884.jpg 151,179,416,416,0
vlcsnap-2022-03-14-15h03m28s688_jpg.rf.60ad344c3dec2699471caa38adf82930.jpg 0,85,204,416,2
bus-176_jpg.rf.2233906ac2534e30ee1c32b5a630ed3c.jpg 73,32,298,397,3
00ddbfc0-ff3f-49f9-adab-034df3f10156_jpeg.rf.c86629d13633fb1d85758711d0069d14.jpg 60,0,331,362,3
bus-146-_jpg.rf.1270ea5d56981ad3a0636de2f4e33c93.jpg 134,144,259,376,3 285,283,313,349,3
00000105-2-_jpg.rf.cb02cf3d6961673579ebccbd0e8ad291.jpg 168,115,287,355,5
vlcsnap-2022-03-16-12h40m56s473_jpg.rf.ac1bf51b62315df52ca29601853d93e7.jpg 0,100,208,416,3
bus-111_jpg.rf.c12ca15dbad0683423158bcf7b1f2d4b.jpg 53,0,300,402,3
ambulance-11-_jpg.rf.ef2959c32ac2737872342aca58f04f62.jpg 63,89,380,333,4
image02295_jpg.rf.868db06dc723723abd258a89fe865370.jpg 51,69,415,370,2
1d085e06-4d6c-4715-a32a-069e73581773_jpeg.rf.f538821d8f7fd92b0ee375cdbdc70ffc.jpg 130,19,281,326,0
Cutting-Sticker-Truk-Canter-Variasi-_jpg.rf.eef0b770954f44cc46ae9cc1ab7559c7.jpg 104,50,386,330,2
vlcsnap-2022-03-14-00h05m19s906_jpg.rf.2e1c7699fefccd7f9c5f763e0252de68.jpg 0,214,176,416,0
vlcsnap-2022-03-14-14h55m01s804_jpg.rf.6351bd53226b4a78ea1fcd564da79c86.jpg 0,138,185,416,2
ambulance-462-_jpg.rf.69e577c8e1a30eab9ca0a2e83823d55a.jpg 24,6,378,416,4
1492411215-cars-517-getty_jpg.rf.c941604a734c4390fce4296dbca1f8e2.jpg 254,69,278,114,0 164,116,191,162,0 114,120,144,162,0 335,139,379,207,0 215,136,259,212,0 82,168,121,235,0 145,188,189,266,0 36,246,90,341,0 230,297,291,413,0 264,36,282,57,0 142,52,162,85,0 286,62,312,98,0 171,61,197,111,0 210,54,228,86,0 265,127,324,217,2 311,91,341,137,0 115,359,181,416,0 123,93,149,127,0 231,24,252,52,0 207,32,227,59,0 163,14,175,39,0 255,23,270,43,0 242,56,251,92,0 206,53,229,84,0
Screenshot-2024-05-30-125758_png.rf.b5c6117ad8efa14d2d41b96d5171e032.jpg 54,0,416,416,2
1cf11aa9-5466-43d5-a0bb-edb9590a5b55_jpeg.rf.f69cfe51c5521c2d61d5106652286a0e.jpg 154,24,328,371,0
vlcsnap-2022-03-13-23h34m35s906_jpg.rf.c45df52b7565817a7044a9a969366348.jpg 0,234,168,416,0 155,127,210,268,5
vlcsnap-2022-03-14-12h00m20s972_jpg.rf.45ed75790712003604f80aa1014ca519.jpg 0,0,217,416,5
1cf46dd9-c6a4-4564-8714-5a17eed69607_jpeg.rf.78ffa0f27d5c2e2f34b6c8027f2a71bf.jpg 75,33,241,360,0
vlcsnap-2022-03-16-12h47m02s856_jpg.rf.830c6b6d1ce5b7cc9b9986d242c2f7d6.jpg 0,95,208,416,3
1cf69223-3243-4414-ab83-2a91f89a50fb_jpeg.rf.16ca4cbb03e838b5cab825bbfaf42ab9.jpg 119,7,285,313,0
4c7713d5-8272-4a6b-896c-7b91944fb3a4_jpeg.rf.203fe2e57e93ab925942823c3dc38469.jpg 180,107,256,331,1
35_jpg.rf.ffd467d8bd87b5de9cde2394405f9c9a.jpg 57,34,392,402,0
ambulance-45-_jpg.rf.0e6e6fd18c430538d9c8ce9ae59c3378.jpg 19,25,339,416,4
q_png.rf.ccf97e2cfbef4a70da82b0570a6435e8.jpg 224,69,278,145,0
vlcsnap-2022-03-14-17h28m43s691_jpg.rf.3411266b3c7f9ff3385e6bff93848957.jpg 0,0,207,416,5
LPC-07_DTP-2_DTP-2_20240310170937_20240310181125_2_1G_mp4-0087_jpg.rf.a641a77fffbbf6129e3eff47a770c8ae.jpg 114,0,303,277,3
vlcsnap-00457-Copy-2-_jpg.rf.977b957d38f9ca1d7ae16c86c744ce8e.jpg 173,237,416,416,0 97,149,116,198,0
vlcsnap-00455-Copy-2-_jpg.rf.ee5c04bb4f48f84f1764e961a794e7df.jpg 153,197,415,416,0
1ce97ffe-9285-4d9a-9606-422ba77a7672_jpeg.rf.7334dab18c5c675a1ec11339f187d8a0.jpg 91,57,238,350,0
1cede04c-71bf-4941-a409-0ff2a1029db3_jpeg.rf.1ae2355d7bea2e1627173d23a5d94cb8.jpg 119,43,262,341,0
vlcsnap-00453-Copy-2-_jpg.rf.f87b5f6428baf5e9b54cffd5ffa81499.jpg 164,212,416,415,0
vlcsnap-00451-Copy-2-_jpg.rf.8ac874fb95724b6ccce789d4b3caa992.jpg 174,233,416,415,0 106,177,177,283,0 97,157,128,208,0
vlcsnap-00452-Copy-2-_jpg.rf.554c9586ba1f284c71ece02e67889850.jpg 153,236,416,416,0 108,165,180,257,0
vlcsnap-00459-Copy-2-_jpg.rf.f59eb3e0a915075220b83ab354ea2d1d.jpg 169,203,416,415,0
vlcsnap-00458-Copy-2-_jpg.rf.3070c8d6f3c626e9bcfc40754e6a4f32.jpg 170,195,416,416,0
vlcsnap-00464-Copy-2-_jpg.rf.d4de741259332df560323c02695955d8.jpg 145,165,416,416,2
vlcsnap-00471-Copy-2-_jpg.rf.cfce29baedee5c4ea3982b39b8911338.jpg 171,230,416,416,0
vlcsnap-00462-Copy-2-_jpg.rf.4025fa41b869166f9d9fd2ef1f56e7c8.jpg 104,0,416,416,5
vlcsnap-00506-Copy-2-_jpg.rf.5ee6e1b6fc82547bb95c0a1f76935cc8.jpg 162,204,416,416,0 101,163,171,265,0
vlcsnap-00473-Copy-2-_jpg.rf.5085d4a577bcd6de27f0a8fdd761972d.jpg 156,160,416,416,0
vlcsnap-00508-Copy-2-_jpg.rf.2d20ea41e269ac061d6f23dc7910535d.jpg 95,0,416,416,3
vlcsnap-00072-Copy-2-_jpg.rf.3639c98db1b2bb32a3d41bdb0fadb8b3.jpg 166,232,416,416,0
vlcsnap-00475-Copy-2-_jpg.rf.8cdc399b719f5a654441a00ee9ae9c79.jpg 129,140,416,415,0 99,157,136,241,0
vlcsnap-00474-Copy-2-_jpg.rf.c8047fc81341f2ef0730ad4cf49aafa9.jpg 146,107,416,416,2
vlcsnap-00463-Copy-2-_jpg.rf.abdd536cbba8c705e3914ea708fb1f7f.jpg 167,246,416,416,0
vlcsnap-00521-Copy-2-_jpg.rf.5b16534192d54aa4f2fb43281cf684e8.jpg 152,194,415,416,0 99,109,150,253,2
vlcsnap-00472-Copy-2-_jpg.rf.12d558b1c081dd742c9ea4c4275dd624.jpg 161,218,416,416,2
vlcsnap-00477-Copy-2-_jpg.rf.b546434e0823e5381dd0a31990252187.jpg 164,215,416,416,0
vlcsnap-00529-Copy-2-_jpg.rf.58bd8d57f32cb0ad14217079fddc6c51.jpg 153,209,416,416,0 97,165,149,254,0
vlcsnap-00520-Copy-2-_jpg.rf.7a5859c0647612b9c1945b5433a4e38c.jpg 100,3,415,416,5
vlcsnap-00535-Copy-2-_jpg.rf.c991269ba4be3eb86f3c42823f04de71.jpg 162,232,416,416,0
vlcsnap-00534-Copy-2-_jpg.rf.7e58cb35f8177d7040a975884650d4af.jpg 148,175,416,416,0
vlcsnap-00470-Copy-2-_jpg.rf.0e7b810c07dc1a6d9f104660741dd914.jpg 120,118,416,416,2
5_jpg.rf.97afd5a4d1bfd0963d5d41e7587ca402.jpg 69,48,319,391,0
vlcsnap-00526-Copy-2-_jpg.rf.214313bdc4d092e6a9140f91845f836c.jpg 145,136,416,415,2
vlcsnap-00537-Copy-2-_jpg.rf.ec546adcd4d79718e26504ed8cd47520.jpg 167,227,416,416,0 96,154,144,227,0
vlcsnap-00507-Copy-2-_jpg.rf.e98d7106f65f08855421034c7e76a659.jpg 162,205,416,416,0
vlcsnap-00522-Copy-2-_jpg.rf.e3fe67271fb8432851b3e97923347212.jpg 132,60,416,415,2 99,159,141,270,0
04ee0d8e-8f7f-45ab-be55-7052007bd6ef_jpeg.rf.744cc77729e43cda1223a3e36ac7d3a9.jpg 106,2,354,322,2
ambulance-404-_jpg.rf.a53a28187ece786163021e7d94ac7850.jpg 11,21,358,416,4
vlcsnap-2022-03-13-21h24m54s334_jpg.rf.c65e979541392ff667068cf48aafdc64.jpg 0,0,211,416,5
2BHVQ4YGMAOD_jpg.rf.19e8ee49ccfc785c754fffd3dcfa749f.jpg 31,181,231,403,1
vlcsnap-00527-Copy-2-_jpg.rf.ae65dd08442f44de428af5b913969c1a.jpg 162,251,416,415,0 99,166,156,247,0
vlcsnap-2022-03-14-00h06m56s753_jpg.rf.98d595f2451c79e4892502adfa6ff7d6.jpg 0,0,213,416,5
vlcsnap-00528-Copy-2-_jpg.rf.edd3875d934e56cd57819c7af2dd9651.jpg 181,248,416,416,0 98,165,182,292,0
vlcsnap-00476-Copy-2-_jpg.rf.9ab1c8485be9c04c885a66a7f14554fa.jpg 114,46,416,416,2
vlcsnap-2022-03-13-20h26m50s713_jpg.rf.01874c5882138b1816312035df5234c1.jpg 0,219,175,416,0
vlcsnap-00485-Copy-2-_jpg.rf.05719358e0c17d4d4d8a8f4ca5f6d10a.jpg 158,177,411,416,0 100,122,161,255,2
vlcsnap-00480-Copy-2-_jpg.rf.1f1b9503c48ddc37bd9ed77449feefb9.jpg 144,175,416,416,0 98,165,153,255,0
vlcsnap-2022-03-14-20h49m03s954_jpg.rf.076855489643a6231500ac0ba855ade5.jpg 0,91,210,416,3
vlcsnap-00538-Copy-2-_jpg.rf.5496c923d3a1dc1da878532b024a90aa.jpg 156,211,416,416,0
06ae6a2c-6e2f-42fe-bf38-27e639a34541_jpeg.rf.07897b0b5a94fb3e6d2cfc23aa7cbdce.jpg 82,2,269,341,2
00000011_jpg.rf.afaed9462ebea1272b14503080f3aa6b.jpg 164,112,301,349,5 66,210,101,270,5
vlcsnap-00484-Copy-2-_jpg.rf.c1efdadf4134724909fc7c60f144fa08.jpg 135,153,415,416,2
4e93925d-bb78-465a-915c-636f559daa08_jpeg.rf.0129d758a57f2f863d67be9a5be0cb4e.jpg 110,0,414,344,3
vlcsnap-00488-Copy-2-_jpg.rf.dce9159269eb993ed1f215a88e86f9ef.jpg 153,229,416,416,0 98,77,167,232,5
00000010_jpg.rf.b7ba9609a7e5dbdaef2fc593361edaf8.jpg 241,17,416,402,5 214,110,244,309,5 157,135,182,274,5 14,201,51,250,0
vlcsnap-00447-Copy-2-_jpg.rf.bae4f3ba1157616bd4206247cde005ef.jpg 153,221,414,416,0
vlcsnap-00482-Copy-2-_jpg.rf.b4d75e552a347cdaef8b5df4c14139d0.jpg 160,193,416,416,0
vlcsnap-00493-Copy-2-_jpg.rf.bc3bb91f44169a8756309db3ccde4242.jpg 162,204,415,416,0 100,167,159,258,0
vlcsnap-00483-Copy-2-_jpg.rf.53219be927ce072882b164d15067535e.jpg 146,159,416,416,2
vlcsnap-00481-Copy-2-_jpg.rf.2c31a02aa2a2f94053cca781d5ed7a30.jpg 164,252,416,416,0 100,158,108,179,1
Cars-For-Sale-In-Pakistan-MEHRAN-XLIGLIBOLANCULTUSFXKHYBERXE_jpg.rf.c27bdc0f80d8650c3fe1f32f373279a1.jpg 136,225,243,416,0
ambulance-9-_jpg.rf.faa1c04fe1439e7a5e06c40453ac6f23.jpg 68,37,195,298,4 214,57,369,271,4
vlcsnap-00466-Copy-2-_jpg.rf.6c41c4915536ff135e297fb56bc5689b.jpg 107,49,416,416,5
vlcsnap-2022-03-13-21h34m38s427_jpg.rf.5190f7b95e223c39f8d5211699734161.jpg 0,0,211,416,5
vlcsnap-00448-Copy-2-_jpg.rf.43db778756d55e363ca86e9196542981.jpg 163,220,416,416,0
2H04WH82MSOH_jpg.rf.a53b52d2dfbcad7acef1cc633fc54d37.jpg 90,122,331,348,1
Grove-GMK6400-1-The-strongest-six-axle-crane-on-the-market-00103_jpg.rf.099e9ae9813ecfb73ea9b345c4f0e935.jpg 100,167,415,357,5
07b59381-aeaa-4cb1-b046-f9bdd64b2fde_jpeg.rf.7687ce6324f0d2d7969862a4d0798e6f.jpg 98,0,334,324,5
vlcsnap-2022-03-13-23h14m23s261_jpg.rf.93cd4eaa524602d56c57ae252a14067c.jpg 0,156,179,416,2
vlcsnap-00494-Copy-2-_jpg.rf.8611706eb7fbe55448c37d777c8518c2.jpg 148,227,416,416,0 99,172,172,288,0 174,138,230,229,6
2-wheeler-driving-on-streets_22_jpeg.rf.5b0a01bf58d8c8116c6464ba5e998010.jpg 123,161,219,404,1 279,113,343,268,1
vlcsnap-2022-03-13-22h07m47s563_jpg.rf.4c6ac7cd46d294c8aade88427790aab2.jpg 0,91,192,416,2
vlcsnap-2022-03-14-00h40m24s414_jpg.rf.ce2370df48015e583bdedf38ef8b9b1c.jpg 0,0,204,416,5
vlcsnap-00009-Copy-2-_jpg.rf.8da09dcd94b9a152d9b4af18e795179d.jpg 150,158,416,414,0 97,134,124,200,7
vlcsnap-00486-Copy-2-_jpg.rf.5bdb637a45387d7bb8856327afa7d6a5.jpg 136,114,416,416,2
07f403cb-5b54-48a8-ac38-d8600de33403_jpeg.rf.ca6b250d42576f44be4162776d401642.jpg 142,1,379,343,5
07e8b0d6-91d6-4798-a747-061873c38d42_jpeg.rf.600cb3b58ddcdaf15017e22e0c8e7b91.jpg 71,1,311,311,5
07ca0988-0460-4202-87b5-5ae648203b5f_jpeg.rf.33d765b144ddec556c8eb5fbb67751c6.jpg 87,0,284,298,2
7cab6aa3-9d11-40ea-89c8-8f84db00eed7_jpeg.rf.45a1aa9649b11a9cda044e7cd0b70bda.jpg 250,136,336,354,1
bicycle-133-_jpg.rf.afaee313bd3aca216e09d961bd87896e.jpg 270,32,296,112,1 252,104,338,265,1 260,193,332,416,1
bicycle-127-_jpg.rf.10c7dd1efcda1579ca7a3cf2508523d5.jpg 191,273,318,414,1
ambulance-344-_jpg.rf.9ece42e664547dea4015a26ad2c683b3.jpg 111,31,269,373,4 272,10,416,321,4
vlcsnap-00523-Copy-2-_jpg.rf.e21b5d47e3f2d7db3a9ed7be5c90444a.jpg 151,210,416,416,0 105,136,130,189,7 162,176,182,213,1
vlcsnap-2022-03-13-20h27m53s934_jpg.rf.6c15634859dfd0aceb801605c3c62d30.jpg 0,248,165,415,0
vlcsnap-00443-Copy-2-_jpg.rf.0137fdcf579732115b0f451fd4e23591.jpg 164,237,416,416,0 99,144,121,206,2
bicycle-132-_jpg.rf.4e6d040027b6f6141f577bbbdd298e6d.jpg 49,177,137,244,1 161,163,231,241,1 243,155,308,239,1
04d3d907-44ad-4015-a514-8f9853d1df44_jpeg.rf.2471eaff04256a50d0e41d49cc1fbb72.jpg 138,0,348,329,5
ambulance-417-_jpg.rf.ff4165629314c5d0f2e887a748c61d65.jpg 6,8,413,398,4
00000012_jpg.rf.57fb777bc3bea82e422ec09052ce5806.jpg 23,42,376,332,5
vlcsnap-00492-Copy-2-_jpg.rf.c4305f67fe6fdc04022ea50082b3759e.jpg 159,226,416,416,0 109,156,177,287,0
vlcsnap-00530-Copy-2-_jpg.rf.dcf601f1bba07d88ec60c11a31133b64.jpg 148,247,416,416,0 99,158,142,235,0
07c7a7b0-10ec-4266-9aba-6407e6d3aff8_jpeg.rf.72edf53d1175019b18278f3c6db7313b.jpg 100,2,334,356,5
vlcsnap-00441-Copy-2-_jpg.rf.caedef91d65ffe7a9adf31f64b74f70f.jpg 151,242,416,416,0
vlcsnap-00609-Copy-2-_jpg.rf.e913802792a22c85f7fd1400427b1145.jpg 118,104,416,416,2
6_jpg.rf.99fa21c0fe823183996dc3c4a6f39e1a.jpg 66,26,369,347,0
vlcsnap-00446-Copy-2-_jpg.rf.0a34a4e69c33c0f7af013e3510eb77ac.jpg 130,114,416,415,0
vlcsnap-00442-Copy-2-_jpg.rf.663538ad31620d243640097d4891c6f3.jpg 121,82,416,416,2
vlcsnap-00444-Copy-2-_jpg.rf.d6fae3388c0c1311cd72481293e659af.jpg 138,65,416,416,2
vlcsnap-00607-Copy-2-_jpg.rf.d0e531d893417a7681b748765017912f.jpg 150,227,416,416,0
vlcsnap-00620-Copy-2-_jpg.rf.ec810d99e4bd7bbede1882f2dcb3b589.jpg 159,238,416,416,0 100,84,152,222,5 214,188,245,228,1
vlcsnap-00495-Copy-2-_jpg.rf.da48150fd0b66e70d97bf497157108c9.jpg 147,244,416,416,0 97,99,167,240,0
Screenshot-2024-04-29-160653_png.rf.3da70711604e3216b163b3755f82b660.jpg 0,0,416,408,0
vlcsnap-00608-Copy-2-_jpg.rf.a8e940d2b955af642903c6e80c7b404d.jpg 150,189,415,416,0
vlcsnap-00531-Copy-2-_jpg.rf.21c96e43a06fe263ae6067d4b46d2393.jpg 159,236,416,416,0 97,157,159,244,0 99,96,134,166,5
IMG_20240130_210849_jpg.rf.1313c4a4a13a6b0283c2c6f466a16f92.jpg 0,92,382,358,4
vlcsnap-00460-Copy-2-_jpg.rf.7298d0058b1b22ba197346cf85c0e564.jpg 171,170,416,416,2
05db263c-27d8-40fa-b7ca-fa88acbbadc0_jpeg.rf.81fbda9eb0e1b792528c6f2feb9c6015.jpg 63,1,307,326,2
vlcsnap-00619-Copy-2-_jpg.rf.9c86c2e6bb1ad684779e098c65f8a641.jpg 163,235,394,416,0 104,173,158,252,0 326,238,388,327,1 98,104,124,171,5
IMG_20240130_210838_jpg.rf.9370d353d0f369681841424e55916a5c.jpg 102,79,380,335,4
1345-2_jpg.rf.310f19f528fea883cb25d01f4bbc44c9.jpg 34,98,393,377,2
05c06636-3a8b-4384-83e6-a2e5c7eec46e_jpeg.rf.11004fe40169343b61faf33f6851d0e0.jpg 114,1,305,339,2
vlcsnap-00502-Copy-2-_jpg.rf.0a399005961fb714de6ce469595936d3.jpg 153,230,416,416,0
vlcsnap-00628-Copy-2-_jpg.rf.6d10c96e8192cc4d72158fe8e8f9f204.jpg 101,49,416,411,5
0a9613ba-9c81-4464-aef3-d6349253100d_jpeg.rf.70457e546c465b23ac730e08ac291e3f.jpg 176,85,275,331,1
05ddda45-3a12-4b4c-8fa0-56ac249935a2_jpeg.rf.648ac6217d7a6368014ff5c76bf1f496.jpg 117,1,268,353,2
vlcsnap-00618-Copy-2-_jpg.rf.4c49ef7f14238ec461cb78ea306e9e39.jpg 109,0,416,416,3
vlcsnap-00445-Copy-2-_jpg.rf.d642f0f4df06e62678cc2fddfae53e59.jpg 126,102,416,416,2
vlcsnap-00630-Copy-2-_jpg.rf.8566ff4951b369dc8eee6716cd2d5486.jpg 159,248,416,416,0 99,172,183,294,0
vlcsnap-2022-03-13-23h04m17s461_jpg.rf.073ca09b4a6600208bb26c60369221e1.jpg 0,85,203,416,2
vlcsnap-00461-Copy-2-_jpg.rf.41dabec884746433bc203fac4e3e85d0.jpg 103,0,416,416,5
bus-129-_jpg.rf.83f07067d4edf743ee0644e6cd081966.jpg 8,43,397,352,3
vlcsnap-00606-Copy-2-_jpg.rf.faa511b01ae095fde360ee52061d90b9.jpg 166,234,416,416,0 103,170,162,259,0
00000011-2-_jpg.rf.0e936527b99b6a628ae59876ee2c8472.jpg 53,59,368,351,5
vlcsnap-00605-Copy-2-_jpg.rf.d505882adfabcf03db75ef3418898280.jpg 98,2,416,416,3
vlcsnap-00622-Copy-2-_jpg.rf.4429e6c7e65e63909ac40f7de65ca665.jpg 113,92,416,416,2
vlcsnap-00500-Copy-2-_jpg.rf.5fa1f6e287740cfbd7eca1dff8ee2497.jpg 171,213,416,416,0 105,165,170,279,0
bicycle-128-_jpg.rf.eebb7116c2fb6583b2a20735a16883a9.jpg 230,273,357,411,1 339,250,413,346,1
Grove-GMK6400-1-Trailer-00043_jpg.rf.dadb5ce10720922ec418cdf30c80dc50.jpg 102,31,345,353,5
vlcsnap-00610-Copy-2-_jpg.rf.6d3e2d2d4be727ca106a7db9ffcae20b.jpg 148,229,412,416,0 104,165,176,259,0
vlcsnap-00503-Copy-2-_jpg.rf.4410bad90376d590865a7a4701c82a6b.jpg 148,229,416,416,0
vlcsnap-2022-03-13-21h44m54s316_jpg.rf.93a1607fb518ce61ebefaad065692b3f.jpg 0,30,207,416,5
vlcsnap-00501-Copy-2-_jpg.rf.53f55010bca09f7b79337cf9581e744a.jpg 150,256,416,416,0 99,169,153,251,0
16081_14_1_png.rf.d83ae0e3d0ce4f323b6066bb2cc5a0ad.jpg 1,37,416,347,3
f1f543a8-17b2-40dc-a42b-0d2b1a78e8be_jpg.rf.ba4a41dc3018c19f6f98fee56d0d6bc0.jpg 10,104,401,331,5
vlcsnap-00629-Copy-2-_jpg.rf.a900d1232484f15f42952a16605b15ef.jpg 146,190,416,416,0 105,169,156,263,0
bicycle-136-_jpg.rf.8aae97fe8730055a93249797b8e7a94e.jpg 75,149,222,263,1
vlcsnap-00515-Copy-2-_jpg.rf.4a31a7235457e897ca1ddbba0d53b4a6.jpg 152,165,416,416,0
06cfa4eb-f41c-4568-903a-1f17d2621cd7_jpeg.rf.36bd8b00a0a334892067973386da8725.jpg 53,1,282,353,5
bicycle-13-_jpg.rf.bcadf18e7ed6b376989c88558a62aceb.jpg 4,5,416,397,1
vlcsnap-00011-Copy-2-_jpg.rf.2dc9b67b11e56671d81c278143ec16ba.jpg 136,90,416,416,2
vlcsnap-00505-Copy-2-_jpg.rf.47feecb205b5cb934709fa71551d0516.jpg 173,228,416,416,0 101,161,169,267,0
vlcsnap-00623-Copy-2-_jpg.rf.9fc7f347a17b7523aab61e302ac31a58.jpg 140,168,416,416,0
vlcsnap-00631-Copy-2-_jpg.rf.0aacaca0e3228bd9e5c77a6b8099001f.jpg 140,208,416,416,0
20140729160147-108_india_ambulance_jpg.rf.9d811c97ed93eb34d0b76e6f06f31abc.jpg 0,0,415,414,4
photo_2024-02-12_19-48-11_jpg.rf.f6d19955f9ca5d946e59c0eb4e148d3c.jpg 49,43,371,400,0
vlcsnap-2022-03-13-20h29m14s341_jpg.rf.95eccf8b1215f6a1e395e5eb97b28b2b.jpg 0,253,169,416,0
vlcsnap-00510-Copy-2-_jpg.rf.4852b4ac8c7297c7481b390d3dcc126b.jpg 98,0,416,416,3
vlcsnap-00511-Copy-2-_jpg.rf.997b2efd111d6238f23e463f475e43a9.jpg 166,256,416,416,0 166,132,213,229,6
bus-114_jpg.rf.afe0a4107c8d500d3cbe08c1fac86485.jpg 139,136,290,288,3
bicycle-134-_jpg.rf.8d7a6044bd6359d4d2cf58418f8a74ed.jpg 177,167,229,243,1 240,174,332,265,1
vlcsnap-00512-Copy-2-_jpg.rf.24381f73746901568e79809f88464571.jpg 104,0,416,416,5
00000012-2-_jpg.rf.2d3292a80a268005d654699cd63a7d55.jpg 86,51,416,337,5
vlcsnap-00513-Copy-2-_jpg.rf.b364ae889172cd332603a93465f296d7.jpg 107,49,416,416,5
vlcsnap-00499-Copy-2-_jpg.rf.dbc08cca4aa982d9ce6b27a350eabdba.jpg 172,204,416,416,0 103,166,156,253,0 170,175,193,220,1
vlcsnap-00514-Copy-2-_jpg.rf.e884b27f14e51020d46f6b2c411d2491.jpg 116,0,416,416,5
2e26e54a-aea4-4b56-b770-26b4f9cd805e_jpeg.rf.c455fe13d2d3bf8e019576c62a9441d8.jpg 132,1,311,351,2
bus-109_jpg.rf.0965837b2e9625b5cfa28ec415bea4f7.jpg 3,60,411,347,3
Grove-GMK6400-1-The-strongest-six-axle-crane-on-the-market-00104_jpg.rf.da28eb319870e082f9a9faa33896ee3e.jpg 73,167,415,355,5
bus-112_jpg.rf.59dcfaf3d33f25b2b92908e91a0d31ef.jpg 14,55,409,347,3
ambulance-54-_jpg.rf.f0fe5680cbd72d0c5c077d2616ec83d5.jpg 118,0,337,416,4
vlcsnap-00525-Copy-2-_jpg.rf.6a6d669fc1b235266dbb70686c2a26fe.jpg 173,237,416,415,0 138,138,174,204,6
FAW_XPV_12_jpg.rf.2bec0a24dbed50a4d4e7355119b3568d.jpg 41,0,382,416,0
vlcsnap-00504-Copy-2-_jpg.rf.672e880ac2f9358f800212b8f49832e8.jpg 154,176,416,416,0 149,139,189,213,6
04e39c1f-88b6-424d-8c80-bcadc6b836ef_jpeg.rf.7bb6c19e452c2ffa31e68099f0404846.jpg 61,1,209,342,2
vlcsnap-2022-03-13-21h36m14s257_jpg.rf.6321a7f1f06a52cbd8346887ce28f4bb.jpg 0,68,205,416,5
vlcsnap-2022-03-13-23h18m48s551_jpg.rf.c903e56d4452ff6608c1eeeabdd189e8.jpg 0,97,193,416,2
vlcsnap-2022-03-14-01h00m41s165_jpg.rf.576c316248d5b39c42af1f4d0164c9c9.jpg 0,0,212,416,5
vlcsnap-2022-03-14-00h52m04s897_jpg.rf.75a93e12b18a3211e6b083dc388ccbc4.jpg 0,0,213,416,5
11546_Sb4733_14_jpg.rf.e6b1bdfebf6a2ba2591cf19efacc8212.jpg 36,36,358,346,2
00000016_jpg.rf.ef740b41d579501e443eaac83bffa900.jpg 126,46,375,336,5
2-wheeler-driving-on-streets_23_jpeg.rf.45282d52dfef82edb64d434c2d041f72.jpg 103,134,224,402,1
ambulance-38-_jpg.rf.6cc552b44fc2e7be21e301b11402a03a.jpg 0,83,161,359,4 135,99,306,339,4 262,109,416,329,4
16482_4786988467249_jpg.rf.bf660bc02d6b65d9ba82d7fe66688cfd.jpg 21,14,382,374,2
images13-4-_jpg.rf.8445febe967ae9b85aaea339852d0554.jpg 70,72,395,332,5
vlcsnap-2022-03-14-09h10m15s525_jpg.rf.c0bc97091a9ebb0fb3ac5fbc87e90c26.jpg 0,0,215,416,5
Grove-GMK6400-1-The-strongest-six-axle-crane-on-the-market-00092_jpg.rf.b5f113b64f5b9ba8aff6806dee8711af.jpg 343,102,382,124,5 132,35,341,339,5
09c7686a-3be7-40cc-be2d-e0b4fc23f316_jpeg.rf.268e59bcb0bc43535898454b80d278de.jpg 75,0,289,318,5
vlcsnap-00012-Copy-2-_jpg.rf.9872c2e67b8ccb5e5d11d47021c4dbd1.jpg 166,234,416,416,0
16482_3666418146613_jpg.rf.ab16edd000a3b345c1c68d41fccc1dff.jpg 8,90,330,320,2
06ddd67b-703b-4dbc-aae5-46354b6c0623_jpeg.rf.49040d06a84002c034f04db92610c1b2.jpg 33,1,269,342,5
vlcsnap-00624-Copy-2-_jpg.rf.42b8fdbe0b2e479cd8ec403941b36540.jpg 166,199,416,416,0
hqdefault-1-_jpg.rf.53d1ee30587d47c368c7760fede30ded.jpg 151,137,416,371,0
image01132_jpg.rf.bf2e15d6c44b6ebca3cc3aabb09cb1d0.jpg 38,1,391,390,2
11a_PNG_jpg.rf.900003db6eb361dd83fbd24652e55287.jpg 160,115,255,245,2
bicycle-131-_jpg.rf.78408cd7237a5d326d109fd72a871da1.jpg 90,239,161,317,1 154,246,216,329,1 218,244,284,322,1
vlcsnap-00517-Copy-2-_jpg.rf.147b2af97e51116ff2a2848c72385b1d.jpg 159,220,416,416,0 100,78,170,233,5
bus-134-_jpg.rf.6c188d7e77ad7531ef3e57c3e8e45b40.jpg 1,15,416,415,3
image01156_jpg.rf.513a9e7000e5c2ae2dee6b69e28601e8.jpg 39,50,398,358,2
vlcsnap-2022-03-13-20h28m15s710_jpg.rf.420d38cf6bc422b26c466a3e9c29f77a.jpg 0,253,163,416,0
vlcsnap-2022-03-14-00h36m00s858_jpg.rf.2adecd3f9a06c798710a88709bd43fbb.jpg 0,2,207,416,5 215,0,216,7,5 213,0,214,8,5
vlcsnap-00626-Copy-2-_jpg.rf.8d0c6437ed16451a0210e378c1ef63f0.jpg 154,204,415,416,0 96,59,158,230,5
08e19124-5fea-4c91-b990-a31148851f60_jpeg.rf.f3cc6cd9c1e0d1798d92bec8b0cdde80.jpg 188,4,415,373,5
vlcsnap-00627-Copy-2-_jpg.rf.f1feeaa93c045333507311c4305ce87d.jpg 99,7,416,416,5
ambulance-450-_jpg.rf.6226c62435182837c2f6758f32cca2c0.jpg 122,85,356,286,4 41,101,182,263,4
bus-116_jpg.rf.70dc79688ece13498af134607f2ec91c.jpg 67,51,400,370,3
bus-139-_jpg.rf.d7f8b45a72854f37b3bf1275d0bc0a3d.jpg 197,71,373,367,3 81,109,219,310,3
OIP-GS86e7gGoIVO8IXxOGlKPgHaEE_jpg.rf.f92751a3175144477268c3d93d8872fc.jpg 5,15,415,415,5
05f176d9-c3e1-4378-bb13-88764a2f4c3c_jpeg.rf.4a5d3729d89ec27baf7a8ef18fab0fcb.jpg 43,0,272,339,2
bicycle-141-_jpg.rf.e932dcfa7313599ce5029655d6fb0e9d.jpg 172,265,340,406,1
00000009_jpg.rf.197710e256b58a78795a3414b269181a.jpg 10,165,91,253,5 87,165,144,257,5 145,165,199,257,5 211,165,267,259,5 268,173,331,264,5 332,172,392,263,5 391,212,416,257,5
bus-118_jpg.rf.78e6a4580036bc6062dd52b76fe8d07e.jpg 251,104,400,321,3 163,136,251,321,3 15,111,163,331,3
vlcsnap-00593-Copy-2-_jpg.rf.e9ac2106c2a02bcbe488e6871bb8f197.jpg 153,229,416,416,0 97,160,166,255,0
00000013_jpg.rf.d6757cade947967fb0491e0994c9dcae.jpg 31,0,317,286,5
bus-14-_jpg.rf.4661ecb9f295d0115ac9ac43701edf84.jpg 196,34,399,377,3 17,38,198,339,3
00000014_jpg.rf.3afefdae80004a7e45aff3222748d24c.jpg 158,264,256,390,5 243,232,323,342,5 320,209,408,310,5 0,167,84,270,5 83,156,176,253,5 167,142,240,239,5 233,143,321,225,5 342,140,416,204,5
2-wheeler-driving-on-streets_27_jpeg.rf.5c41ac179837e2c6f84f941ee661e9a4.jpg 92,157,387,372,1
5b863f03-3415-458d-a7c6-51d4aef3ea27_jpeg.rf.30e531f926ccfb36aab30d37515c22ec.jpg 92,0,352,321,3
vlcsnap-00625-Copy-2-_jpg.rf.40fb1e618b80ee29314ed620bb0e7625.jpg 150,178,416,416,0
vlcsnap-00594-Copy-2-_jpg.rf.7deed2b363c19316f492c7b02193406d.jpg 153,190,416,416,0 109,172,158,266,0
vlcsnap-2022-03-13-23h06m07s730_jpg.rf.ff22590e395770770754913c78279df9.jpg 0,63,207,416,5
ambulance-80-_jpg.rf.9ee2caed04bdfc6c23fbf83dd4837524.jpg 24,20,353,416,4
vlcsnap-00602-Copy-2-_jpg.rf.9e786dce70ab4c9043e92b50d210520d.jpg 154,207,416,416,0
2-wheeler-driving-on-streets_29_jpeg.rf.103ef6ebbd7aab00bdf2ffb2d52040d8.jpg 35,138,366,416,1
08c2991d-17a0-4b91-a42f-9d9db53fc888_jpeg.rf.95ad26b93beed9f7b9eaf30991040a70.jpg 77,1,312,338,5
7bc7d35e-763b-4769-8d14-65f7439910de_jpeg.rf.b7113e5271f5051eb98c1969731ff146.jpg 197,140,320,381,1
vlcsnap-00596-Copy-2-_jpg.rf.24d3d790221b305181a02318713f2f50.jpg 143,203,416,413,0 98,158,147,243,0
vlcsnap-00604-Copy-2-_jpg.rf.1dc058ebd041c86d6354d3e3bf0eb996.jpg 164,222,416,416,0 95,118,155,245,3
0a1946dc-e077-4226-b756-527f2317f290_jpeg.rf.aad5d0324038a8bf10d48fa1f2b685f6.jpg 73,0,254,329,0
vlcsnap-00597-Copy-2-_jpg.rf.10e37d9691314d6fd458ab60cbe8868d.jpg 138,178,416,416,0
16_jpg.rf.095fdd30aaafe4f73df135795406b870.jpg 73,95,407,231,3
vlcsnap-00615-Copy-2-_jpg.rf.e6545455b36127a3a50ad3bb1d8dc47b.jpg 171,231,416,416,0
0a0780c7-41c7-4115-a8fd-351eb46c1a69_jpeg.rf.dbaa589fb62dc6f409182fff43e0e087.jpg 124,25,282,327,0
bus-155-_jpg.rf.7b20badc4568970f952ef329633da1f3.jpg 77,100,285,380,3 280,174,358,305,3 352,194,416,303,3
bicycle-137-_jpg.rf.d8d24321dfb922d4d13cfff9dff15839.jpg 128,126,195,198,1 217,106,270,183,1 280,110,331,176,1
vlcsnap-2022-03-13-22h07m09s962_jpg.rf.f872429cd217c873e02a5c7bf3351dc9.jpg 0,1,211,416,5
5fa6cf2f-f964-4efb-afe7-8daac2c43c0e_jpeg.rf.023c0371284fa1f4759fdac3032734aa.jpg 164,128,272,371,1
vlcsnap-00613-Copy-2-_jpg.rf.3a9a0253f1a64a8ca66b07d845940053.jpg 101,0,416,416,3
0a067f76-625b-470f-af46-cb4af64f0571_jpeg.rf.96aca02cbd0bdc8268b07219aee9096c.jpg 118,1,311,308,0
vlcsnap-2022-03-14-09h11m32s644_jpg.rf.b5e70e664b2e4bb4f59998d46d898eba.jpg 0,0,204,416,5
vlcsnap-00013-Copy-2-_jpg.rf.b4280285dc30d4c904feceb659d4e51c.jpg 156,205,416,416,0
Screenshot-2024-04-29-142740_png.rf.229624aef3e36667e0badee283d2d803.jpg 41,0,343,416,5
bicycle-142-_jpg.rf.c80df2cb68b676d753a4dd58bf08c85f.jpg 85,223,262,404,1
vlcsnap-00600-Copy-2-_jpg.rf.7101a5f1a5eedaed367b99d47f036ba1.jpg 129,0,416,416,5
vlcsnap-00595-Copy-2-_jpg.rf.8b62b08ef456a65e324aba514df1f00e.jpg 155,230,413,416,0 104,164,182,305,0
vlcsnap-00598-Copy-2-_jpg.rf.e99824cd36184c522b0bdb304de63172.jpg 165,251,416,416,0 97,84,144,220,5
16012-colt-jual-mobil-mitsubishi-can_jpg.rf.0de5ee8dcce5d86102bb669e3d26dc7b.jpg 33,131,416,368,2
vlcsnap-2022-03-13-23h23m23s354_jpg.rf.76007550c73a5be6e5043899a2f0790d.jpg 0,136,188,416,2
2JPOFLU0NPTJ_jpg.rf.dcc6fab901290c6ed143fc65e0fcf3e1.jpg 35,206,155,325,1
07a6e263-7f43-4173-aa4c-3a777731cc98_jpeg.rf.528ba1038992385b541283b92192788e.jpg 128,2,334,416,2
0a3cb886-1ec7-43dd-b7f1-b37e57deea7b_jpeg.rf.a916910534774d5cc5100c0d5e990099.jpg 128,0,348,325,2
vlcsnap-2022-03-13-20h29m25s652_jpg.rf.50fb298423708f164197f52dacde4f66.jpg 0,251,159,416,0 153,207,199,281,0
0a302b25-3d0a-4681-9c8c-114acb68f55e_jpeg.rf.b75520dab0e3e0b6b5ed4e1d0281ee53.jpg 123,45,296,374,0
9ff6031f-44a3-4299-9be4-23b0e548bae6_jpeg.rf.13f68830f12b63fa7e0a163380f6bf94.jpg 37,0,286,271,3
IMG_20240130_210900_jpg.rf.b8542d96152705b8a60b66bb1da37cc1.jpg 43,48,415,416,4
0a0999ec-9514-484f-a70f-635c3c5d6c71_jpeg.rf.54785c6ab4bc9ced4d69ab1ec43638b1.jpg 77,58,246,414,0
vlcsnap-00617-Copy-2-_jpg.rf.28112a164e30ab8fad26f94d09bcfeaa.jpg 104,49,416,375,5
vlcsnap-2022-03-14-08h29m18s767_jpg.rf.dd1ff213faff7571a0b6e22e99478f34.jpg 0,2,202,416,5
bus-120_jpg.rf.6c3510b2b6e4d93cfff82955e9388f51.jpg 48,65,305,367,3
vlcsnap-00468-Copy-2-_jpg.rf.7db5b3d33e490883abe9c3bd561debcf.jpg 160,226,416,415,0 102,126,168,264,7
3_jpg.rf.194994e6ae389d02e69c241c4ee5b4a1.jpg 0,91,416,309,3
bus-119_jpg.rf.d32b9063d8913b07730c7b4adb295b1e.jpg 8,58,339,400,3
ambulance-76-_jpg.rf.068a9c91b3dd6ca7c52bba31e30cb588.jpg 19,86,291,412,4 290,59,376,205,4 364,52,395,120,4
0ee441e1-10de-40ff-a231-995a858b5de3_jpeg.rf.9339b43a8983e942bdb5ed1a717b0de6.jpg 117,143,216,373,1
bicycle-140-_jpg.rf.1fabc27d2411cbb7b68a700c4028ee67.jpg 148,217,268,341,1 253,196,302,260,1
vlcsnap-00601-Copy-2-_jpg.rf.f078b926be402154928960901848d75a.jpg 158,202,416,414,0 97,149,125,204,0
vlcsnap-2022-03-13-23h26m22s009_jpg.rf.b743e384da58d52e5e354d9361c7c405.jpg 0,86,200,416,2
0a3803c2-ea10-4ca9-82b8-d112f64f4f54_jpeg.rf.945d94b8a612bdafc70990cdd309525f.jpg 89,6,268,384,0
2-wheeler-driving-on-streets_3_jpeg.rf.6d774d60157ef23c4e123633aba567cd.jpg 1,264,74,416,1 208,163,257,274,1 254,166,324,320,1 339,201,416,416,1 190,129,210,175,1 152,119,163,144,1
vlcsnap-00616-Copy-2-_jpg.rf.ca425f95605a1881bb21f1a29b184f44.jpg 143,179,416,416,0
47533xcitefun-ziotiu-_jpg.rf.4b3e31478a0d31f8b693670c0ccbff0b.jpg 2,3,412,394,4
0d3c657c-f902-437f-88fb-82584ef76e3b_jpeg.rf.316e2c6979be7c09543e2b6b0d85149c.jpg 117,132,192,366,1
vlcsnap-00449-Copy-2-_jpg.rf.5b1190908af0701aa88d25262c95eb08.jpg 175,242,416,416,0 103,72,178,241,5
image-1-_jpeg.rf.624cc810dbc5d674ba77cfb913b03553.jpg 25,23,387,416,0
LPC-07_DTP-2_DTP-2_20240310170937_20240310181125_2_1G_mp4-0017_jpg.rf.0146bf4d431cfbce6389b0c0fc43a6ea.jpg 123,0,319,288,3
0a404d26-1eec-4bd2-908a-43020f649eb4_jpeg.rf.77d37d64c4223a687c0bf8238e383526.jpg 69,0,279,314,5
vlcsnap-00614-Copy-2-_jpg.rf.df97792f4de927d32af9ad9bfd6725fc.jpg 128,89,416,416,2
04ac80df569f6b6ae7e01c88fdebeaaf_jpg.rf.9fa0444345ee6b6649e7072f215bf062.jpg 45,54,374,415,5
bus-153-_jpg.rf.1ef6526e7958a2cdf3109a98671b1814.jpg 110,134,237,289,3 255,44,412,342,3
ambulance-204-_jpg.rf.76798a4933c0976b7a2ea19c5fe8c02e.jpg 24,63,369,352,4
2-Komatsu-autonomouos-truck-930E-4AT_opt_jpeg.rf.41519188cac35ab027351604fe3cbb66.jpg 82,80,326,290,5
OIP-C3mxAXPxVCpBbFTrWHbF8QHaFj_jpg.rf.5240c50d3a61317e3e13cda7d8d5315d.jpg 16,28,406,381,5
vlcsnap-2022-03-14-08h30m04s342_jpg.rf.7afddcdc89b275c0fe744a521f11f032.jpg 0,0,211,416,5
380MXLED0E29_jpg.rf.42bf08037bc0ecf85dece29c8cf7ad3d.jpg 40,34,394,403,1
IMG_20240130_210913_jpg.rf.b49439946fe5c6e59f40759169307846.jpg 0,29,367,358,4
0a0c4e89-cbf0-4a01-b5c2-fd574078bec2_jpeg.rf.5c3adb2c60b7916e7ea769292a2fa2fd.jpg 47,2,298,348,5
bus-121_jpg.rf.3266c98d56a6338ad44576e0c04c617c.jpg 127,80,303,341,3
bus-155-_jpg.rf.598fa48d33359ee8912622f6415bf558.jpg 77,100,285,380,3 280,174,358,305,3 352,194,416,303,3
vlcsnap-2022-03-13-20h29m40s956_jpg.rf.b6e0cb1e7b4fc356e93d9020e08e1178.jpg 0,248,171,416,0
17828_5789ACS01_1-1_jpg.rf.d866171e9956abaf819ef2d259536099.jpg 39,49,383,353,2
bus-115_jpg.rf.d227411b759df938f144faf34b8f4ef5.jpg 162,47,338,334,3
0a5a9772-b58c-430c-a030-00700e7d0071_jpeg.rf.1b257ace3c14bcc9e60667e54dbc51a7.jpg 54,1,256,369,0
Screenshot-2024-05-30-123838_png.rf.7998adfed45719cf6bf8f4fec82bcc6b.jpg 64,0,228,138,5
vlcsnap-00467-Copy-2-_jpg.rf.bbb6fffe9a2dc997890975e5023de171.jpg 154,209,416,416,0 110,156,156,243,0
482-11-Force-Traveller-ambulance_jpg.rf.4e2346417231dfaf64f53fa387fe7796.jpg 24,34,401,398,4
vlcsnap-2022-03-14-09h00m57s451_jpg.rf.1bbd71660788f970bcec5784cfadc0f9.jpg 0,0,205,416,5
vlcsnap-00479-Copy-2-_jpg.rf.3a0912f96bdf357891d36324c18a4e94.jpg 140,123,416,416,0 94,142,146,252,0
00000017_jpg.rf.cc89fa2e4e57acd43cac181e44ed023c.jpg 23,94,203,350,5
Grove-GMK6400-1-The-strongest-six-axle-crane-on-the-market-00031_jpg.rf.a047879452280621ccb9ad7d5d4d5596.jpg 131,141,340,280,5
vlcsnap-2022-03-13-23h13m27s910_jpg.rf.cd82b3a3ff3d6acdb728de77a26d162a.jpg 0,86,183,416,2
vlcsnap-00478-Copy-2-_jpg.rf.10203c0bfbb518f56093402f3753703a.jpg 171,247,416,416,0
0a624332-4c0b-4118-bada-e9659197e046_jpeg.rf.a0608c25b649b21182d38152702dacff.jpg 88,1,303,326,2
vlcsnap-00497-Copy-2-_jpg.rf.a6396b12a99b730a1599fd07849d5309.jpg 146,229,416,416,0 95,78,169,231,5
0a55417a-38f4-4c0b-b849-ee5e891dac16_jpeg.rf.2d191293275640a083914d38b031f4dc.jpg 70,33,249,363,0
ambulance-229-_jpg.rf.6d72b49988893ed0e9ce6747d0185e34.jpg 1,65,69,248,4 53,75,163,235,4 143,86,241,224,4 222,94,294,214,4 281,99,341,211,4 326,106,402,180,4
vlcsnap-2022-03-15-09h50m03s455_jpg.rf.c4d89441d024082135f471fa83f9b92e.jpg 0,100,209,416,3
vlcsnap-2022-03-14-00h07m29s577_jpg.rf.c7362b72d9200eaeef0e6cc7dbbec6d0.jpg 0,126,173,416,2
vlcsnap-00532-Copy-2-_jpg.rf.f8c021661cad211d396463499c9e8bf9.jpg 151,216,410,416,0 99,76,146,215,7
vlcsnap-00533-Copy-2-_jpg.rf.c37b032ebb09d1abb74060a4ed68d1b7.jpg 107,0,416,415,5
17828_6137AFS01_11_jpg.rf.ab614c83a0bc8544b73bed32e22098f4.jpg 29,46,382,394,2
Screenshot-2024-04-29-161454_png.rf.f553e449e799b9668639d137d399bc4f.jpg 10,3,415,405,0
0a63cc53-ca6d-46ac-bc56-340d7a9e53e5_jpeg.rf.c42defb53eba0c9af67063521d538970.jpg 97,0,303,389,5
0a3ad86b-7a35-4627-8a48-405d9c0d5ee8_jpeg.rf.2232d9c1399a0749f8b77244ddec6da2.jpg 84,0,311,324,5
00000019-2-_jpg.rf.8866f2e05df2793c277cece44a928c03.jpg 74,20,307,396,5
06eec995-27b8-4199-ad14-7f19c8139147_jpeg.rf.91b8b328a7ea05c75e11a910c28dd40a.jpg 46,1,205,347,2
0a3ced8b-4d49-4853-a120-3f050f2d0988_jpeg.rf.f4ff155b7de05d7ae78460c99b1f14fb.jpg 74,1,278,330,0
6ac9b324-fe24-4782-90e8-2575ab94500e_jpeg.rf.63021df8d1f991fad4c3a814875b7022.jpg 77,0,341,322,3
vlcsnap-2022-03-14-10h49m23s969_jpg.rf.878c56c383eb721ed6b5668e0b4e3e2a.jpg 0,2,216,416,5
0a3957b5-a4ad-4a70-855a-7623e9499535_jpeg.rf.a76c71cb74f807d126b137c210e5db2d.jpg 109,18,263,339,0
0aa29f21-e970-4ae5-8ac8-c9a7cd177a41_jpeg.rf.77bafcff1c25e1e80b6b86d101787acb.jpg 88,2,263,328,0
IMG-20240127-WA0060_jpg.rf.489c62e810fbeb6507b3ab0747ee4387.jpg 151,181,386,314,3
vlcsnap-2022-03-13-23h29m32s179_jpg.rf.ce7be202d3be8b57a771b7e22105fc87.jpg 0,69,204,416,2
OIP-zHxpkAK6VRYeYHjKfE0PFQHaFj_jpg.rf.2d93af49255f0d18719fb87bdfa4357e.jpg 21,78,394,342,5
04f59efc-cd27-4746-88e4-22bb3938cc75_jpeg.rf.f7a90e5d92d8f102093426e8a61ac385.jpg 125,49,221,300,1
vlcsnap-2022-03-13-20h35m09s152_jpg.rf.dfa1877556bc224c46aca90c206c745e.jpg 0,242,166,416,0 191,179,207,227,0
vlcsnap-2022-03-15-09h44m38s340_jpg.rf.31f30ae29be93a3f3ee0675c78be381c.jpg 0,113,203,415,3
2-wheeler-driving-on-streets_25_jpeg.rf.ee20e282d535a25489626aa884f3e9b9.jpg 72,199,373,386,1
0a82135e-1e8e-4edc-b2be-b73e3ec2e487_jpeg.rf.dca6ea69f43f9b6d0bd3f278889de777.jpg 81,60,252,372,0
vlcsnap-2022-03-13-20h30m08s683_jpg.rf.92f3fbe005eef423330efe0d45d9f60e.jpg 0,215,175,416,0 162,201,205,264,0
0a9ab768-d925-4e7a-a88b-1338033fb23c_jpeg.rf.f2121d37f3477bd75a8e11ae77643e6a.jpg 119,2,320,369,0
ambulance-166-_jpg.rf.daa6a0484274edb90cd092ea66b8c0e4.jpg 0,64,348,415,4
3a92a6e7-debd-4b26-a08d-a7a00b87b04b_jpeg.rf.7f26daa656f6a0669d7c5b7e5d38cb2b.jpg 129,2,314,352,2
bicycle-144-_jpg.rf.22ed261856f1d90bcc5249914013eb8f.jpg 1,207,135,416,1 161,168,279,382,1
vlcsnap-2022-03-14-08h40m49s800_jpg.rf.e4c96647203801440a1607da44f05846.jpg 0,0,205,416,5
0a441b18-7825-4821-ba55-e5c86390ab2e_jpeg.rf.2c0db1a3e19e511f8a53bb4ce294746a.jpg 54,2,294,388,5
00000018-2-_jpg.rf.d462197bf7ac74cf853bca69cad4c0b0.jpg 26,35,352,377,5
vlcsnap-00015-Copy-2-_jpg.rf.ddffab8ed55144c066e2a8b4aaea5949.jpg 117,99,416,415,2
00000019_jpg.rf.e2e7b47c2ed06db11af42e6e867c8481.jpg 10,42,386,367,5
2-wheeler-travel-on-streets_5_png.rf.ee7f79ff900e648b1a920d856d85ee82.jpg 7,189,88,411,1 83,218,172,412,1 196,161,235,292,1 250,144,285,263,1 345,116,360,172,1
1996-jeep-cherokee-xj-sport-4-d-trop_jpg.rf.22577e4f712530b56060ba86cbf55b1b.jpg 113,114,326,339,0
ambulance-430-_jpg.rf.faded36602ad3cd81fc1dc0b18ac6723.jpg 45,61,376,321,4
bicycle-269-_jpg.rf.8c90b857ed52e78455e51fe0b419fa18.jpg 0,64,416,401,1
vlcsnap-2022-03-14-12h21m12s371_jpg.rf.78c195ab0a79a5d4ba928d8446f141ba.jpg 0,144,180,415,2
h1_jpg.rf.348e46b7508d675433a3eb08a90c80a9.jpg 83,14,295,393,0
18d920f2-dc8e-4fbb-b161-6126a9720b75_jpeg.rf.218575162d9ebc8e4602d344caa8bba3.jpg 90,0,324,324,5
bicycle-27-_jpg.rf.1b918ed6393b30a05381d2aa498ffbbd.jpg 57,15,342,409,1
vlcsnap-2022-03-14-09h38m50s201_jpg.rf.44172b71503a056dcba4effca4675ef1.jpg 0,50,211,416,5
vlcsnap-2022-03-14-09h31m30s574_jpg.rf.0cd020332edbefaf9537dfd501ce91cf.jpg 0,0,213,416,5
aaf1bbc83654f71150d7bed74ecaa91e_jpg.rf.b8907f5aac03640c878dd4435a17cdaa.jpg 3,1,407,415,2
B60LJ7PFLQEW_jpg.rf.e65b75ba822339f666f56f7ca5303bfd.jpg 157,159,416,416,1
Screenshot-2024-05-30-125311_png.rf.ec4f4d5b4e59a5a5e57be2ba2f7e6710.jpg 28,1,264,329,0
2-1761134619-Mobil-Jeep-Rubicon-Spor_jpg.rf.d74040b6cad5dd86829c1a0d87b3ff4d.jpg 13,83,385,361,0
bus-117-_jpg.rf.6b9229ae7ff3e605d320fb3091b70afe.jpg 176,130,416,298,3
2-wheeler-travel-on-streets_55_jpeg.rf.ed8ab02a5cb6eb2565255a24ad37e221.jpg 226,184,319,357,1 134,188,193,357,1
h24_jpg.rf.881819c000c2a65bcdaf3078ff1c4f42.jpg 3,44,143,270,0
13a1ee6d-826c-49db-a179-331bebff66b8_jpeg.rf.cfd03ded8c996b4a0bd753c650788369.jpg 88,0,325,331,5
h52_jpg.rf.d845e22a12146e24361a0c0e2be2ed77.jpg 110,0,369,416,0
bicycle-267-_jpg.rf.880828034596012001edbc85f7cc9ca1.jpg 24,13,395,323,1
AMIN50DGVCCU_jpg.rf.0c5a15f71eb1c32fd9b90bff5bb75128.jpg 38,12,370,409,1
photo_2024-02-12_19-48-22_jpg.rf.f39fa3280314eeacfaaea2987123772f.jpg 74,69,334,378,0
image01784_jpg.rf.2e03f080772a4708ce85af627ec1be07.jpg 67,98,331,364,2
00000078-2-_jpg.rf.16a2d260e9d255f508627c5b36dc7290.jpg 53,37,359,386,5
vlcsnap-00059-Copy-2-_jpg.rf.4317e41441e49ee803cf6ec848fb53e0.jpg 143,125,416,416,2
1f37f2480d1f37dbbbf224569e425ac2_jpg.rf.fbc4747e8baa677c5ecb432a8dbcd2e1.jpg 0,25,415,385,0
5bd84e4b-588b-489a-9efa-4d01df178d30_jpeg.rf.f973f69262b47e2e4fdedae807d509cf.jpg 114,102,213,364,1
bicycle-276-_jpg.rf.76db4d53c11ef6851fd82d5b1d20dec0.jpg 6,58,396,355,1
WhatsApp-Image-2023-12-13-at-16-10-41_34fcb6ef_jpg.rf.a54352668808042c4c57cfa7614d3c72.jpg 84,0,358,416,3
image-10-_jpeg_jpg.rf.06b5be7ca1abbda555e9007a6c4e1b2e.jpg 18,90,394,373,0
1a41719f-200b-4339-98cd-f29d1aaa3212_jpeg.rf.3519950eb8fe0977babe29ced268d882.jpg 71,44,249,374,0
bus-121-_jpg.rf.59ee2645c608bb3b5d042290715130dc.jpg 52,178,261,301,3 287,173,318,243,3
vlcsnap-2022-03-15-13h29m14s817_jpg.rf.6c37a6918e34616efbd790f5d48102b3.jpg 0,0,204,416,5
vlcsnap-00060-Copy-2-_jpg.rf.647f708180f251838d9d2ba31e4b7bd6.jpg 154,261,416,416,0 278,209,346,287,1
26_jpg.rf.4c40b3db51a14d3981e38ac78b4f4020.jpg 144,139,331,345,0
ambulance-321-_jpg.rf.0c926e9fbd4680ef57cbe31415e15b6f.jpg 31,0,294,388,4
vlcsnap-2022-03-14-16h24m58s159_jpg.rf.8e94825fa1814fc5d2f7f32cd472867a.jpg 0,0,211,416,5
1a4cfe44-c989-48f9-9775-0bbabcf6c3f0_jpeg.rf.ad5cb6100a95870d31d9d81d52f541a7.jpg 81,43,237,334,0
2a9fa17e-d98c-483c-8ba2-db81ed1bbc21_jpeg.rf.fed1ff1923712ba6488aabd089dba9c4.jpg 178,159,283,392,1
ad-assets-2F17828-5812AIS01-2Ffield_jpg.rf.4707d60f0d4d110d40a17d1e0d41396d.jpg 35,11,374,390,2
bus-166_jpg.rf.242c570b81e3d94af192c52524f4a697.jpg 0,133,409,407,3
bicycle-278-_jpg.rf.90c76229a70b5d6838030fb9d679b78b.jpg 111,0,292,416,1
images-17-_jpeg.rf.e78ec9ac5f2df56edec6d5086f012feb.jpg 0,6,402,416,0
2-wheeler-travel-on-streets_65_jpeg.rf.252d01a6317ba377198f0d1f276e45eb.jpg 314,116,372,250,1 277,46,295,98,1 86,231,157,416,1 248,30,258,56,1 197,35,209,87,1
bus-165_jpg.rf.5ec97deab147848b3c3c46f2aa0fb2ca.jpg 32,20,385,346,3
bus-126-_jpg.rf.27b930827bd46d1e372fab7f8aa06e95.jpg 201,159,377,263,3
vlcsnap-2022-03-14-10h05m15s136_jpg.rf.7ec56e8ffaa1dfbd1aa4ca80616ae253.jpg 0,0,211,416,5
2004-Jeep-Liberty-Sport-1J4GL48KX4W2_jpg.rf.0ea08b12c0a335517a2a2b148f6cf140.jpg 37,45,386,362,0
bus-147_jpg.rf.382492b362258f4706fdcaee09e04b7a.jpg 33,37,275,355,3 250,127,405,317,3
IMG_20240130_211557_jpg.rf.841342e958585fc89758a6944c8b6e19.jpg 34,138,292,327,4
vlcsnap-2022-03-13-20h45m45s779_jpg.rf.e728143d325a0e8257e2a05f1819b0a2.jpg 0,0,212,416,5
847666-2012-mitsubishi-fuso-super-gr_jpg.rf.5f22c403e2d36a44b4b3b63340b42a70.jpg 76,85,313,347,2
1a4d3aed-3fcd-4bbc-92f6-7693914d59cc_jpeg.rf.499cca7b7e55b7cd225d0f8b1d443734.jpg 66,68,217,332,0
bus-119-_jpg.rf.77fd0be5997d8beaebecbe1d71720642.jpg 25,45,310,361,3 309,178,403,243,3
427983034_292229193874489_8040852945169178003_n_jpg.rf.9911bcabecfda3394fc194a32bca380a.jpg 88,41,331,338,0
vlcsnap-2022-03-13-20h39m14s977_jpg.rf.8556d61662f3ac7da5e889abef52a24c.jpg 0,75,198,416,2
Screenshot-2024-04-30-152029_png.rf.d3c6e3a3cc0bf39aadbf77b20b3d9c77.jpg 7,0,416,411,0
1_jpg.rf.cde11853db37597f2c3cc3a89451533c.jpg 55,30,392,406,0
vlcsnap-2022-03-16-08h52m43s294_jpg.rf.690830733fa10d3150f90fe17afb5577.jpg 0,107,208,416,3
vlcsnap-2022-03-13-19h57m54s219_jpg.rf.58c647079a083e69019de8588af6616a.jpg 0,246,160,416,0 163,195,208,260,0
354338901_4719965624793806_4611809797953477325_n_jpg.rf.4f0424c900b620c79ffcfbaafad25ee5.jpg 0,73,416,295,0
00000000-2-_jpg.rf.bb46b1f8ca9105873b5b4c56e0c76160.jpg 46,1,354,416,5 25,158,69,293,5
Screenshot-2024-04-10-174100_png.rf.a15228a6ccf405c2943969e66710c629.jpg 116,87,416,361,2
417399707_122128853906113206_5134739893649633470_n_jpg.rf.32265902471f696d4d1693e21a771559.jpg 15,131,406,369,0
426175907_970828214404434_4656799977044860568_n_jpg.rf.e545ea64a534a106e6e72fafaa39243d.jpg 42,49,412,382,0
07LPZBLFON79_jpg.rf.6cb8a01dd3c7aa3dc5abb9e4f6b88ba7.jpg 11,96,416,322,1
vlcsnap-2022-03-13-21h37m49s118_jpg.rf.9b835cd58a50820ed654069dbd92e7e8.jpg 0,103,202,416,3
286402499_3355420261410889_539030490215963243_n_jpg.rf.70215dae4b976cb9616acd7f59a09e19.jpg 43,52,268,368,3 1,214,45,258,1
1_jpeg.rf.5046f723a3af8d15ad4576319bace403.jpg 18,20,351,352,2
347841411_206883158825132_3705422019835387363_n_jpg.rf.a291f1b62ebb48fe880229cb44d123c0.jpg 6,86,399,304,1
vlcsnap-2022-03-14-20h57m08s082_jpg.rf.6fc084fd7a0a4fddcde70ab8c8adad52.jpg 0,188,159,416,2
bus-206-_jpg.rf.aaa248352a630d33c1844e7728626c2e.jpg 0,0,275,416,3
55_jpg.rf.8731c432442bcc02db6f65a2847ca2a5.jpg 61,109,281,381,0
374ec426-CBT_Dharwad_2926_3_14_2023_13_57_04_jpg.rf.572008e9f4cd0f5dbc69af659fd1e311.jpg 100,113,338,260,1 303,60,416,178,6 35,79,81,124,1
vlcsnap-2022-03-13-22h08m04s161_jpg.rf.40e8a20a92987195a425e3b144f82777.jpg 1,0,212,416,5
ambulance-266-_jpg.rf.8a1e314623bb690ce93c64360d63d08c.jpg 254,64,390,349,4 191,70,274,327,4 145,81,198,304,4
Screenshot-2024-05-18-143552_png.rf.93e07896f643a40651a7fc23944e37b1.jpg 0,1,416,416,0
00b56b0d-b41b-46dc-88ab-fc26a307ee94_jpeg.rf.c7541563e8db75c901fc63387427fb61.jpg 117,51,267,335,0
vlcsnap-2022-03-13-21h31m31s294_jpg.rf.c4ecffb05e9916d219422136d26086a6.jpg 0,0,207,416,5
vlcsnap-00002-Copy-2-_jpg.rf.08dc7e758893d0e1675a39e7ad3bcb71.jpg 110,46,414,416,2
vlcsnap-2022-03-13-21h23m12s968_jpg.rf.0d5950a6c01976df885e7028772903bf.jpg 0,0,217,416,5
vlcsnap-2022-03-13-20h25m42s914_jpg.rf.58bebc42fffb63667c3e730f22201974.jpg 0,2,206,416,5
3c9e5f00-dcde-4840-a39d-9f425f36fd3f_jpeg.rf.76cded6deb365370e6df103ead5930ed.jpg 35,0,314,293,3
28_jpg.rf.d53db325edb2a8a33cf5736f931b234e.jpg 24,90,366,387,0
001ce6d3-b05c-498c-a0ec-357ef67d4a3f_jpeg.rf.a0888e1a3b4063dcc35cc5e91acd6ea5.jpg 118,43,269,308,0
LCV9_jpg.rf.e6cd1847cc08f1edd12188b329cac7b5.jpg 45,100,393,334,2
00000071-2-_jpg.rf.355e1f35bef4c2b5b656939cffeb8e7e.jpg 147,56,394,403,5
-peoplefor-an-illness-or-injuryhospital-medicalambulances-1701527408333obg4z_png.rf.141d8d0ef193f493b04b4a587120f24d.jpg 97,124,309,374,4
00daf9c6-7f97-4a4b-ae01-a578c49c354f_jpeg.rf.f372a6c1b1b467a2bfc09dd1358be4c2.jpg 113,50,289,374,0
vlcsnap-2022-03-13-19h58m06s006_jpg.rf.926ef52eb7fc66ae5080b344e41bd1ec.jpg 0,238,169,416,0
OIP-wRC9L4da6Eo6fzXXQKd8kAHaFj_jpg.rf.6b7928ba028e056d9e343cce2225a42e.jpg 0,35,411,351,5
00d8fab8-cf99-47f7-a2a4-9585db53e5cd_jpeg.rf.5fef71924ccb82a29dde5df57ca05605.jpg 80,1,271,301,2
vlcsnap-00048-Copy-2-_jpg.rf.923e32391f7e3870a559d6fba8108bec.jpg 172,223,416,416,0 109,157,127,181,1
vlcsnap-2022-03-14-12h56m44s301_jpg.rf.76374153f16178e96bd503b7c370e31e.jpg 0,106,208,416,3
OIP-eS-TOvrTqqUvWa7Bj47aHQHaFj_jpg.rf.825c7c79be997292fefc40516144cac6.jpg 9,17,394,409,5
vlcsnap-2022-03-13-21h25m10s650_jpg.rf.18de19f50383a27150c1352ec2aedfc9.jpg 0,116,182,416,2
bus-102_jpg.rf.cfd1bb73decf74c35c6972c4cc22b2e3.jpg 12,12,379,331,3
00bd1699-9266-43dd-b54b-be0da6f4f3ce_jpeg.rf.4e09780dd0306c2f20616374dada8484.jpg 67,43,216,309,0
vlcsnap-2022-03-13-22h08m31s925_jpg.rf.a91b0ef3565aaa1e8100ab2fa94f6b0b.jpg 0,0,204,416,5
2-wheeler-driving-on-streets_12_jpeg.rf.e669bada8f4bcf4d8531bb03539d717f.jpg 2,122,181,416,1 193,78,258,207,1 269,110,393,336,1
bus-100-_jpg.rf.bee8bfae167af8776583c9c28f33002f.jpg 73,87,349,327,3
00e2de48-03ff-4bff-b5e9-e067ef1dbfd1_jpeg.rf.b2bd11feb5b5685047996e88dca82b0e.jpg 147,2,330,384,0
vlcsnap-2022-03-13-21h17m28s970_jpg.rf.21ff386bcd907c65e41b75d20a606059.jpg 0,118,201,416,2
ambulance-14-_jpg.rf.30ea315bb37d46f6bbe0a4c9714bec5d.jpg 115,91,371,330,4
vlcsnap-2022-03-13-21h32m37s480_jpg.rf.8c953ec208735ac8923aa3848ffa8d53.jpg 0,254,165,416,0
vlcsnap-2022-03-13-20h26m32s848_jpg.rf.e0ec0d5cf77f46f8fdf3d157fa408a0e.jpg 0,70,205,416,5
002e9b8e-471a-4a2d-8616-94248a12e2ca_jpeg.rf.b0bd7c052bd2caae707bf64584ed2e39.jpg 62,2,302,344,2
images_jpg.rf.0f934de685451e838525a6d87f17d77c.jpg 0,92,412,367,4
vlcsnap-2022-03-13-19h58m17s041_jpg.rf.bc307c80bb529a9152f3de3a3f605d34.jpg 0,233,180,416,0
ambulance-19-_jpg.rf.977e184834599e8d21c8618bc2195e9f.jpg 12,25,405,403,4
2021-Jeep-Wrangler-2021-Jeep-Wrangle_jpg.rf.82ce8f414ad17a1bedb4265e1ce7e5d3.jpg 90,65,318,337,0
bus-10-_jpg.rf.79eb2d313bc446ee1d03bb83179e7ed7.jpg 52,78,197,356,3 339,142,412,295,3 1,123,66,315,3 199,125,253,220,3
003fcc2f-6627-40e9-87dc-568adcff8b29_jpeg.rf.b441cc19554b7c02d7f20f82fc90efe8.jpg 61,1,307,330,5
00000001-2-_jpg.rf.6a9ff87e6d229aa5412167f93c86d102.jpg 4,10,368,414,5
-peoplefor-an-illness-or-injuryhospital-medicalambulances-17015274053493pgy3_png.rf.765088e28d9c50760b01e3e58bdb6450.jpg 13,15,389,399,4
bus-101_jpg.rf.1bca456748a416636692c27a2a0699f8.jpg 8,48,406,332,3
1c11a741-b205-45f5-907e-785783e09a01_jpeg.rf.d63522b9dc22c162fb27338271d82fb4.jpg 251,148,315,340,1
005ab966-7b77-4f23-9258-972201999431_jpeg.rf.fdfb95fd689c150b6e75e742073aae40.jpg 107,1,349,320,5
-3163ca687f_jpg.rf.bbd153c7d3eecdb2ed0cc73e28faaa6a.jpg 26,3,392,404,2
bus-100_jpg.rf.7708ecc71b26c2e53961f5d5fd3e58c0.jpg 38,45,405,379,3
00abe864-1c86-425c-82b2-4393691b192b_jpeg.rf.f927f7383668604520b6ae7b56c470b3.jpg 181,28,327,281,0
00d19413-40a9-49b8-8cd7-2799dafd594f_jpeg.rf.bd9f85e0241bcfb80269a6bf8f28f372.jpg 72,2,275,381,5
00000002-2-_jpg.rf.a9cca3fc9f1f0440fd2397fa12b6bdd1.jpg 84,101,376,393,5
vlcsnap-00001-Copy-2-_jpg.rf.fc8fd9aea5bd2a1f8bff11e207a40f37.jpg 184,240,416,416,0 106,170,156,263,0
vlcsnap-2022-03-13-19h59m42s358_jpg.rf.0d9e2a413b0e2c993bc763e7f49806ae.jpg 0,0,217,416,5
vlcsnap-00052-Copy-2-_jpg.rf.742e0e95869f59149476dac222a2688c.jpg 162,231,416,416,0 108,168,167,249,7 232,188,263,231,1
00000000_jpg.rf.3516dabde44b56aded7206f31c07aa38.jpg 70,54,343,383,5
IMG_2067_JPG.rf.11e55d3cec1bf24b6dce63d21592e1a4.jpg 27,121,384,304,1
0ce48d80-c00b-4561-857d-13a79b9e4d37_jpeg.rf.11290b5f44edbde85136283f5a0c6350.jpg 134,41,308,338,0
7a787904-8c94-49d1-a079-fc9e03c174b4_jpeg.rf.9bdc558f5f6a5c3dd0952957d64a234c.jpg 102,110,189,327,1
ambulance-16-_jpeg.rf.16237b66cf6f30b2281a37a4815d8572.jpg 165,84,289,320,4 250,124,325,289,4 295,127,354,266,4 1,21,218,398,4
bus-1-_jpg.rf.cbbba01c7948f8494cbd54a16ade4b45.jpg 14,32,416,362,3
bicycle-195-_jpg.rf.4056a2af53253ee9986660e7e987e0c3.jpg 14,17,394,401,1
Image_013563_jpg.rf.77848d1106e21b9040aa43834a0bc0a0.jpg 35,38,380,390,2
Screenshot-2024-05-18-143916_png.rf.a9cd90c68519d7a499715dae023ee463.jpg 0,2,397,416,7
vlcsnap-00028-Copy-2-_jpg.rf.a268f30bde7ab43cec4ae0ac7ba5a5f1.jpg 170,222,416,416,0 99,75,174,239,5
bus-125_jpg.rf.3fcf2e6bffa3a6586c909d0e1a0a66f3.jpg 140,96,283,361,3
0ce2f7b9-9e59-408f-b073-710efd7989fa_jpeg.rf.bc164e85e4edd6f39a7a9bb91150ac90.jpg 50,82,210,376,0
9bfa9cea-b6c1-4cac-ab8d-fdab67c8f3f4_jpeg.rf.1cba8ef0b3aa9b691007c044dd2ab04f.jpg 146,0,413,299,3
image-5-_jpeg.rf.3ed7e486ef24dfea4458ea405191fc72.jpg 31,44,319,326,0
00000041_jpg.rf.8b3d3388e92f4f2de02cca88ae93764a.jpg 114,46,416,393,5 9,95,150,251,5
ambulance-358-_jpg.rf.b3d636baa0cca1101ea4c25397e192c7.jpg 117,1,354,416,4
OIP-XwubQDyLtdKpWhwH-Bo96wHaEK_jpg.rf.42ab8a784b8b985788e13f4831e8db0a.jpg 70,16,415,407,4
18ab92f3-5b68-4187-b7b4-de65ff4dafbb_jpeg.rf.86b358ae89264b8257fa1c2937aa5b2c.jpg 41,0,260,299,5
86_jpg.rf.f2fd1df11edb7b9d08a68eccedd5d9a1.jpg 75,79,356,372,0
bus-98-_jpg.rf.035efdabc9cc845820455bb3494cfa12.jpg 38,158,323,363,3
vlcsnap-2022-03-15-11h36m38s542_jpg.rf.44afd6d9b3e65215e75f97da736a72a1.jpg 0,68,206,416,5
4b9e8206-39b9-49f5-bd37-33425824d46f_jpeg.rf.53c2a40f342b68631baa422f87638cad.jpg 63,0,292,312,3
Screenshot-2024-05-06-120048_png.rf.7476d1cc1b17e968608076e8c368ede3.jpg 2,0,396,408,0
IMG-20240212-WA0298_jpg.rf.f63b555c4440be80b6fd267afc610de4.jpg 12,152,416,362,0
04ea844d-07e6-4286-9673-e8e5ff08883f_jpeg.rf.7cea088a52dcfc62812c334ae2e93ec4.jpg 55,0,291,334,3
vlcsnap-2022-03-15-13h51m04s566_jpg.rf.7572964ae14d81b7cc2bf1cd2f368ecc.jpg 0,110,204,416,3
bus-141_jpg.rf.021b58c04f5e0b1fd098840f12a0f740.jpg 30,119,410,381,3
ambulance-130-_jpg.rf.5b63f71383254a18466087efbd9e6f95.jpg 42,1,416,416,4
ambulance-356-_jpg.rf.93680ec2b061198ce36207aacd108f7b.jpg 44,0,312,376,4
Screenshot-2024-05-30-142953_png.rf.e4bdab2a93c9629114ed1658a010c413.jpg 18,0,382,314,5
vlcsnap-2022-03-16-09h44m10s553_jpg.rf.5286be294e55a79632c43a956b41a849.jpg 0,0,217,416,5
LPC-07_DTP-2_DTP-2_20240310170937_20240310181125_2_1G_mp4-0218_jpg.rf.79418f10e8d934e217e61a4e0b083bc6.jpg 124,0,296,271,3
vlcsnap-2022-03-14-13h24m34s415_jpg.rf.d65adf1734b23de0cbd07c3e78561831.jpg 0,163,177,416,2
Screenshot-2024-05-30-123905_png.rf.212bba7c94d780fc42173cfaf6ac87c0.jpg 71,0,416,416,5
12fe57ee-63c3-4e0c-b061-e553abf4b3f5_jpeg.rf.0031cbb614b4e7cb1f7183967de25870.jpg 50,0,265,329,5
-c7cae33d7d_jpg.rf.bcf30a521d11054248100e93e0ea976a.jpg 8,83,400,396,2
73cb397a-5d15-4e18-b412-f15694cf7389_jpeg.rf.9cebab537fe293b7ee8237b2fbd8e534.jpg 29,9,248,291,3
vlcsnap-2022-03-16-10h47m53s819_jpg.rf.cd2cf2e9463dab61427125f5b526ebdd.jpg 0,0,202,416,5
vlcsnap-2022-03-14-13h21m06s701_jpg.rf.ac31c5b82ed07cc42f7eb357e5a4bee2.jpg 0,71,205,416,5
vlcsnap-2022-03-17-19h57m50s953_jpg.rf.0d45f7fb595c99f7a1a7634678c8ae71.jpg 0,1,216,416,5
0acace14-cc16-4423-95c2-bebf109ae142_jpeg.rf.79a58803987b8952305157101a2144ec.jpg 82,55,225,326,0
vlcsnap-2022-03-15-14h09m11s734_jpg.rf.fc03ff8b7fc15fdb8541aabab781d176.jpg 0,204,162,416,2
vlcsnap-2022-03-16-09h23m59s109_jpg.rf.79a7a8739a06e733d67f42db0c52bf46.jpg 0,0,203,416,5
images-87-_jpeg.rf.cf64e609436565ac20ef12f00ef3bf9f.jpg 2,22,416,416,0
vlcsnap-2022-03-16-09h38m47s754_jpg.rf.cdf20ec3417c58b1a077512374d75179.jpg 0,0,217,416,5
00000125_jpg.rf.2e77a547129f81a386bbc9f082fb329d.jpg 146,70,308,330,5
ambulance-244-_jpg.rf.4da84681648567723113ec8a277bd506.jpg 96,39,390,357,4
image02366_jpg.rf.212ff37f23cfea36e7078a54c03039dc.jpg 26,34,373,396,2
ambulance-376-_jpg.rf.d04314d51a370f16ed2afff9219d4ac4.jpg 3,59,416,385,4
LCV11_jpg.rf.871732e2e7efd58e273f42011dfecf8b.jpg 58,26,383,356,2
bicycle-154-_jpg.rf.0c3400a5e6ea27ab6b8221c959f24d57.jpg 85,177,270,374,1 27,126,86,221,1
bus-160-_jpg.rf.083ce68dc78f334c42b97f95718e5c1f.jpg 18,32,409,385,3
images-28-_jpeg.rf.6410d51ac7af7bb27bb8263375ce8e36.jpg 0,0,416,416,0
images-51-_jpg.rf.27f335360397d25f191082af9ffb489a.jpg 11,15,314,351,2
vlcsnap-2022-03-14-13h23m29s789_jpg.rf.74a5eb004fc6e65dee6392a481658c29.jpg 0,0,215,416,5
vlcsnap-2022-03-14-15h49m50s389_jpg.rf.5c9d74e5328954dd632105c8105c7d50.jpg 0,100,199,416,2
vlcsnap-2022-03-14-00h43m57s689_jpg.rf.c5a758b8208174e2a65627ea65837087.jpg 0,232,158,416,0
bus-161-_jpg.rf.f137c4d6159539daccc8924f3079a5d3.jpg 19,28,378,351,3
Screenshot-2024-03-19-145817_png.rf.24d42be5ec953359220b2129ea089999.jpg 221,68,282,139,0
ambulance-245-_jpg.rf.a8620800b9afdf3c75c83d76968535ae.jpg 15,104,397,355,4
0ac9f5cc-adbc-4ac4-b097-b27c29be6d4b_jpeg.rf.3e2c64061770a930968b1aa07e29f070.jpg 75,43,246,334,0
image-11-_jpeg.rf.fa7ea8fc4e7f5c6b4f354af984a9e0ee.jpg 3,90,356,406,0
ambulance-372-_jpg.rf.31b71ec041402eedd73e0adc5521800d.jpg 136,11,390,384,4
bus-125_jpg.rf.d65f4c7a232232d8f810da27f4a58d54.jpg 140,96,283,360,3
40_jpg.rf.9cba29ea3145ee46ee6122b125dd1f3f.jpg 73,135,366,415,0
6f6dbed8-8148-4dda-95ad-1b3035f5b331_jpeg.rf.dcb41488c22351d348ee60581c235009.jpg 45,0,328,416,3
vlcsnap-00083-Copy-2-_jpg.rf.3f3d3a671b7d95a22f47a99a43c57b05.jpg 173,230,416,416,0 103,175,165,266,0
bus-184_jpg.rf.b09dbc12e8c386b8b3c6362277c34572.jpg 62,18,312,392,3
Screenshot-2024-04-30-113552_png.rf.946b01c411bf85b2470b33d0c677ec82.jpg 13,20,408,404,5
ambulance-66-_jpg.rf.9ac47244f63be33ed08f0efa65e415a9.jpg 101,22,328,396,4
00000127_JPG.rf.247202332d5edd7990072a287975cce3.jpg 15,66,176,328,5 176,125,217,293,5 229,153,258,275,5 371,151,396,287,5
Screenshot-2024-05-30-140506_png.rf.d1cec4069580c8039a410d17dc81ea11.jpg 33,17,164,203,0
bus-50-_jpg.rf.13b4c2dca93bbae28e8ffdd5a9253a78.jpg 1,152,135,416,3 141,138,273,416,3 278,150,416,397,3
35_jpg.rf.43dedb679cc60fe7bf40642b3a118aa0.jpg 152,102,258,398,1
vlcsnap-2022-03-15-10h07m59s926_jpg.rf.e2a169a5269b81e8dc2b8d1c899d67fb.jpg 0,0,208,416,5
Image_013522_jpg.rf.ab1878a9456a59537a338dc73c07486a.jpg 0,26,379,398,2
521_jpg.rf.6b922b5032f0c70bdf243fb58a216f75.jpg 196,188,271,357,1
254434931_3189010581385192_2218890182301405202_n_jpg.rf.34dfa23e11df18dcfa4792e2c134be32.jpg 103,92,350,346,3 376,177,416,284,3 354,231,377,266,0
F68AGMVO3RRT_jpg.rf.d6de4ffb1a690852b2ed3425d1c9e4b2.jpg 9,10,414,416,1
69_jpg.rf.1ee038465be077241d7f3882ff578221.jpg 35,125,402,386,0
vlcsnap-2022-03-15-18h33m38s126_jpg.rf.9ac25f01841eb24541dbb984364727ef.jpg 0,0,223,416,5
vlcsnap-00140-Copy-2-_jpg.rf.2df630982e05284885bb4e7488721ec4.jpg 149,186,416,416,0 97,155,124,207,0
Bolero-pickup-featured-image_png_jpg.rf.20c669f08928d2cecc57dcce3f1f49bd.jpg 14,43,387,401,2
OIP-L0tcOzbC1hvUoZpB8w1N5gHaE8_jpg.rf.a708af77e4e23a210eec00a5f5c08bcc.jpg 66,97,379,342,4
bus-233_jpg.rf.c3f3635e5c4fb49f2ef8e7f0aab6db41.jpg 101,114,416,310,3
bus-53-_jpg.rf.7cb99565c37ecdc08e62854c63e3cba2.jpg 7,85,415,339,3
bus-234_jpg.rf.79e876b0d56bb670ef6087a0070be701.jpg 19,44,399,351,3
PE741P0V6LR2_jpg.rf.16dbb8262d9e1f153b5e94eb2c329797.jpg 10,7,416,415,1
Screenshot-2024-04-11-112039_png.rf.803892411bb6128ec5476b6689c6822a.jpg 158,62,314,304,2
vlcsnap-2022-03-14-18h47m07s132_jpg.rf.4d6ef88f78822673765a35bce4cf1030.jpg 0,67,207,416,5
04f1df5f-b55c-41c3-8f18-533da24bb451_jpeg.rf.41494f482a37bc48da108e375efe250b.jpg 198,105,277,335,1
00000240_jpg.rf.983ab0b95571f0ae24e067a81803fee6.jpg 108,110,394,323,5
524_jpg.rf.4c30fb533f4134cde8c4f775753ddead.jpg 98,141,317,410,1
427989744_3230576500569596_7597668468385138332_n_jpg.rf.b047cd0d465f7963b9c9ebd9ec8f3b22.jpg 28,22,388,404,0
00000238-2-_jpg.rf.1687766721e07e9e4751715f8b2a4887.jpg 35,231,310,407,5
0e696e45-1095-41fc-a867-cf25d9fa1050_jpeg.rf.82c27efe8eafe28a79883b491bc744d2.jpg 83,144,165,331,1
vlcsnap-2022-03-17-13h32m16s423_jpg.rf.b99efcf828ca98045711d4f52375c6f0.jpg 0,2,208,416,5
ambulance-154-_jpg.rf.49258f1899906f003517b647633a53b9.jpg 168,112,416,387,4
vlcsnap-2022-03-15-19h14m25s331_jpg.rf.9aea2980732c6fc35c9e3ea3c153c93f.jpg 0,0,210,416,5
bolero-maxx-pik-up-hd-0-1682676860_webp_jpg.rf.cb09157f02c96cb8128bedd44ab763e9.jpg 41,76,379,398,2
vlcsnap-2022-03-14-11h52m34s952_jpg.rf.19e4f94cb7e1b6851f59090fc0587c96.jpg 0,224,167,416,0
00000238_jpg.rf.e6200266646622ba11ef91b7027d42ca.jpg 0,0,206,407,5
WhatsApp-Image-2023-12-14-at-15-53-31_eafdf813_jpg.rf.210e5e6222c69d80d6c415f3359bda18.jpg 12,4,416,346,3
vlcsnap-00141-Copy-2-_jpg.rf.8d911bf4be147a1f34dea009173e7f68.jpg 171,224,416,416,0 98,169,158,266,0 99,154,119,193,0
bus-53-_jpg.rf.50e003073554887f6f07a00efa47815b.jpg 7,85,415,339,3
ambulance-436-_jpg.rf.ced5aa7c1d91e6c5af7925f754e6ed9f.jpg 20,54,391,352,4
vlcsnap-2022-03-14-19h01m37s968_jpg.rf.e5df07c824b98b9eed1ba333f251cd46.jpg 0,63,205,416,5
P1WAHA9UL0CD_jpg.rf.dfc43cb7062646ddb2142852f62ff4e4.jpg 13,17,416,411,1
vlcsnap-2022-03-15-11h55m00s215_jpg.rf.6578156760b1f14ea085febf29d2126b.jpg 0,71,199,416,2
vlcsnap-2022-03-14-11h52m49s933_jpg.rf.56fb143eaabf976cfdb2954b9f898a1e.jpg 0,237,178,416,0
vlcsnap-2022-03-17-14h34m47s197_jpg.rf.d4887899106d75eb3ea8f08df3def0e8.jpg 0,100,206,416,3
299380d1488215641t-ham-radio-mobile-_jpg.rf.699171d7da680ad7e30c9d5083e25fed.jpg 34,64,346,377,0
52_jpg.rf.9c3c70f14861361b66ecc0efbf41f084.jpg 99,124,260,413,1
OIP-L8DWPSDrhdDqFBZFik9muAHaFG_jpg.rf.fe9e2a54752ffbf8e02bc95697929aeb.jpg 18,28,415,294,4
0f9a2648-5260-4b03-8193-00143dc8e875_jpeg.rf.f74516cd0248cc3cc62dfc43a24c17aa.jpg 225,147,306,341,1
543_jpg.rf.8c24b5d8eb13a7bb6ba9e9c0b7c2b558.jpg 104,119,241,368,1
428332452_2612727338890896_5292025364692919648_n_jpg.rf.7755c8ec069aa53e6e29adcfbbbcdbcc.jpg 11,47,394,378,0
vlcsnap-2022-03-17-13h57m33s949_jpg.rf.8bf5a4d9fc2e9c390321a03a9cfbb5d2.jpg 0,0,217,416,5
IMG-20240212-WA0292_jpg.rf.e02463f13e23f22035dcae55fd8d93f9.jpg 43,105,371,329,0
OIP-LsIOGy3oQbSOqDeQnjoFLgHaDa_jpg.rf.f978f697df7fa081e02c65ac10d2feb7.jpg 0,0,415,413,4
bus-55-_jpg.rf.a2713266dec5845124d0913cdfcfa015.jpg 60,17,283,399,3
525_jpg.rf.c200ed2ee58db66bbf96fbb587cf73d9.jpg 68,112,360,407,1
bus-59-_jpg.rf.d5e5dfb98b6e33099ae5a3c43c44ce28.jpg 9,35,416,384,3
ambulance-457-_jpg.rf.8f8f0a6e97e0852c1ca3f69a5c984281.jpg 20,128,255,247,4 206,143,402,222,4
vlcsnap-2022-03-17-14h08m01s194_jpg.rf.53a61b9c01d8a1f309cfe4caba46398e.jpg 0,0,212,416,5
bus-55-_jpg.rf.d4b5842b3e45339f828cfa784c26ed1c.jpg 60,17,283,399,3
ambulance-444-_jpg.rf.605060312ac524dba0536070adf6e321.jpg 1,142,109,242,4 95,136,178,247,4 160,132,273,244,4 273,38,416,326,4
vlcsnap-2022-03-15-12h04m51s876_jpg.rf.1b7a5840795260d51785f2dfcddc25bd.jpg 0,88,202,416,2
ashokleyland-boss1415hb-right-1-_jpg.rf.696f5c318889f5de1997eca6e26da746.jpg 68,27,353,391,2
vlcsnap-2022-03-15-12h00m55s678_jpg.rf.31ab87f664004a57fe5649808ea30588.jpg 115,146,165,281,2
537_jpg.rf.978b9b5a9deb4806bbb9c5d0f3144a6f.jpg 11,143,386,414,1
ae44e17a-7a4a-4b34-a300-ee54c008a21b_jpeg.rf.e4e805faae4ee038c6d76b5dd19d8f20.jpg 107,1,261,367,2
ambulance-173-_jpg.rf.564e1b957d806af39ad8a22dc336c3dc.jpg 112,236,165,329,4
Screenshot_20240130_174533_jpg.rf.f0ea6e5f552d4d81494c3d58a161072a.jpg 5,89,306,328,4
vlcsnap-2022-03-14-19h02m51s415_jpg.rf.f28c4693a607096a4146721fba40f9f1.jpg 0,68,206,416,5
Q78SH2CM0715_jpg.rf.9fdafe6445f81f68abd8053def892e41.jpg 46,181,364,357,1
vlcsnap-2022-03-14-11h54m04s831_jpg.rf.dc8e704fe03199a83c8f373eac4cafc0.jpg 0,153,170,416,2
54525188_2397219197231324_7837127395965403136_n_jpg.rf.88016807b1c5d305a03a460505f39d5c.jpg 16,18,381,365,4
vlcsnap-2022-03-17-14h29m09s133_jpg.rf.d4c8e4c442ac17066486f2d5970e1699.jpg 0,0,212,416,5
Image_013549_jpg.rf.706c2886183d67b3eb75df49ea9b27aa.jpg 0,0,353,381,2
vlcsnap-2022-03-14-20h30m11s448_jpg.rf.53018f0c5cc5afadcfa014408cff2e20.jpg 0,64,207,416,5
Bolero-pickup-featured-image_png_jpg.rf.19f25ebcbd9e995c0c2842f031cecfcd.jpg 6,20,393,416,2
vlcsnap-2022-03-15-11h57m26s038_jpg.rf.8cdd83bcbd5628d36a021446e7b4b334.jpg 0,73,200,416,2
Screenshot_20240130_174445_jpg.rf.5dcddb8306fa84e4afcd89d3188e2aa2.jpg 70,105,339,324,4
Image_013543_jpg.rf.e7cd0d89c0ae7b27ad56ce9e72602014.jpg 148,61,403,394,2
b0c27499-8a52-41e8-95fd-bd9fafefc4ee_jpeg.rf.e1f38679da016babac34cec2af4ec999.jpg 80,0,260,348,2
vlcsnap-2022-03-14-12h04m49s339_jpg.rf.cb598271425dce66d004313aeb71704c.jpg 0,248,167,416,0
20210524_12_18_16_000_aeUQ5k0NyPRjwAyhlCtv61vPHEj1_F_3264_2448_jpg.rf.e9b8b08ea1ebfd959ae94b7274bab2a0.jpg 57,101,416,223,3
70_jpg.rf.7855c16db68b04bba2be807604db0062.jpg 101,144,356,350,0
ashokleyland-boss1415hb-right-1-_jpg.rf.6d7cd7717ba6adc125bc50c807a736a2.jpg 65,33,356,391,2
00000247-2-_jpg.rf.8a4adff5a3e470a238c9e6544edb1b51.jpg 180,71,319,329,5
6bb97f66-CBT_Dharwad_2926_2_8_2023_22_20_44_jpg.rf.16151a4bd1c83378ced388eaafe666f7.jpg 0,260,337,416,1
Screenshot-2024-05-02-110405_png.rf.e9090d843740364833c9c82601261aaf.jpg 246,72,416,341,0 74,73,150,165,0 205,80,250,145,0 131,28,172,118,5
ambulance-445-_jpg.rf.b7dd4d5a8b5fc72441cdb55cf6428643.jpg 7,93,148,287,4 104,114,214,262,4 188,111,274,247,4 239,112,407,239,4
OIP-mCIefOcOOc25UumakQDZ9gAAAA_jpg.rf.0d04a9f720359f7949176c311f7b10ed.jpg 99,56,285,335,4
vlcsnap-2022-03-15-19h14m54s584_jpg.rf.91e2bf5ca480dd337f786c7076b203c4.jpg 0,0,210,416,5
vlcsnap-2022-03-15-12h10m30s265_jpg.rf.959fb9f7ddbe16ac84de9fd23d744a2d.jpg 0,66,203,416,2
564_jpg.rf.896ee63b2d9bd0db5e006106dc1814b5.jpg 127,159,277,397,1
71d99e3b-Bankpur_Chowk_2453_4_16_2023_13_56_15_jpg.rf.01b1c2fd04c01fd4f5f0475a81ec5a89.jpg 6,152,54,180,1 123,86,416,214,3
Screenshot-2024-05-30-142817_png.rf.5fb60299547693dbe9dfbaef041664ab.jpg 18,0,192,217,2
vlcsnap-2022-03-17-15h06m12s526_jpg.rf.3e3137020eb303cf96c9a453f540329c.jpg 0,142,205,416,3
bus-238_jpg.rf.be22e5f8cd576d8104477a26bad1bad5.jpg 36,0,367,415,3
76ded6e9-Bankpur_Chowk_S2291_2_6_2023_11_01_42_jpg.rf.01d388250008c1a6fb0885f9a73d3f7c.jpg 138,188,357,325,1 0,43,416,249,6
WhatsApp-Image-2023-12-14-at-15-53-32_b8c4ec79_jpg.rf.d3166b2ccba65f4163016c274fa8f03d.jpg 157,129,336,213,3 32,173,107,203,0 97,182,147,210,1
QAQE0SY6Q7BR_jpg.rf.a3a0c63fd956bef0b90d7f2671de97c9.jpg 89,14,416,416,1
vlcsnap-2022-03-15-19h24m25s710_jpg.rf.fc36f5e2fb4e201e1d6bc1fff28e8b26.jpg 0,0,206,416,5
vlcsnap-2022-03-15-12h21m13s655_jpg.rf.830eb4fc36a3a3c32082efdf7d4b79b8.jpg 0,105,191,416,2
ambulance-431-_jpg.rf.a7088df7924ee1338c7a6e6d61e708e8.jpg 168,110,416,379,4
vlcsnap-2022-03-14-12h04m41s668_jpg.rf.504f46e86b992b6ef4b8f3eddc280297.jpg 0,220,172,416,0 162,194,211,266,0
583_jpg.rf.9d3b75ec91c38a4f7805793f92b7d29f.jpg 112,152,307,410,1
558_jpg.rf.e8849dd5c02fd60c9b5a9c94e69ef8a9.jpg 186,179,259,378,1
vlcsnap-2022-03-17-15h08m59s661_jpg.rf.6903d2e0f6dbef6cffdd4f4a23b50945.jpg 0,106,203,416,3
ambulance-413-_jpg.rf.64f7a3e28aa8f9dcfd2d7a67785f9454.jpg 50,109,371,372,4
bus-57-_jpg.rf.9027af42a34931723035e068eecf34d8.jpg 12,2,405,416,3
ambulance-459-_jpg.rf.f1d855b639c8f4c45539b3bd028e7b6f.jpg 120,94,246,317,4
709_jpg.rf.755c54fc6512dced6b19924c00af5077.jpg 70,126,280,416,1
ambulance-194-_jpg.rf.91a23e7a6671dd8fb11562a0fef71b3f.jpg 4,121,416,394,4
vlcsnap-2022-03-14-12h08m48s877_jpg.rf.1f1c4f97e8b239f55134b9b1709f2dce.jpg 0,153,169,416,2
71_jpg.rf.7253f6a92c3acb0809ae759bd327f4c8.jpg 57,105,362,386,0
2ec823ce-958a-4fd1-b63c-c1fde805ee22_jpeg.rf.3a0e9deb411a5a4bf932caec2133b79c.jpg 210,196,277,411,1
vlcsnap-2022-03-15-19h38m03s674_jpg.rf.587ad4e95c575a30561bbd6f58c31ac6.jpg 0,0,213,416,5
Screenshot-2024-05-30-141749_png.rf.a5053c9045445f0fde47a1ee0413507b.jpg 9,0,362,265,5
bus-57-_jpg.rf.6b640c9b0409859f6f13c184b664f168.jpg 12,2,405,416,3
ambulance-174-_jpg.rf.5aa1321ed69a1cdbb945eefda907e638.jpg 114,244,163,335,4
Image_013546_jpg.rf.6fd0b5320ad59342f21de75756a06b72.jpg 57,54,291,344,2
vlcsnap-2022-03-17-14h21m24s740_jpg.rf.5ce3fc887eff0cde3209fa18e1ec2945.jpg 0,0,204,416,5
ambulance-420-_jpg.rf.d75d1cf2cb1f97b70faefa7776f82f27.jpg 109,121,336,336,4
00000248_jpg.rf.905bb15a89509d52d19c49a879ad7a39.jpg 95,191,208,366,5
vlcsnap-2022-03-14-12h05m01s216_jpg.rf.872933b27eaac0964776049608889de8.jpg 0,237,175,416,0
OIP-LBExaqKLsAv6xwp3padDygHaEK_jpg.rf.e32f1d1efa389b8b46a2db275e38e1b5.jpg 7,44,408,402,4
vlcsnap-2022-03-14-11h55m15s219_jpg.rf.b4011df316c1c38b85e74a5bb0889c87.jpg 0,249,159,416,0
QURLPRBFWGUY_jpg.rf.fc0afe8ffcf390f12ddec298fa184eaa.jpg 7,4,416,416,1
1a7d6d06-970d-47af-842b-3cb1e1682e1f_jpeg.rf.fa778c937404b88cb68ef04412952f3c.jpg 96,121,195,333,1
592_jpg.rf.ed1cdc8ed73a71fabfb7b35d4935167d.jpg 54,204,190,407,1
vlcsnap-2022-03-14-20h32m36s441_jpg.rf.9fcbf8fde060228136ae30b55cf7e3a4.jpg 0,0,212,416,5
vlcsnap-00142-Copy-2-_jpg.rf.29932b774398e523c1947407a9257356.jpg 171,231,416,416,0 100,162,155,267,0 180,181,208,229,1 240,200,293,237,1
00000241-2-_jpg.rf.ebea4a6c52d21f4f7327b6fe53fa18ca.jpg 5,203,156,390,5 196,213,388,362,5
vlcsnap-2022-03-15-19h45m20s778_jpg.rf.011a2e4b7b3070c4799d0fd8ce333911.jpg 0,0,204,416,5
bolero-maxx-pik-up-hd-0-1682674395_jpg.rf.9ac0cceaf228f41e10acee255406cef7.jpg 70,32,377,380,2
4ce38615-e38e-4be9-aad0-0f6e4e8aa763_jpeg.rf.2841689cc72850839066400959d4bd5b.jpg 279,156,358,342,1
vlcsnap-2022-03-17-14h07m14s576_jpg.rf.725663275500a56cea528811ca7c61a7.jpg 0,0,210,416,5
images-94-_jpg.rf.ca766979dee104f5bce092523ed8511d.jpg 38,56,363,340,2
Screenshot-2024-05-30-141755_png.rf.7bdc36c3ec7adb9ea69b2ed0316dd2a1.jpg 13,0,416,357,5
vlcsnap-2022-03-14-20h10m03s171_jpg.rf.f5c02ea5ecdc101b37967780b4bc1a94.jpg 0,70,205,416,5
vlcsnap-2022-03-15-12h17m03s093_jpg.rf.1a5f2a871b9df868a4edd7126dd99682.jpg 0,81,193,416,2
vlcsnap-00145-Copy-2-_jpg.rf.a0ed7f4c267533cc7be6a6757a23ef07.jpg 169,208,416,416,0
bus-241_jpg.rf.92469984ad37cfe68c20cd8641c7b0c2.jpg 0,40,415,348,3
bus-61-_jpg.rf.c2ac5344e8d3173d54cfd8ee34251178.jpg 36,42,255,376,3 280,110,313,173,3 243,94,279,182,3
72_jpg.rf.e2b51441398c97770cdffd5ec1403caa.jpg 40,96,374,384,0
bus-239_jpg.rf.a71acfb0dc300b5f1bf0d26394f7034b.jpg 75,185,321,363,3
bus-66-_jpg.rf.78c852f4facdc5345698919a74421209.jpg 12,32,413,409,3
Screenshot-2024-04-11-112048_png.rf.3bf1c5e2a088d900a48c573a521a14e4.jpg 211,100,386,304,2
bus-60-_jpg.rf.8398c91cc4f8ca6e17ab18fa77b8dee2.jpg 17,48,402,408,3
Screenshot-2023-08-16-115115_png.rf.098dc100cbbbe9b2953f481b0a2da7f8.jpg 363,209,411,407,1 198,180,214,253,1 107,160,130,226,2 53,147,80,227,2 4,183,27,268,1 153,186,168,241,1
Image_013556_jpg.rf.6770b77f5754c607706d0586ee669238.jpg 31,0,336,336,2
QJKY2VVPDM8O_jpg.rf.d110e8ecf22f65c52ee9481d85a2b95b.jpg 1,5,412,416,1
20210519_06_22_13_000_wadXq0wFSqZtAe6KeW5TCRyhQ0R2_F_3120_4160_jpg.rf.c149dfe32c90b1498a386432c7011d0d.jpg 49,42,365,299,3
vlcsnap-2022-03-15-12h13m11s144_jpg.rf.8ef937a47b829ca056e51381db8db74e.jpg 0,120,188,416,2
4d5bf3b3-982c-4ee0-ac1f-e26226458ce3_jpeg.rf.4983693322fec3beb763c21dab6b33c8.jpg 25,6,288,338,3
ambulance-182-_jpg.rf.8a129b60013535837994a7b0081b806a.jpg 134,120,328,289,4
vlcsnap-2022-03-14-20h31m25s055_jpg.rf.93a9b31cc54a991ae83213f23dabb4d0.jpg 0,2,220,416,5
vlcsnap-00144-Copy-2-_jpg.rf.d322ee6530a13a5a1f765955dd6205a7.jpg 186,232,416,415,0 99,158,167,260,0 169,173,190,214,0
vlcsnap-00149-Copy-2-_jpg.rf.72a3d562b0a7af713033f1b228a4927f.jpg 136,119,416,416,2
vlcsnap-2022-03-14-20h33m10s836_jpg.rf.58a0dea5541bb4147e79766ef25bf1a7.jpg 0,0,207,416,5
614_jpg.rf.e1f05e35f7f583e433ed4dbe2a177a9a.jpg 106,154,189,397,1 248,161,317,392,1
570_jpg.rf.8d349e1d9b0d5f9d187bcb9668f02a29.jpg 33,189,278,415,1
Image_013572_jpg.rf.1b51c79faeb000d6fc8424aa45e7abb2.jpg 58,60,286,331,2
vlcsnap-2022-03-14-20h36m34s468_jpg.rf.61462f9fc85ec183efbfcffaebb14675.jpg 0,95,209,416,5
ambulance-456-_jpg.rf.88f0c360af38e362145eb4cb8e0034cd.jpg 21,124,255,235,4 207,137,398,214,4
Screenshot-2024-05-30-142947_png.rf.55e6f451e78419cbfc705150de6f7681.jpg 16,0,264,221,5
bus-66-_jpg.rf.bc179562ed9a4cbf10f02cc969212207.jpg 12,32,413,409,3
vlcsnap-2022-03-15-12h27m35s874_jpg.rf.fa46bb225df95c099eb0dc2123582899.jpg 0,120,185,416,2
bus-64-_jpg.rf.a5a235e75826bb335ea58cc61afef3bf.jpg 169,48,416,402,3
91247a_jpg.rf.fea1a0f3a810baa8a533b65555f87cdb.jpg 40,26,378,372,2
vlcsnap-2022-03-14-20h43m08s851_jpg.rf.a6b066a9dd7071a3a87725f1a8a5a684.jpg 0,35,212,416,5
2ef0176e-f0a0-41b5-996e-ea66003928bf_jpeg.rf.559e5e7c26b30f280448ff983154286e.jpg 83,0,348,308,3
vlcsnap-2022-03-14-20h33m24s899_jpg.rf.0a1cb020e9f68e5aa3e2dc1cd029514a.jpg 0,5,217,416,5
WhatsApp-Image-2023-12-14-at-15-53-35_ba3fd27a_jpg.rf.56b72af40b65d8f962a5de30d996c68c.jpg 7,93,416,261,3
vlcsnap-2022-03-17-14h33m44s064_jpg.rf.34153b4197a59b7627e8cc5b0fe4df6c.jpg 0,0,207,416,5
bus-67-_jpg.rf.770dd1d2588d1905fb543a007abf3387.jpg 11,99,377,362,3
Screenshot_20240130_174603_jpg.rf.8507b199e3675e73fc8c44570f4eb046.jpg 156,67,407,340,4
LPC-07_DTP-2_DTP-2_20240310170937_20240310181125_2_1G_mp4-0188_jpg.rf.38209cb1d298a83e770f9fd2af4cb1fe.jpg 115,0,295,280,3
bus-243_jpg.rf.6bb56d66e392e94073c987f7d2991bb5.jpg 126,190,329,295,3 1,164,56,331,3
QYVEKT5E91HV_jpg.rf.bc3582168670b059698d21caddab05e9.jpg 24,45,394,392,1
703_jpg.rf.8f4e0465a2b584b315ed29f999b94cea.jpg 6,192,174,416,1 304,189,415,410,1
bus-245_jpg.rf.05a3648a3d481dc3d0423a45fd3b8742.jpg 99,18,337,400,3
3c43fe15-6170-4ff3-b097-3a0dfc65f736_jpeg.rf.f397721a7627573ed5651390011f24ac.jpg 194,150,282,402,1
vlcsnap-2022-03-14-20h37m00s611_jpg.rf.64dfa2c8b5d356b7abf941ca39aa4180.jpg 0,0,204,416,5
R8N038FQZ2EM_jpg.rf.553353972e92994a70ef4ba3cd7588b7.jpg 11,20,402,360,1
Screenshot_20240130_174638_jpg.rf.ce2d9c55d4b543488e669d8c8dca469c.jpg 0,64,302,343,4
Image_013577_jpg.rf.a2178905073a272aad5184b14e57e737.jpg 0,35,377,413,2
vlcsnap-2022-03-14-12h14m39s253_jpg.rf.7f0ace41f6baf24e1f1f722c4f9452ca.jpg 0,253,169,416,0
ambulance-442-_jpg.rf.366c62b4c7f24ade559b1f1709dfa79a.jpg 3,138,112,232,4 97,135,174,239,4 158,127,271,241,4 275,35,416,316,4
vlcsnap-2022-03-14-12h05m24s765_jpg.rf.8caf5231843fbd1ee5dbc0bd150c5552.jpg 0,242,172,416,0
6f442b3f-1e12-4e0f-8fb0-84fd046ea192_jpeg.rf.38b676c98d46ff54ad9f2c38d651a7b5.jpg 38,0,296,306,3
707_jpg.rf.f7096413faebfabd67cf970225cbf44b.jpg 77,157,231,409,1
vlcsnap-2022-03-17-14h47m15s291_jpg.rf.d0b8b0c94c8b6550238d5067986a9b1b.jpg 0,0,208,416,5
image0699_jpg.rf.40f916b596e0ce8cf4a4d07c5e6b14c6.jpg 28,46,378,375,2
vlcsnap-2022-03-14-12h08m55s805_jpg.rf.c5be688a5cfbfd00e8d69588dc5c5865.jpg 0,246,163,416,0
vlcsnap-2022-03-15-12h25m53s267_jpg.rf.eb64b49d1aabcef8258c949b80ee0259.jpg 0,114,172,415,2
vlcsnap-2022-03-14-20h42m17s796_jpg.rf.21aea7aeb355edbf72cf116272c19374.jpg 0,69,206,415,5
ambulance-458-_jpg.rf.852191b2b6bd72ed9b6211f04b89d6e5.jpg 124,93,248,307,4
bus-244_jpg.rf.8ab3369097ac1719bf8cfb09ab1e0f91.jpg 178,39,401,386,3 21,192,184,367,3
LPC-07_DTP-2_DTP-2_20240310170937_20240310181125_2_1G_mp4-0187_jpg.rf.b024d0c9ec9da7141f2a7346f70c4459.jpg 129,0,292,276,3
vlcsnap-2022-03-17-16h46m39s897_jpg.rf.dc1a07e76d8e903bcd609a7e52ffdb67.jpg 0,0,215,416,5
bus-68-_jpg.rf.8415266d97c558a00296b1a7502cbb7e.jpg 10,7,126,329,3 121,14,204,358,3 214,17,307,354,3 299,0,416,377,3
71_jpg.rf.9bb324737484b16609a32dfbae826416.jpg 41,150,400,410,1
Screenshot-2024-04-11-152912_png.rf.3e18e279d5c24c07178877b7a968d30e.jpg 107,66,300,290,2
4d6e9e37-6f2c-412e-a9eb-13535348e929_jpeg.rf.bd3ba7c4f34c921b27e7e65e6f729215.jpg 205,182,285,397,1
ambulance-175-_jpg.rf.6e3ac0f9e7baa7d9cbc2c15d61343e38.jpg 91,62,416,328,4
IMG-20240212-WA0293_jpg.rf.f4dfb775c18dfcf5fc450d92d2881ac6.jpg 53,42,375,234,0
OIP-omjPPOocQC2RCqyC4oCmRwAAAA_jpg.rf.b47b67503af1ef9653b32df129922099.jpg 18,21,379,402,4
20210523_16_15_36_000_wadXq0wFSqZtAe6KeW5TCRyhQ0R2_F_3120_4160_jpg.rf.3b744ecbdaf1b86e469ef08ea185128c.jpg 76,19,363,226,3 0,26,114,197,5
LCV12_jpg.rf.8484523cbe17d0f7297f092032345058.jpg 28,5,349,382,2
Screenshot-2024-05-04-110443_png.rf.78404a7baaa016cb31b96e7d292d3137.jpg 2,0,416,384,0
73_jpg.rf.d4007502d8e68efe6d897438adc29806.jpg 56,37,387,384,0
vlcsnap-00148-Copy-2-_jpg.rf.adc8299b5cdac8341f2227dedd540a71.jpg 156,223,416,416,0
WhatsApp-Image-2023-12-14-at-15-53-36_53d7557b_jpg.rf.068c5ec7ac42fe6445935eaa031b21f6.jpg 41,68,416,309,3
720_jpg.rf.dd1d01242e730265bdbf794597f704b0.jpg 122,186,343,415,1
91247a_jpg.rf.caf64dcefe0c890ccf48b4c06d25aba0.jpg 15,33,376,367,2
a-cargo-auto-rickshaw-loaded-with-bags-and-boxes-in-front-of-a-colonial-building-in-mattancherry-kochi-india-2BW5KA4_jpg.rf.8f074b4aadcc52b27100a75227b40fb5.jpg 63,224,396,364,2
bus-68-_jpg.rf.cce0a5c5f8c228be99efb09933be8961.jpg 10,7,126,329,3 121,14,204,358,3 214,17,307,354,3 299,0,416,377,3
vlcsnap-2022-03-15-19h45m36s986_jpg.rf.6838e88ed0fb3d4b00721f45a6673526.jpg 0,0,205,416,5
RY3ZPCJWY632_jpg.rf.9363b72403b066e6e032de3af4a9fba0.jpg 0,97,192,416,1 130,163,329,348,1 253,175,389,302,1 309,181,416,271,1
vlcsnap-2022-03-17-15h20m58s839_jpg.rf.ae84ac57697f77e92500c9727903c946.jpg 0,138,207,416,3
Screenshot-2024-03-13-170630_png.rf.b7ffb01ffc9ca475f216131c57cfd765.jpg 85,166,96,188,1 275,106,287,127,0
748_jpg.rf.7dc4ad25bfb83c21525ea1b59962c409.jpg 26,185,93,331,1 148,241,239,384,1 345,236,402,385,1 244,213,307,380,1
5f59992c-b8cf-4dd9-ab03-e7cb030e8db7_jpeg.rf.903cd6eb39df66f116aa79b6574ad0d5.jpg 54,0,286,313,3
619_jpg.rf.08897debe8345c5a0f660fba2dec6a78.jpg 163,155,343,399,1
bus-7-_jpg.rf.96e1a7e85568c2a06d4602a2d550f5c3.jpg 58,22,415,361,3
Image_013575_jpg.rf.df90465674222af3685c523a2e2f5126.jpg 59,114,307,337,2
01e6be11-088c-4351-952f-0b71094a5f60_jpeg.rf.ff816da312b1d03d6ffe14dddf10927f.jpg 76,0,323,343,3
vlcsnap-2022-03-14-12h14m48s556_jpg.rf.0ccc57bc4092322d2b46522e3beb1b1a.jpg 0,197,187,416,0
Screenshot-2024-05-20-122206_png_jpg.rf.808d89d70e7ee82b438d966856c6e2ee.jpg 80,162,353,333,2
vlcsnap-2022-03-15-19h42m07s707_jpg.rf.360e4c8e5694fbba787a52d58074d491.jpg 0,0,210,416,5
63_jpg.rf.91a077cd1953e7ab29f2c534fa1fe51b.jpg 54,139,348,389,1
vlcsnap-2022-03-15-19h40m10s994_jpg.rf.3ac60152f64f1905fdc4245d6f3054fe.jpg 0,0,213,416,5
Image_013559_jpg.rf.670f5ab881641ecde76103ecc5a5352e.jpg 53,46,353,356,2
vlcsnap-2022-03-17-17h53m41s432_jpg.rf.9f10cd0ecde99e754a2758096c465e3f.jpg 0,1,211,416,5
vlcsnap-2022-03-15-12h53m20s699_jpg.rf.f70e22e564b48499e8312921de63e19d.jpg 0,105,193,416,2
756_jpg.rf.92b618d8ee1745c32f614d25ec53eb76.jpg 77,182,210,416,1
0da3c8a8-faea-4294-be84-02566093ad42_jpeg.rf.ecae64bb9fa36bda1c9ca1454ce40dfe.jpg 176,150,262,379,1
vlcsnap-2022-03-17-15h15m23s805_jpg.rf.1476cfb605f78e1291a039d966ff152b.jpg 0,0,206,416,5
Image_013582_jpg.rf.6c1ea20e31440e4d7131b11873cf1de5.jpg 122,0,395,406,2
91247a_jpg.rf.6130252287b13c713c1025c4e4473222.jpg 15,33,376,367,2
Screenshot-2024-05-04-110511_png.rf.6a9c3dd064d760069b8013205d8ececd.jpg 9,0,416,357,0
WhatsApp-Image-2023-12-14-at-15-53-34_357ae708_jpg.rf.05c6bbd30a39f1bd0acef48afed28adf.jpg 44,90,416,291,3
vlcsnap-2022-03-15-13h18m15s774_jpg.rf.3264c6b853483f666623dfef65e9f4d4.jpg 0,61,202,416,2
vlcsnap-2022-03-15-12h22m19s628_jpg.rf.42436d5e77d4e6e8ebdcd448d8734695.jpg 0,133,182,412,2
00000262_jpg.rf.f9d84e267bff09a4620b888727062a7d.jpg 84,46,385,329,2 0,144,39,344,1
vlcsnap-2022-03-14-12h11m15s345_jpg.rf.4e322e2647fa9497a85a5159b696b372.jpg 0,223,169,416,0
75_jpg.rf.5d6029ee3859d7c86a62997b591e27e2.jpg 63,121,356,403,0
bus-70-_jpg.rf.e4b1677dd3881a48eed7a53130b8d923.jpg 183,61,314,308,3
743_jpg.rf.b1303a50bddfbdf6c8f78f97d0c1cae9.jpg 243,188,295,373,1
ambulance-412-_jpg.rf.66ae844389de68c3169f5bda3fdde462.jpg 14,79,332,366,4
vlcsnap-2022-03-15-20h36m05s058_jpg.rf.72585223738655b92ad6b4d590247765.jpg 0,0,205,416,5
vlcsnap-2022-03-17-15h15m10s227_jpg.rf.659635b53f663c778a90e3541fd355d7.jpg 1,2,203,416,5
vlcsnap-2022-03-14-12h17m08s499_jpg.rf.88631bf7ba23f49b87d15b940ec1e7af.jpg 0,233,171,416,0
S6C05S42QP5U_jpg.rf.111587f90099a03bcfbc47a6d1fff2ad.jpg 37,76,403,358,1 280,43,416,289,1
Image_013583_jpg.rf.514052be1b3775828b5b00c6ead58c69.jpg 55,77,358,352,2
vlcsnap-00152-Copy-2-_jpg.rf.6e5b9ce5b8f36c76ae359828fc5078b7.jpg 107,0,416,415,5
74_jpg.rf.94c1d509a757d6e9477d9a2c5b2cf86b.jpg 66,0,412,395,0
428022979_361522500103306_446161970140882145_n_jpg.rf.88d16aeb3670d28d0b3f660ab5fc2cdf.jpg 50,53,364,342,0
4f05e8d8-2540-45c4-990a-06ea275e28cd_jpeg.rf.f8feb906525d9549051be197ac15ceb8.jpg 217,121,296,343,1
vlcsnap-2022-03-17-14h45m01s193_jpg.rf.65f10e9dc07efc9e6ab782f51edf74c2.jpg 0,0,217,416,5
Image_013580_jpg.rf.de6961178fd8b9d56d8c816ca13e17ce.jpg 0,10,395,387,2
745_jpg.rf.ce1ede219977ad0a07d130f3791f4a9d.jpg 171,138,244,376,1
vlcsnap-2022-03-15-20h09m15s124_jpg.rf.d53a5e8404cbc42d749bda1dbbf192ae.jpg 0,0,202,416,5
vlcsnap-2022-03-17-15h34m22s560_jpg.rf.f8d6c85037b4d6436405f4edeb2157a1.jpg 0,99,210,416,3
4c34f4ff-4bd7-46ab-8b4f-af3d33521442_jpeg.rf.931ab8ab627c5a894d2177109f60ea36.jpg 210,274,300,416,1
ambulance-401-_jpg.rf.3bbd86dc5b0156b1ff6cc92387cfbe5e.jpg 192,160,277,311,4
ambulance-398-_jpg.rf.1089814f93d9332cde143b6b8924ec9d.jpg 32,56,387,362,4
6c52e50e-52e4-4f6a-8a47-5b1a5a0e264f_jpeg.rf.338115e2f7b50ead71713cdc682564f7.jpg 271,153,376,383,1
732_jpg.rf.b584dc43bde6e854531b7eeefb41fc05.jpg 4,170,100,399,1 333,159,413,375,1 138,205,221,384,1
vlcsnap-2022-03-14-12h21m25s046_jpg.rf.37042f3bfe020399910f51af024dc4d6.jpg 0,238,175,416,0
vlcsnap-2022-03-15-13h22m52s740_jpg.rf.0a96795630f86d9dcf855cd8126b5cd0.jpg 0,142,185,416,2
Image_013586_jpg.rf.a900ad83a673bdd06f1b668bbc32a2a0.jpg 66,104,346,358,2
image03329_jpg.rf.8c6dfaae780b5aff26a28f181009e623.jpg 7,14,405,413,2
bus-249_jpg.rf.0b9df76db3011e2142f99740db68d8ba.jpg 0,0,325,408,3
vlcsnap-2022-03-15-12h50m49s558_jpg.rf.b419c51d94a5b96530f1959766447478.jpg 0,115,182,416,2
bus-7-_jpg.rf.625ce3c437a0c1321063885edc8f5b99.jpg 58,22,415,361,3
Screenshot-2024-05-30-141942_png.rf.5d32319d25b53babe8f92e6b7b3af173.jpg 5,0,137,133,3
vlcsnap-00151-Copy-2-_jpg.rf.65b8cf377d3c82b56b672405eefd64bd.jpg 156,134,416,416,2
294_jpg.rf.9d1aaff4458d1e41c37c4d020a8f9998.jpg 76,121,290,416,1
Image_013590_jpg.rf.aa5181f3c01176fbcddfdb4295e7a0c1.jpg 63,55,337,348,2
vlcsnap-2022-03-14-20h52m37s448_jpg.rf.e0b033c451c07dae2d86838f7a765786.jpg 0,58,209,416,5
bus-248_jpg.rf.5dbfa2c84d2a10f91e6b7520b0813918.jpg 1,22,316,362,3
m5_jpeg_jpg.rf.2bc6dcfd32d7cff1b7397caab5026b66.jpg 27,128,379,383,2
hqdefault5_jpg.rf.0456a3de7a8e2dd9f5c0c430eb34298e.jpg 25,39,362,333,5
303_jpg.rf.41d28fa344acabfd00dcba881d49a13b.jpg 82,122,320,359,1
Image_013603_jpg.rf.870fe551a932edecc56b92eb44014090.jpg 44,0,359,351,2
WhatsApp-Image-2023-12-14-at-15-53-36_8a52e6f7_jpg.rf.73c8debd5e41efaa26341563ea61b60a.jpg 51,90,416,299,3
758_jpg.rf.e1fb0f43b5a97b1197a184f0b52ea297.jpg 134,110,290,412,1
76_jpg.rf.795d2065067c2b3637ac676ef716ae0b.jpg 87,68,394,375,0
SBG2OBVUIRBJ_jpg.rf.c6a2d3a31dfe7e677f227cab0716a727.jpg 266,133,389,270,1 17,124,180,282,1 171,130,234,284,1
vlcsnap-2022-03-15-13h23m47s071_jpg.rf.dd403c4aa076785ab5bf130b16a3d1fe.jpg 0,51,198,416,2
757_jpg.rf.b5703336326fb754f94bb255d2978568.jpg 9,243,218,416,1
Screenshot-2024-05-04-110607_png.rf.579ea825fff8311baf70ff0de67f3644.jpg 0,0,416,396,0
vlcsnap-2022-03-14-22h17m44s683_jpg.rf.61e1170119323e84b56b8be29667c878.jpg 0,68,205,416,5
vlcsnap-2022-03-15-13h20m33s039_jpg.rf.e19cee314e36d88b6ec4331a7c2da149.jpg 0,52,197,416,2
IMG_20151014_115833_jpg.rf.e165dabc21a04ceb68400ccfd1671b78.jpg 25,53,406,386,2
0c24995c-be3d-4d9e-b7a8-4edac9958458_jpeg.rf.7564ed761114de13c56570954696263b.jpg 137,142,249,357,1
vlcsnap-2022-03-14-12h36m40s249_jpg.rf.115b85e3244b10ea5ca35bfafd8881fc.jpg 0,229,176,416,0
vlcsnap-00154-Copy-2-_jpg.rf.ce757e79f3057da8f20031b236071b0d.jpg 167,227,416,416,0 105,177,176,293,0 99,161,124,216,0 172,171,192,219,1
2c84015f-f770-43bd-92db-7cfaa36846c2_jpeg.rf.453065aca95e4308dde1c2a273373960.jpg 55,6,310,303,3
ambulance-381-_jpg.rf.30d61e0c5ff5d4b781061272143baf33.jpg 52,79,374,364,4
00000264_jpg.rf.49710786a946a05ca54e3af18d4729ed.jpg 82,0,334,397,5
bus-72-_jpg.rf.8973ed23d75031625991445c18c81960.jpg 86,156,373,355,3
1e2962a0-f99e-4578-b528-f14a5db84fdb_jpeg.rf.bd1856553e6d4d9e6b405b4052e55a4c.jpg 41,0,345,393,3
ambulance-374-_jpg.rf.bc4bc07cc4a9b0cc4d44feb5b281bd8c.jpg 135,10,389,394,4
OIP-PCMb_vnWPjyCSx_cj4z9EQHaFj_jpg.rf.2eaee1e9220e54a5246f31df847a3fe4.jpg 6,69,414,342,4
vlcsnap-2022-03-15-13h24m19s756_jpg.rf.f91f887be4e8cabc27741e0261d1906e.jpg 0,91,189,415,2
vlcsnap-2022-03-17-18h29m22s602_jpg.rf.9df5de8b57b7cab8875e20b299b19452.jpg 0,0,202,416,5
vlcsnap-2022-03-15-20h31m48s900_jpg.rf.3f5e07b37520ac7397357f2f877a5458.jpg 0,0,208,415,5
2d2e880d-49ce-4984-91fd-3b1552705608_jpeg.rf.f1fb957dc657549ce350a4d5ea8600ab.jpg 45,0,307,334,3
vlcsnap-2022-03-15-20h11m50s703_jpg.rf.1cd15262da520c5e6b6a64b826a8f69c.jpg 0,0,203,416,5
vlcsnap-2022-03-17-18h52m28s274_jpg.rf.762890806b95abd52480fb70c217dc3f.jpg 0,0,213,416,5
vlcsnap-00153-Copy-2-_jpg.rf.947170115aa448407b22a6d37ae9a701.jpg 99,0,416,416,3
bus-251_jpg.rf.3af23417a0470f6077dddfa16231f20d.jpg 51,119,270,367,3
vlcsnap-2022-03-14-20h57m54s108_jpg.rf.fc345cef625ba56c948e9b6321488377.jpg 0,68,206,416,5
OIP-ov2vw0lqepSNVf47BlSMTQHaEI_jpg.rf.f690205f868e96270e486c4304538d1e.jpg 0,5,414,403,4
bus-72-_jpg.rf.4bb272dab450b4f8b40cc01f9b3b97df.jpg 86,156,373,355,3
vlcsnap-2022-03-14-22h19m43s542_jpg.rf.e58f03d5baf24711b601c05ebaea9017.jpg 0,71,205,416,5
00000268_jpg.rf.f76cd1a22065beb244e0c41b55997e4d.jpg 2,54,198,286,5
Image_013595_jpg.rf.0959e169dc8ca7a0ae53c26893c85c6b.jpg 0,5,392,384,2
75_jpg.rf.243cca797c6574e86bc94f3a893fb8a9.jpg 27,140,410,414,1
sell-truckImage-1678909636-2_jpg.rf.5c07c19553f3d4225e6e90f8944a0db7.jpg 23,105,387,340,2
vlcsnap-2022-03-14-20h55m43s943_jpg.rf.afd5b4df40d718a48546975870809c3b.jpg 0,0,215,416,5
ambulance-349-_jpg.rf.f23aae515e7660c92685a9c3f18cf61a.jpg 156,126,338,313,4
bus-7-_jpg.rf.3cc97db01b8d758800d377f11950a2ea.jpg 58,22,415,361,3
vlcsnap-2022-03-14-12h37m50s978_jpg.rf.baae73fe0a62dc3e1cb6b50ac96647b8.jpg 0,172,181,416,2
ezgif-frame-030_jpg.rf.51326cf26719cd8b7d73279cd2c70ee8.jpg 62,214,338,338,4
vlcsnap-2022-03-17-19h29m34s828_jpg.rf.2b4145d517b15692a66989c6122af381.jpg 0,2,210,416,5
bus-250_jpg.rf.4f16b83dafcb4dd20a0eb636f1697a4d.jpg 90,92,300,361,3 351,123,404,202,3
751_jpg.rf.93521339ca527cb068cd4e3a6ce3fd30.jpg 199,168,354,416,1
vlcsnap-2022-03-17-16h44m41s202_jpg.rf.225820b73903c77456fc29aded44ed68.jpg 0,115,205,416,3
bus-252_jpg.rf.453bac46587cf3acb79e6942f2ac9e7e.jpg 90,118,375,363,3
vlcsnap-00155-Copy-2-_jpg.rf.ccb6e58cc72f021d7d54abc9c13df94d.jpg 153,231,416,416,0 103,180,168,279,0
vlcsnap-2022-03-14-12h20m33s133_jpg.rf.5393be2d2c70e3bf16a94d6765730956.jpg 0,239,165,416,0
images-65-_jpeg.rf.db006b67a11f19eff5e2709062a7826e.jpg 102,214,348,405,0
Screenshot-2024-05-30-141953_png.rf.62055f3198f12c7a177da6c03f78baf1.jpg 32,0,328,237,3
5d636288-ea0b-4f53-a6b4-30e41f361f25_jpeg.rf.f69373d96618fdd9390c31c12e201344.jpg 228,120,309,333,1
bus-73-_jpg.rf.10a53d5e0eed1d9907aae87ca2a874ca.jpg 43,136,411,387,3
vlcsnap-2022-03-15-21h09m32s628_jpg.rf.00a250ec5b386d3386a1be32db926d4a.jpg 0,0,206,416,5
288_jpg.rf.6a89ccd13f141c79142f85d3628fd293.jpg 85,120,374,384,1
vlcsnap-2022-03-15-21h10m02s115_jpg.rf.fccd0476d7acfad1e8fc98e4d94f770f.jpg 0,0,207,416,5
vlcsnap-2022-03-15-20h51m10s805_jpg.rf.b7b9f4a6b04e8e28cae16db466d581b9.jpg 0,0,215,416,5
bus-253_jpg.rf.2eaec8971bae8a30db97f695d25078f6.jpg 17,39,416,398,3
vlcsnap-2022-03-17-16h59m13s807_jpg.rf.0adf2cc621a9aeeb97fd7db2defec102.jpg 0,114,206,416,3
vlcsnap-2022-03-14-22h23m39s705_jpg.rf.df81c31aae10afd3e966f66a2740ed0f.jpg 0,62,209,416,5
bus-75-_jpg.rf.9b54ca87a09278a3c40bc7230888b722.jpg 165,68,313,300,3
vlcsnap-2022-03-14-22h23m03s258_jpg.rf.5a466d1082c152b9136bdec8144086e8.jpg 0,71,207,416,5
vlcsnap-2022-03-14-20h57m32s765_jpg.rf.86a9127b3720c7721630a7a060fd889f.jpg 0,34,210,416,5
vlcsnap-2022-03-17-19h26m15s348_jpg.rf.e99c60104dec267182fd00807700e0f0.jpg 0,0,218,416,5
vlcsnap-2022-03-15-13h25m01s632_jpg.rf.37620e405e48a388ca64cf2bf24e7371.jpg 0,86,194,416,2
OIP-Qxyx3xaRlJapJkAXuemqUAHaFj_jpg.rf.427238a61b90862e3ab8402360acbb57.jpg 10,62,414,326,4
bus-70-_jpg.rf.3c1f3d0c3eef518bef47b1398c798f2e.jpg 183,61,314,308,3
tempo-traveller-min-bus-hire-in-chennai-500x500_webp_jpg.rf.7e4677f1c012ce4af1af34789d56a11e.jpg 28,78,378,361,2
772_jpg.rf.e1823074b16792c35d9c9bf8dc8f9f4b.jpg 92,168,284,412,1
3b823107-40aa-4f0b-8533-75e3dcb97f62_jpeg.rf.fc26ba928432903119e9099d34042cea.jpg 69,0,338,395,3
77_png.rf.148ad58c0215fcbb96fce4bd8398586e.jpg 16,46,411,384,0
bus-72-_jpg.rf.a380a04f098be99aaaa9d98efc2e1e1f.jpg 86,156,373,355,3
760_jpg.rf.34213cd8b0b521618a8546d2f2aeab5d.jpg 125,123,273,407,1
cb1a2dd8-e016-4c8d-8756-1bd1049f3ccd_jpeg.rf.212e6fb80ddd7a7b58c9d78353b66e96.jpg 271,0,416,369,2
vlcsnap-2022-03-17-17h00m15s804_jpg.rf.44525e9b884242d25eca2438b30c8d08.jpg 0,106,213,416,3
bus-75-_jpg.rf.6db7f7f73b04114bace45bfec9d742d8.jpg 165,68,313,300,3
05b8db27-b503-4b80-8cd0-1a03944f4583_jpeg.rf.4f572ec295272b52114edad7a99a4ce6.jpg 151,245,246,416,1
Screenshot-2024-05-30-142609_png.rf.55d739a56c63b52c7c05fb0d4c3c3e2c.jpg 17,0,288,231,2
vlcsnap-2022-03-14-12h37m59s341_jpg.rf.cf04b7526ce9ecf3b8b6ed2cd78ce5cb.jpg 0,159,176,415,2
WhatsApp-Image-2023-12-14-at-15-53-37_44efee1f_jpg.rf.0868808fb47b72ec95aca4f2d536f60e.jpg 26,94,416,259,3
image049_jpg.rf.7213efcea117d67e08de59d6d8483c7a.jpg 25,32,389,385,2
ambulance-388-_jpg.rf.52c1880d4c8aacbdc02d3aba24d48a66.jpg 31,8,251,354,4
Screenshot-2024-05-30-141959_png.rf.bedde511f584f5bea0a505e9143179b1.jpg 19,0,377,281,3
SGYNFNF7IGY1_jpg.rf.8322e577d91f03674b464cca5ae29218.jpg 174,177,371,416,1
vlcsnap-2022-03-15-00h14m52s008_jpg.rf.cc8de1d9230fdcabf3bd61f49dc9ef94.jpg 0,54,209,416,5
761_jpg.rf.408397e1b0d7733b122e1b1a500f5f8d.jpg 76,161,336,397,1
vlcsnap-00157-Copy-2-_jpg.rf.a0cce02c308ab6bc47d1b2fe02ec7151.jpg 170,237,416,416,0 99,163,140,236,0
IMG-20240212-WA0295_jpg.rf.8829e60b8c8303da218f4d4b48b638b5.jpg 25,196,409,398,0
vlcsnap-2022-03-15-21h12m50s982_jpg.rf.0c8857c90f7b1df469ceb4e645006207.jpg 0,5,213,416,5
Image_013543_jpg.rf.5dfea820acc87229d1e3337ea0d5069f.jpg 147,62,403,395,2
00000277_jpg.rf.230b1c7d8bd5c407bc0db4f384aec073.jpg 157,83,412,371,5
vlcsnap-2022-03-17-19h30m25s043_jpg.rf.ea1b1c9fabad315b3f71f29859389179.jpg 0,0,209,416,5
bus-256_jpg.rf.bddf341a6c2cc2c5ec1f3ea1e64a949d.jpg 65,137,291,329,3
Screenshot-2024-05-30-142615_png.rf.669069b3ebc6e7cd15878b7c26a7cdc3.jpg 27,0,416,416,2
vlcsnap-2022-03-14-12h48m28s675_jpg.rf.7addbd31aa43e01d6090fbf67b8b8ab1.jpg 0,218,170,416,0
5b470831-b74c-4958-8707-fed0b8aa79c4_jpeg.rf.497b2f0fd217cfc48b37992ea27a3848.jpg 208,195,303,376,1
Screenshot-2024-05-30-142723_png.rf.5b4bd10c5c463b0c20160016c82a56c2.jpg 8,3,121,140,5
00000272_jpg.rf.f6474308fa17b6e0fa0ed83e0901ad35.jpg 1,51,293,257,5 295,94,340,143,5
20220812053343-ba9687ce-64ff-49c8-ba02-462e8eb43adc_jpg.rf.cbd93e517e05bfecee51883bab447b9b.jpg 42,100,410,359,2
image03367_jpg.rf.f47c2fe0fc378669ffb889e16e697a2b.jpg 25,11,393,382,2
763_jpg.rf.181519dae4a675843f62ff972b920e70.jpg 129,142,293,405,1
276_jpg.rf.9251ccedb6a312d7807df83d24a62ecb.jpg 88,134,335,408,1
bus-77-_jpg.rf.a71d3e53cc733b3284091fad01a6c0cc.jpg 53,72,416,345,3
vlcsnap-2022-03-15-21h29m33s214_jpg.rf.10ce924cd97ca98e7b3a180ce04dc284.jpg 0,40,207,416,5
vlcsnap-2022-03-14-12h55m02s308_jpg.rf.5806749554f2be62216bf63a491ab3e8.jpg 0,253,168,416,0 157,154,207,272,3
ambulance-186-_jpg.rf.33f9c75b8b179db3bbe3d6e64c018ef0.jpg 19,41,371,345,4
00000274_jpg.rf.e69bf2387e9d248ac91813cbef15cdd1.jpg 113,87,343,331,5
vlcsnap-2022-03-15-13h25m44s309_jpg.rf.e7ad42c8a7754879e64ec052925be9d5.jpg 0,148,183,414,2
Screenshot-2024-05-04-115902_png.rf.9277c23473bada6b4a05d2c728a6c5fd.jpg 22,29,407,391,0
jammu-kashmir-india-march-19-260nw-1455533702_webp_jpg.rf.b2e54b349e42d566e4e6dac7c81538a5.jpg 49,108,351,377,2
vlcsnap-2022-03-17-17h03m35s327_jpg.rf.aae66b1680b30a8d83ac1537fc4b0314.jpg 0,41,211,416,3
7b6422b8-e0ee-47bf-a2fa-7d2bff9dab01_jpeg.rf.c7fa0eecbc898daa02c5124a6c334fef.jpg 95,0,353,297,3
283_jpg.rf.ffe2375d355beab878101838594e2e8d.jpg 28,101,415,413,1
766_jpg.rf.1af010b518cc28f7515d7728954e4730.jpg 169,186,278,396,1
2f0b0514-208b-493f-aa22-e84c045335b6_jpeg.rf.2b7d203bc535c328625fafaa41ce99da.jpg 75,11,335,387,3
278_jpg.rf.f20e838d90214942720f8f3e7f2bbd45.jpg 16,152,363,413,1
ambulance-391-_jpg.rf.8afc1464a23f8ef0c1204e8e0ebb38d9.jpg 25,126,339,363,4
bus-75-_jpg.rf.14d87b7353c3712a693e20b68076c1a5.jpg 165,68,313,300,3
20210529_18_52_10_000_bsfUf1M1E9bMsvY4ENiWwUWjDQp2_F_4160_3120_jpg.rf.a99a318cae319a0e4a0972d09a5db7f8.jpg 326,55,416,274,3 55,12,391,292,3 0,53,99,254,3
vlcsnap-2022-03-15-09h44m08s158_jpg.rf.807a6196c762a4cf1212fc19052b657a.jpg 0,68,204,416,5
bus-78-_jpg.rf.a7e5d732e5c3ed82d66320b01f2c82a7.jpg 65,81,369,332,3
IMG_5457_jpg.rf.a20aa44bcdfadc00d51a3b9b3f7830ee.jpg 0,0,413,413,2
image03414_jpg.rf.0a909848228c374d902cba3b054c7ab3.jpg 36,28,384,383,2
bus-255_jpg.rf.26a12b53bf0e7bd68705c93404d31751.jpg 0,161,346,381,3
7ad7943a-3b61-4b36-9d26-fc14b150f569_jpeg.rf.08e8f6387027b67642740f2b0761a449.jpg 140,159,218,380,1
0c7a22ad-6a37-4795-bfd4-03a4eeec5a39_jpeg.rf.071927a659ceb861b6ccebe7b95b9ae8.jpg 60,1,372,357,3
OIP-tfMkXj7YcEbLOOPxcYKh8QHaFy_jpg.rf.0a4e65318c0d9125194ea558b02e6e48.jpg 70,63,231,277,4
Screenshot-2024-05-06-114440_png.rf.8e8343de9b3d12316bf835176b47d7ff.jpg 10,3,416,401,0
0cdfae2c-b0a8-4c66-a666-697ac96ccdb4_jpeg.rf.4d41788f30a71f9fac7afe84c42bbb4f.jpg 128,164,225,411,1
India-made-Mitsubishi-FUSO-trucks-ex_jpg.rf.92df51065a171873e78975a326239581.jpg 251,4,416,357,2 139,81,265,314,2 87,113,143,278,2 54,127,93,253,2 38,138,63,244,2
vlcsnap-2022-03-15-13h28m30s216_jpg.rf.b54eb05d8f17e73060b5e455329c01d4.jpg 0,138,187,416,2
TGHXYLSBSAG0_jpg.rf.2732137b6ab6753924355b44510a4e89.jpg 85,72,306,359,1
IMG_20151014_115833_jpg.rf.66b86c3cfc998c6fa76c73882125f266.jpg 35,78,393,353,2
OIP-s9H_7VhYSzi7gHVmMEzHzAAAAA_jpg.rf.c954175cd292fbcc522eba451df9a3dc.jpg 33,130,288,396,4
vlcsnap-2022-03-17-19h32m38s924_jpg.rf.a5591ae681732f2c4e529be76658ceb7.jpg 0,1,213,416,5
JTFD4088565-15_jpg.rf.b7306491556dd2a161b4ec12bcd32058.jpg 57,6,338,324,2
ambulance-336-_jpg.rf.d0c6ae1b322e10a6df6773bc88fa9ca1.jpg 107,118,326,337,4
ambulance-176-_jpg.rf.ea0f6c8ff4507b51fd0e1b5ec21867dd.jpg 82,99,199,312,4
vlcsnap-2022-03-15-13h46m35s327_jpg.rf.3e6362807bdc4e10705180d5dad6e7f8.jpg 0,137,193,416,2
ambulance-390-_jpg.rf.d1e42914daa0a563851f23860df9395a.jpg 23,124,342,357,4
vlcsnap-2022-03-15-09h50m55s555_jpg.rf.6c4e1424fb29d22292a70606aec19500.jpg 0,69,206,416,5
76_jpg.rf.2ed11a10867ceeb71fd4c6df3ef7b0e6.jpg 27,159,350,397,1
f2_jpeg.rf.962463b56fb0c102952b5ff0b58a7385.jpg 66,60,344,375,2
LCV2_png.rf.4085ec3980660d46abf504b4e5d95f67.jpg 17,9,404,389,2
0a39e64c-679e-42a3-9379-1702e2bf7fc3_jpeg.rf.3b996315d23afe2a30c9036e08106396.jpg 158,126,258,363,1
vlcsnap-2022-03-15-13h38m11s684_jpg.rf.7c1955570672991ee9a66b284abf234e.jpg 0,90,194,416,2
00000278_jpg.rf.18145477bce46dbf4c4528e80d040b84.jpg 37,29,370,351,5
777_jpg.rf.0b25eaff7f21bdbc587e7bdb7fa36e51.jpg 227,199,294,400,1
vlcsnap-2022-03-14-12h56m33s565_jpg.rf.6a7bf49630c9dd399626f7eee9619772.jpg 0,216,174,416,0
00000279_jpg.rf.8b842fc29716d439712e5d2f1f1eb5e4.jpg 327,184,416,271,5 47,48,321,366,5 326,168,416,271,5
IMG_5456_jpg.rf.891ea28c717ba6e648f09166d0edb5c9.jpg 43,0,416,405,2
vlcsnap-2022-03-15-21h43m51s200_jpg.rf.7d6c476f5ca4565007144ff729a9ce20.jpg 0,0,214,416,5
vlcsnap-2022-03-15-13h54m13s905_jpg.rf.e8a5489d89401fea7c747252f187428d.jpg 0,151,178,415,2
bus-77-_jpg.rf.5ef0d4ea6ba216560708bf1180b08429.jpg 53,72,416,345,3
bus-78-_jpg.rf.7c3dfb272cf5a8dee7b297c5978d7c08.jpg 65,81,369,332,3
vlcsnap-2022-03-17-19h36m33s528_jpg.rf.cde9429baf6d3584df52972407fe33c4.jpg 0,0,215,416,5
bus-8-_jpg.rf.bdfd3b5af5941e6f57fb8b9c363642a7.jpg 33,35,317,372,3 313,102,353,225,3
LPC-07_DTP-2_DTP-2_20240310170937_20240310181125_2_1G_mp4-0204_jpg.rf.fdd4f03068ac8fd751558af81a36446a.jpg 111,0,290,281,3
OIP-u0HB5B2o57GjKEmyFjydbgAAAA_jpg.rf.e321db70e9b87e2d7f744bd4cfec7506.jpg 56,100,326,403,4
05ed2b53-8793-4184-be7c-7e9323bc35a0_jpeg.rf.a1cd746ca1b38898bef92f2bc842068a.jpg 73,0,322,383,3
vlcsnap-2022-03-17-19h38m29s024_jpg.rf.193726fff385da98066f8643c172d3f6.jpg 0,0,212,416,5
TC9N2OS7E9T6_jpg.rf.eef3aae43ec1b209f4850caca70df77a.jpg 46,148,208,373,1
vlcsnap-2022-03-15-09h52m53s566_jpg.rf.5576aaabe66dc48aca1c5d31cda8bb33.jpg 0,67,204,416,5
6f6d40bd-cef8-472a-8762-db2b6ecfd505_jpeg.rf.b68b722a7760c2fdd9ffd7a14edece41.jpg 55,0,295,307,3
vlcsnap-2022-03-15-09h54m47s407_jpg.rf.a3304131592fff9904fe2b20403b63d0.jpg 0,0,209,416,5
b14_PNG_jpg.rf.1badb11a96b968789cab080a95c299e1.jpg 162,188,328,356,2
bus-258_jpg.rf.7ed5d9ec8198f5442f094f3ee522dfca.jpg 239,53,415,413,3 142,72,257,382,3 19,129,109,337,3
f3_jpg.rf.72097ab53cb35f88c33c7304079a4d4c.jpg 20,45,340,319,2
WhatsApp-Image-2023-12-14-at-15-53-38_15db8450_jpg.rf.fc696457ccaa7e1520d6f8d0390b51a6.jpg 0,0,416,368,3
83_jpg.rf.27ee246e241dbd929b8720e4cfa5fc4f.jpg 22,142,302,391,1
790_jpg.rf.0c911a8826c216aedb73e7c726432001.jpg 9,129,85,316,1 265,188,393,402,1 174,110,230,268,1 102,91,157,230,1
TKM4F0HPYA6H_jpg.rf.4eeca19b60af1fdbe1fdaf2ed8bf71fb.jpg 17,9,416,415,1
vlcsnap-2022-03-15-09h55m35s049_jpg.rf.6dd3ac448a654e673439fb69c870d9e2.jpg 0,0,215,416,5
vlcsnap-2022-03-14-12h57m52s917_jpg.rf.25741f1d2e72a587d153949edc851679.jpg 0,218,169,416,0
irsyadputrakaroseri_20210128_3_jpg.rf.3f7976feeb95e60112a0dea925d2b758.jpg 49,11,342,411,2
78_jpg.rf.74f08e0187f6bcd0d400506079b7fa0c.jpg 113,129,312,404,1
vlcsnap-2022-03-15-13h52m19s167_jpg.rf.7759f3161fb908cc1ad244b293f02258.jpg 0,217,171,416,2
irsyadputrakaroseri_20210128_2_jpg.rf.146885f80e3c1b4346d00ab187e14d7b.jpg 46,70,368,393,2 0,153,50,253,2
84_jpg.rf.42c44b802097d92079b5d5b9bbae2e6f.jpg 69,158,368,416,1
TTSWGJ6EVE2P_jpg.rf.01adaa6ff348effc4e2672df0409df71.jpg 9,7,291,405,1 283,43,413,260,1
ambulance-397-_jpg.rf.517622fee07886176ee9f004ce6433b0.jpg 25,54,389,344,4
1f8327d3-94d7-4c07-9ea1-12267177e1f3_jpeg.rf.c0a85e2e9404f1942e4efcec8699dbe7.jpg 41,4,308,359,3
vlcsnap-2022-03-15-09h49m04s201_jpg.rf.6f93659783226bc6ed4bc7c58bc5f645.jpg 0,0,223,416,5
vlcsnap-2022-03-15-22h00m44s672_jpg.rf.97fb7d7de19e8f7c5df6235470059ec4.jpg 0,0,204,416,5
bus-81-_jpg.rf.16f59ce88a33832a0c8b3a1e3a23bdc3.jpg 25,91,395,363,3
269_jpg.rf.1d4ef03413dce22696a43672bd397ccf.jpg 41,119,330,364,1
04dd33b4-feb2-446d-8d51-c8fab04976d0_jpeg.rf.5061d597519d64cd1d585958fa21bb9b.jpg 173,168,259,397,1
2fe52645-655d-4a52-a525-2c376e7fe3b3_jpeg.rf.89e0d0527459629bcef0d022d1c8cc55.jpg 142,4,368,255,3
775_jpg.rf.22cd24ce703337dc4f6f80606c16d49c.jpg 170,188,222,409,1
vlcsnap-2022-03-14-12h54m05s510_jpg.rf.0fcd3f169717243955a659f417354225.jpg 0,171,169,416,2
vlcsnap-2022-03-15-14h00m55s201_jpg.rf.9f45a8bf7c7800de925416d14791e6e0.jpg 0,159,166,416,2
vlcsnap-2022-03-14-12h57m41s626_jpg.rf.8a84dc07937f9bb0fe78740a9ceee3b6.jpg 0,230,163,416,0
vlcsnap-2022-03-14-13h07m15s863_jpg.rf.8b2cfff61e42c10e6df1fe2f6ebb969e.jpg 0,215,178,416,0
267_jpg.rf.916b2848960b5e0311287f1c122d652d.jpg 74,115,361,396,1
img_5466_jpg.rf.08361e425323690bd317d684d873663b.jpg 8,54,413,373,2
vlcsnap-2022-03-17-18h25m55s156_jpg.rf.32972a0645c08fb0184612bfb3089d1e.jpg 0,145,193,416,3
vlcsnap-2022-03-17-19h46m59s544_jpg.rf.fe4d3811570af7d7f463c787afe65ec4.jpg 0,2,213,415,5
vlcsnap-2022-03-16-09h13m12s010_jpg.rf.c190f0bb40ce7b509ebedb364a050965.jpg 0,0,209,416,5
ambulance-364-_jpg.rf.ed4339bfad41da82f44b18f5012e809e.jpg 0,43,416,416,4
image0592_jpg.rf.9abddfbf78bd6a60a472e4684c85bdb6.jpg 15,10,405,416,2
bus-257_jpg.rf.0491f200959043b56e5f22d730367058.jpg 134,132,416,354,3 25,225,132,319,3
JTFD4025725-1_jpg.rf.94933d3fd53a4ec3046a85aa2d3d56c0.jpg 24,39,400,406,2
ambulance-371-_jpg.rf.9c0d8876279abafbfad10a0158a643c0.jpg 200,3,416,384,4
0e75eed7-e1e3-4474-bf7b-88a23aa0b58d_jpeg.rf.4f70ab56e39c485939659414947cff63.jpg 194,0,416,254,3
5a08dbc9-647f-4fde-8de4-6275b70c887b_jpeg.rf.e0aacaa4ffb9b4fc82ce9af8ab40b55d.jpg 63,0,318,333,3
20210523_16_15_36_000_wadXq0wFSqZtAe6KeW5TCRyhQ0R2_F_3120_4160_jpg.rf.35ad075aaedb5e300ee7c055285070cd.jpg 79,22,367,222,3
00000288-2-_jpg.rf.2da2077d20489382d24653482b4db308.jpg 77,73,388,349,5
bus-81-_jpg.rf.68b7c476bd8ba64d75f3b6d2878baca7.jpg 25,91,395,363,3
2b9fa675-8ff8-4d64-b3ae-4ef852283649_jpeg.rf.d9fb1739f0c81ffed4064e9f70f8b0bf.jpg 69,0,327,348,3
images-78-_jpeg.rf.ef4a16e10239a401a8105f50c7175eb2.jpg 40,187,347,394,0
Screenshot-2024-05-30-142731_png.rf.c7b7daad24ed41c906bdb7394e6f02b3.jpg 9,0,416,390,5
251_jpg.rf.1c8093e3a9e9f4f81ce6d073f3878972.jpg 57,152,382,389,1
vlcsnap-2022-03-17-19h50m43s813_jpg.rf.8c0f9eebc22a57046b58c25e52bcece2.jpg 0,0,205,416,5
263_jpg.rf.7e64e41c030e84a40095f350d2f13e9a.jpg 116,123,358,392,1
images-75-_jpeg.rf.b8ed1a5947dc23cc32f2abccb43b10ab.jpg 13,230,196,407,0 222,232,402,409,0
017c9885-f23c-4038-a2b6-bc7a12b8cdbb_jpeg.rf.b2bf0d501ecbd2ec99ba0331b62565e2.jpg 42,0,296,345,3
88_jpg.rf.7e4287a886b22467affea8a4fd571aa1.jpg 51,170,327,382,1
bus-79-_jpg.rf.0902989e683d7194a723e76fde55e7a4.jpg 56,38,387,387,3
TI04N6Q4MJX2_jpg.rf.774fb766a232061e5544c481a3ad6e89.jpg 108,208,325,416,1 70,134,227,319,1
ambulance-366-_jpg.rf.fff3eef41a8078689b862987f6335f05.jpg 139,132,285,300,4
b1_jpg.rf.b4665d18d77992cbddac2f653ea7d1e4.jpg 180,124,298,385,3 250,46,314,155,3
ambulance-378-_jpg.rf.427f16ba9ba4f8e78510ea82bbf5a483.jpg 53,66,373,368,4
vlcsnap-2022-03-14-12h58m07s286_jpg.rf.f97f8e14b9309636cb3d7333ecef75b2.jpg 0,222,169,416,0
vlcsnap-2022-03-17-22h23m45s877_jpg.rf.148120925c8741730ef9ccad5357f3fd.jpg 0,0,211,416,5
3e5c1e1c-4038-4203-9f94-e8c9880426a5_jpeg.rf.6b75fe19c8ec55406e7f469445293944.jpg 228,141,312,369,1
bus-259_jpg.rf.c2bdf43b92b2844f5528f526402d0e71.jpg 1,62,361,352,3
79_jpg.rf.cdb3d8939cb9085160844381e1a26144.jpg 123,160,285,394,1
b10_jpg.rf.3762b37e5715ab8f7de63ed6afc749f8.jpg 172,215,230,308,0 259,144,362,270,3
vlcsnap-2022-03-17-18h28m37s566_jpg.rf.ad086f401a6f41349cb962abc5f724fb.jpg 0,88,207,416,3
bus-260_jpg.rf.c1edb8ce0aa600929a0dccea70cb20c7.jpg 29,9,400,391,3
vlcsnap-2022-03-16-09h25m55s994_jpg.rf.7c01b76fd8e2010339ab9ede928be5ca.jpg 0,0,220,416,5
vlcsnap-2022-03-15-10h09m04s974_jpg.rf.14ce4d41bcd06720e9f26d9d4a5e6240.jpg 0,54,218,416,5
vlcsnap-00165-Copy-2-_jpg.rf.5a05bf81185abbc3e4746d3d79b82d8b.jpg 153,197,416,416,0 96,149,113,211,0 151,173,167,200,1
images-92-_jpeg.rf.96d6d7f2a684c8c1092ad7e5b6ee03ef.jpg 62,13,408,416,0
bus-80-_jpg.rf.f22bfce8f37f31193cc67c41f0f5ab3c.jpg 191,71,329,347,3 59,109,186,366,3
vlcsnap-2022-03-15-14h14m04s196_jpg.rf.35ee7f2981d70eff3e48044099d15eb6.jpg 0,138,188,416,2
vlcsnap-2022-03-17-19h37m09s348_jpg.rf.70d4c8623f736bb1ba3b03ce2c396523.jpg 0,88,206,416,3
249_jpg.rf.85d0902dbb4e9ec3a0d79d177ac8f0f2.jpg 39,60,385,414,1
bus-261_jpg.rf.1778706a1e4d54eac321ca28074f87bb.jpg 0,26,401,404,3
7deaf4f9-3f26-471c-ab0f-96fcbb107e29_jpeg.rf.c49f89360f1c602f60d36a9034786c4b.jpg 114,121,217,334,1
vlcsnap-2022-03-15-23h03m32s860_jpg.rf.d1b65e6c46d07e881b9750c399a03898.jpg 0,2,203,415,5
bus-86-_jpg.rf.a9319b2f1011d6e53f57cd08922b2fe8.jpg 73,109,233,246,3
4dd09d57-1c54-49af-ba34-cec96ab961db_jpeg.rf.ee7fdeb8a26621c3d52b0825b18b1c75.jpg 51,0,277,347,3
90_jpg.rf.5a4f99b4369454462ff77595879a8800.jpg 142,118,236,343,1
Screenshot-10-_png.rf.324952e2f54bd0fb0beba6433e4564de.jpg 37,220,70,265,0 72,238,103,294,0 177,177,199,214,2
vlcsnap-2022-03-17-22h25m58s278_jpg.rf.13e86a1a717214301354eb851989ddcc.jpg 0,0,200,416,5
93e59f08-7810-42f1-b6e3-8e6bb2d89ecd_jpeg.rf.e2b3e3dd326e71060e52c1fd1d0b6fb2.jpg 63,0,305,348,3
OIP-Wmqh_Da7PCIAxajemu-g_wHaFu_jpg.rf.9488c8db45a35bebb8cef27249e3ee5e.jpg 0,0,414,393,4
vlcsnap-2022-03-16-09h32m26s148_jpg.rf.5b1a60599ee3624b7307875c1b067759.jpg 0,8,213,416,5
vlcsnap-2022-03-15-14h11m21s085_jpg.rf.33992281bc262c2506ef12e9a1fbd984.jpg 0,168,189,416,2
vlcsnap-2022-03-17-22h24m00s194_jpg.rf.c47eb8edc020c1de13ffa21383ff78be.jpg 0,0,211,416,5
bus-82-_jpg.rf.f34d2e2ca87ac343e895fce7c723a51f.jpg 16,76,277,346,3 279,105,385,206,3
bus-81-_jpg.rf.a02310d062c57ca94f4a61ab98e2e0a6.jpg 25,91,395,363,3
ezgif-frame-180_jpg.rf.f68565a56c357ceac79873ef15bac8d4.jpg 0,129,277,327,4
bus-82-_jpg.rf.8e4ea0a7a8b273adc5df74a55e7fa1fe.jpg 16,76,277,346,3 279,105,385,206,3
maxresdefault-12_jpg.rf.90e27696491053301c745a2157f320a5.jpg 2,93,362,415,2
96_jpg.rf.7f1d1b57c54bc4672205ac89c9dffc57.jpg 198,142,279,357,1
vlcsnap-2022-03-14-13h07m33s201_jpg.rf.1a35e7df7dca7776f81960ba6efb06c9.jpg 0,239,154,416,0
00000291_jpg.rf.cf392dd96dccaaacd5b1500741d38fd2.jpg 32,233,105,355,5 254,243,305,370,5 329,162,401,397,5
vlcsnap-2022-03-15-10h10m03s366_jpg.rf.b76f46c7372e5290f3743eee6f29f76c.jpg 0,41,217,416,5
IMG_2069_JPG.rf.96a1d9a05cf1fe56b227e5ad20212690.jpg 18,169,380,359,1
vlcsnap-2022-03-14-13h11m37s907_jpg.rf.df935e35259dae91279d788f9d7e71d6.jpg 0,190,175,416,2
0c7d680f-e524-46b0-972c-0c4a7adc9fae_jpeg.rf.5e37747b6d319dffaa64680d6b01e7ac.jpg 144,156,216,364,1
Road-Traffic-images_33_jpeg.rf.c309a223655e9ed52566d7ac0149c221.jpg 4,175,129,408,1 122,178,199,289,1 192,136,228,239,1
244_jpg.rf.aea5db998d62c934c3d42b613dc6b695.jpg 1,70,379,410,1
image02162_jpg.rf.d512373d8c3889aab1985e2662264873.jpg 34,76,342,376,2
bicycle-282-_jpg.rf.42f534630475b385ac6906210e30710f.jpg 49,86,338,383,1
00000292_jpg.rf.5273f2bf7c327e004aef20cb40599014.jpg 35,74,394,394,2
1f41c009-7751-426f-bf96-f1cad2fedb37_jpeg.rf.f99d1b7f2f56e631b62cf910ed4521e9.jpg 78,105,164,365,1
vlcsnap-2022-03-17-18h34m05s840_jpg.rf.191cf1c031fe7588b5dc8eddb0d0f923.jpg 0,100,206,416,3
maxresdefault-3_jpg.rf.30d3e5cf6668b473d51b4a2dbf957da8.jpg 41,72,389,377,2
tata-ace-pack-body-vehicle-500x500_webp_jpg.rf.3f308fe019a236ad806f86a41bf44018.jpg 55,115,408,357,2 2,154,69,284,2
mitsubishi-canter-339fdca1_jpg.rf.859b012c1a5c91066ccef826b1becbe4.jpg 75,34,391,327,2
82_jpg.rf.3a7ebd8801a4a1ce47f143c7c8cff168.jpg 48,135,371,385,0
00000289_jpg.rf.f8fd5fcf3c26d807c4e303809390fd2d.jpg 35,30,374,406,5
1a9c6271-aafe-4833-82a1-a160159f60a8_jpeg.rf.665ed80a74d385ec975974bd11a381f6.jpg 79,16,250,383,0
vlcsnap-00061-Copy-2-_jpg.rf.4f60ec55fc65580aedf3e73174232c11.jpg 157,225,416,416,0 186,185,218,228,1 121,149,147,200,6
vlcsnap-2022-03-14-13h11m58s576_jpg.rf.f4e333719d709ba4a8c6cdc9ff29f8a1.jpg 0,149,180,416,2
vlcsnap-2022-03-15-14h12m11s835_jpg.rf.f3ccbaa876eefd37f12d4405e5f012af.jpg 0,187,167,416,2
BL1R60Z25U7C_jpg.rf.94d6d93d1acd9f64e41d1adae810856f.jpg 121,226,385,416,1 126,187,266,293,1 122,147,230,226,1
bus-262_jpg.rf.df73045734950e445d452860473dd8c1.jpg 92,87,363,378,3 1,215,99,329,3
ambulance-323-_jpg.rf.0f743d2624c6b4735681121d9341e72e.jpg 28,0,294,391,4
vlcsnap-2022-03-14-16h26m57s940_jpg.rf.13ef2b8f48620ceaa8321ce034b20f82.jpg 0,0,202,416,5
9_jpg.rf.0e2d2700330930ae8d0394b3476d3c5d.jpg 147,157,329,400,1
Screenshot-2024-05-30-125600_png.rf.739128634392c459a42036d9250fb27b.jpg 33,0,416,416,3
1a86d8e0-2c66-45b9-9765-1109c7bcea33_jpeg.rf.49fd99ae0838ca88feb119e99ddb6877.jpg 116,4,286,325,0
8c861ac8-1be5-4c0f-9fca-9ae055df52a7_jpeg.rf.c8c89475b0ad6370ff1c9e6f26ee18d5.jpg 45,0,294,344,3
vlcsnap-00164-Copy-2-_jpg.rf.1c9cddd44686dcaa56d4538f1f4f7caf.jpg 153,193,416,416,0
ambulance-2-_jpg.rf.a69b89ea96925dfbb1acc63ad91e4ec1.jpg 0,23,98,255,4 50,36,238,233,4 197,53,353,221,4 307,59,416,208,4
vlcsnap-2022-03-15-13h41m52s072_jpg.rf.80705a89d5d2a746f2429fbf322c3802.jpg 0,0,197,416,5
AIJ9PX6BsuqqhEPqhpS9jvYhel0GgB0rqD-S_jpg.rf.048b16d79348f4c57cfc5445f0b30425.jpg 50,0,376,408,2
as_10_jpg.rf.d0637d86910211db006bd279d6546e9b.jpg 32,4,396,408,2
bicycle-284-_jpg.rf.9c4274ab3df955c6ea216df3040210e8.jpg 185,171,247,311,1 261,186,307,349,1 319,177,348,283,1 354,170,364,249,1
bus-129-_jpg.rf.ec6347ea0e44bd067a4702eea1152783.jpg 8,43,397,352,3
9e80cc81-Bankpur_Chowk_2480_5_22_2023_10_25_14_jpg.rf.b9807346e96c71e94a0097f609aed390.jpg 333,147,363,194,1 290,153,323,187,1 197,194,271,254,1 374,164,416,199,1 116,132,198,181,0 224,125,300,174,5
Road-Traffic-images_31_jpeg.rf.85bb931ef2a0032f07b316df36ab4de0.jpg 55,250,126,369,0 42,167,82,220,0 170,279,230,359,0 11,273,59,366,0 95,171,128,231,0 74,68,99,102,0 221,258,254,382,1 143,267,170,365,1 251,267,277,374,1 177,136,191,187,1 143,93,156,135,1 160,118,171,166,1 378,278,414,347,6 338,270,372,337,6 290,273,321,336,6 115,248,146,324,6 124,137,151,186,6 112,120,128,164,6 86,128,108,173,6 108,63,124,98,6 281,211,297,247,6 324,247,332,274,1 25,237,70,278,0 55,141,92,184,0 46,124,78,158,0 192,235,207,275,1 172,242,189,273,1 162,74,174,101,1
force-traveller-ambulance-b-type-patient-transport-500x500_png.rf.b6d9127f0201122ec4d8f2d0ab63ef2f.jpg 38,14,386,374,4
8d0420d3-9df8-4b8d-aa1c-2a71963fd4c9_jpeg.rf.168e719a1fd69fcaf0a8d3527f0a1bf0.jpg 100,3,379,310,3
bicycle-281-_jpg.rf.46f1ead555c3b0692d58d9018c44c8fb.jpg 89,10,416,398,1
234_jpg.rf.cf6f81627df1f562e4011d08e62690c9.jpg 1,92,408,399,1
vlcsnap-2022-03-15-10h12m39s710_jpg.rf.ce84decbd4f79337f60c0222371779b6.jpg 0,0,213,416,5
image01645_jpg.rf.03ecef912f441b7d0987eebd0c537e6a.jpg 35,46,361,403,2
2-wheeler-travel-on-streets_66_png.rf.423c5fd4efbe73a542c5be39ee65e631.jpg 151,201,242,408,1
1a995c28-4b89-4d28-a823-885839c70d2a_jpeg.rf.35191737b22db7f6979682f1e9e9b306.jpg 112,51,277,370,0
1a966fab-374b-466d-8532-db8f4ff411be_jpeg.rf.a0204cb4ebac8646384cce105f9f30cd.jpg 155,89,316,375,0
2-wheeler-driving-on-streets_34_jpeg.rf.3e9b84484930aae28dd7158278c25f51.jpg 58,125,305,407,1
vlcsnap-2022-03-14-00h13m19s106_jpg.rf.1c8691df29b8207b75e884d22bb01821.jpg 0,100,185,416,2
bicycle-156-_jpg.rf.881344644e1ccdd5daa90c550bbd816f.jpg 160,159,309,338,1 87,114,109,149,1
b11_jpg.rf.a2527f51d484fcd16c4d25370f046efc.jpg 67,174,256,240,3
0ae5217f-ac98-4e7b-9f7c-168507419fa7_jpeg.rf.e5657be7101402bcd802b38bbfdcf66d.jpg 117,47,301,396,0
9db43a75-Bankpur_Chowk_2457_12_20_2022_14_40_27_jpg.rf.cd24b515569a0bc5390b251a9f66191a.jpg 0,173,335,416,1 282,135,380,239,1 0,73,69,147,6 174,68,269,158,2
427919701_1491375814743024_6354704158052912520_n_jpg.rf.5be9f1c7d8471042e83d676a8d434317.jpg 10,137,395,313,0
2a010f5d-2fd9-4bdd-8eda-c206dae413c7_jpeg.rf.acec4507304bec594bf0a02b2f9038c0.jpg 82,0,326,323,3
ambulance-403-_jpg.rf.6cb2110d616475a96b5d32f59d48a227.jpg 105,71,298,341,4
vlcsnap-2022-03-14-10h05m31s289_jpg.rf.c7e22c6d127b1b5b8dc8761cf293d6bc.jpg 0,65,205,416,5
ambulance-61-_jpg.rf.1134f447c961ed6457acc4bfc701bd1d.jpg 19,83,133,287,4 148,84,271,271,4
1ab91de4-a49f-4290-bff8-10d438f77480_jpeg.rf.ffe3f259457310a8852f4515953f99e0.jpg 101,0,290,310,0
3CIU27K9LTVW_jpg.rf.be7e4419443a692d01a85900b3fcb885.jpg 216,259,382,370,1
vlcsnap-2022-03-13-23h17m35s998_jpg.rf.15d5550a2410bba0fb0eb8df8bb16084.jpg 0,6,205,415,5
UIEVN7VVAYUE_jpg.rf.f3f2d823062eaa2e263f113d1f253d7a.jpg 41,30,409,412,1
8c9bbef4-3719-428d-bab2-ce934dbce5bf_jpeg.rf.6acff15ae09b707629bc09c6f4f39eb4.jpg 79,1,344,312,3
427476913_2414393572072650_8839873081444166836_n_jpg.rf.fdb5e23729878987fae6f340be867d51.jpg 23,160,378,325,0
00000081-2-_jpg.rf.c248333b926039c54334cd9c4f8cd05b.jpg 79,44,336,392,5
vlcsnap-2022-03-16-09h34m04s690_jpg.rf.883bbde21394a1f033a06c686e292bf7.jpg 0,0,201,416,5
Screenshot-2023-08-16-114152_png.rf.658ed2fc148efea9ccfd581b54654034.jpg 143,170,252,313,5 292,220,340,276,1 320,272,374,345,1 290,344,374,416,1 70,344,134,412,1 186,84,232,129,2 248,103,299,136,6
bus-115_jpg.rf.8bd8c05ade1224300bdc39b412e2bacb.jpg 162,48,338,334,3
bus-88-_jpg.rf.34bddb17f8a4a4e6dbf164892b285e59.jpg 40,91,360,330,3
1aad0df0-5eaf-42fe-a3d7-c0a1d56fb974_jpeg.rf.e4c6d674c9cca15f228e0a170be7b5ff.jpg 94,0,292,358,0
vlcsnap-2022-03-14-11h07m05s437_jpg.rf.a5837756bc297e6dfe31a5d5944fa506.jpg 0,1,211,416,5
image-58-_jpeg_jpg.rf.dba118497f3eaa54085c3055be0a808f.jpg 37,3,340,400,0
ambulance-350-_jpg.rf.f01eb64ccdc9366dc9e664b276e67c0a.jpg 156,128,340,317,4
Screenshot-2024-04-30-112716_png.rf.331a2c7d07d3be902bc7e56b026a4611.jpg 17,0,395,394,2
bus-13-_jpg.rf.fe1b6ac225d153ecd8d8b958e1efbe3f.jpg 23,60,404,405,3
1ac780c5-701d-4798-a22e-84d73d216d32_jpeg.rf.b7cdec3610a48ce7c8b04e241ef58f19.jpg 138,55,283,367,0
9_jpeg_jpg.rf.c77a9cf609b04d76f1471f3e0c94c30d.jpg 5,47,387,345,2
Force-Traveller-Ambulance_jpg.rf.b76843a059dfd6e9d1b441123bec049e.jpg 79,17,383,409,4
bus-13-_jpg.rf.4938c2a2a56a2d4a30fad048987eb93e.jpg 23,60,404,405,3
0af0591c-5789-423f-866b-806ea176e0db_jpeg.rf.178e8506816664bdd295c98aee1751fa.jpg 145,16,309,329,0
5ca66ba3-cad8-4d73-b2bb-009489b64c1e_jpeg.rf.c725b0f764949614bed7149da2b99ccb.jpg 46,126,156,352,1
vlcsnap-2022-03-16-11h21m42s968_jpg.rf.5c1ec2b37ae96cbfcaf4059c1d2eb86c.jpg 0,128,208,416,3
Screenshot-2024-05-06-115548_png.rf.45451a115a24cde28b64e20a6c4b7c4d.jpg 4,4,416,416,0
10_jpg.rf.aeb273c99687c98552a8f077b35cf383.jpg 52,29,364,395,0
bus-178-_jpg.rf.6cd5844be444d415ff28f3fd505bf03d.jpg 29,101,416,347,3
5_jpg.rf.15aa1b3252651b40c6e9c32fbd4b1460.jpg 51,84,415,251,3
vlcsnap-2022-03-14-10h14m41s889_jpg.rf.0872e22732f1bc8598d2748acfd337c9.jpg 0,65,208,415,5
vlcsnap-2022-03-14-09h09m12s388_jpg.rf.597c5d9813581e8209eb8036fcc1ecc4.jpg 0,0,207,416,5
1aaa5229-1904-4e35-ae45-ad2791518012_jpeg.rf.86a3bf4bbbf9b87733ddc365dfc5c6aa.jpg 117,44,283,335,0
BL8TH5FDU951_jpg.rf.e242256ed4e477003fad46686fe5db82.jpg 11,9,408,416,1
bicycle-285-_jpg.rf.d0db837f6b0547dc083425f877499be6.jpg 16,31,413,348,1
0af70e16-f326-47ec-9ed4-e27cb225c556_jpeg.rf.5a038d16f19ce236d128af2e872c47cb.jpg 86,1,320,330,5
vlcsnap-2022-03-15-10h35m27s475_jpg.rf.b075616a6e16e6201531039f7f6a575e.jpg 0,66,207,416,5
vlcsnap-2022-03-13-21h37m25s389_jpg.rf.7acaa5e305cf26cf819884f14468040d.jpg 0,253,160,416,0
image01226_jpg.rf.754098189178876aa0f7388248e49a8e.jpg 25,0,416,383,2
suzuki-bolan-2012-back-side-view-1_jpg.rf.42f67e3b924ac6fc59c29e33b8bcff3f.jpg 80,50,330,368,0
Mitsubishi_Fuso_Canter_Mk8_FE7_FG_Wi_jpg.rf.b382ca48191581424721b68dc824f446.jpg 21,69,400,345,2
vlcsnap-2022-03-15-16h06m37s245_jpg.rf.739ea08a904b6a0a5e2c382a31b47172.jpg 0,189,162,416,2
00000319_jpg.rf.83072ce71326a9975ec6b8f772cd4bc4.jpg 79,90,319,375,5 0,123,66,356,5 329,78,416,390,5
9bdff9b0-ad53-46e1-a8ae-9eb56dcffa98_jpeg.rf.2778132e4399fb20416d8644d30dddcf.jpg 79,4,334,309,3
WhatsApp-Image-2024-02-12-at-19-41-07_ac2c3895_jpg.rf.000a330388ee4ac0482e2514ed21968f.jpg 41,85,316,361,0
vlcsnap-2022-03-15-12h17m41s581_jpg.rf.30e809f286d6f1be750b1ee5e8114ba3.jpg 0,0,210,416,5
ambulance-427-_jpg.rf.0d22c323a2306f2de66b1c1ab2a635c9.jpg 0,12,416,416,4
b6248c6e-Jublee_Circle_1775_2_19_2023_13_30_50_jpg.rf.3b9ede79522fcf87c550910e91abf008.jpg 110,98,314,383,1
137_jpg.rf.c4d6a2d49b272e72c6febe8e1b19a1b8.jpg 60,90,368,416,1
bus-200-_jpg.rf.8dffb9486070957ea8c5704f9da20c71.jpg 94,119,324,278,3
image0992_jpg.rf.0a66ae349b3b6d5c74c0382bac133df1.jpg 22,17,381,391,2
images-3-_jpg.rf.0141c4a2a69c2357666a122b73482266.jpg 34,133,321,350,2
92_jpg.rf.0fa53e04ebe5ab78927394c0f3ffe9cb.jpg 21,78,411,384,0
Screenshot-2024-05-06-120103_png.rf.1fdb2ce930d980356d36ab585fff1464.jpg 22,14,415,416,0
vlcsnap-2022-03-14-13h40m09s769_jpg.rf.af3c7ef8c59887ecb2c5e18543009c13.jpg 0,246,159,416,0
stock-photo-rajasthan-india-march-ambulance-car-force-traveller-at-an-interurban-road-2135094307_jpg.rf.51a604d92d7a8c2b65c5a4e0026ab808.jpg 107,116,335,327,4
a-closer-look-at-the-active-dual-exh_jpg.rf.5a8ce19d3fb356ff38604a539846bedc.jpg 86,90,343,365,0
vlcsnap-2022-03-20-09h26m23s317_jpg.rf.0a2ddb362ecdff50167eee9aa9da43da.jpg 0,103,210,416,3
130_jpg.rf.703be46bf87debc851be3b9477b97198.jpg 68,115,326,416,1
vlcsnap-2022-03-15-12h25m11s726_jpg.rf.5c61683e7dc7cad823e0bd15b6ebc39c.jpg 0,0,213,416,5
vlcsnap-2022-03-14-14h51m27s992_jpg.rf.87f856baf6f793bc26c490d75bee7def.jpg 0,248,168,416,0
3b2fe877-b128-4d7b-b376-d6b7a7559f9f_jpeg.rf.79b06f2ebd37b5d1327fa4235b04f3bd.jpg 180,118,261,324,1
vlcsnap-2022-03-16-11h22m03s018_jpg.rf.bdef49830e6e3315ae2b50935e50be46.jpg 0,0,210,416,5
vlcsnap-00177-Copy-2-_jpg.rf.cc287227ac510579c6013f913920ad76.jpg 164,194,416,416,0 103,164,161,252,0
vlcsnap-00192-Copy-2-_jpg.rf.91305e1a6ba24e8a25572266af0df964.jpg 155,238,416,416,0 94,95,175,257,2
Sejarah-Palkun-2_jpg.rf.cc2d9825d79f64e5cb1fa79a9792f1fd.jpg 28,3,391,401,2
vlcsnap-2022-03-16-14h42m33s178_jpg.rf.9ea7f0f50e5c3c6d73050084232f7fd0.jpg 0,0,206,416,5
1db83f67-ee0a-41a9-927a-2bf1e29d9e66_jpeg.rf.845ca7559095d7f2ee15599a5aa6df0f.jpg 119,0,370,335,3
vlcsnap-2022-03-15-12h29m13s469_jpg.rf.cdd519e5e7e09c88da1169c17b0da2a5.jpg 0,35,209,416,5
f9_jpeg.rf.e3e7a6fcf2918993eeea2187c0afad44.jpg 144,61,368,355,2
vlcsnap-2022-03-14-14h47m52s130_jpg.rf.b45c8053da043d78f6149ebcb9dcd0c4.jpg 0,220,157,416,0
YIP9M59989TH_jpg.rf.e73a05f760edbb9168c99fbb97e2c9d3.jpg 30,39,366,375,1
88_jpg.rf.6ac75d1dfb2bff137ef4ec839f4a941a.jpg 56,84,376,372,0
bus-125-_jpg.rf.13d9edebaee059c2cf91c381e0f920be.jpg 90,143,406,350,3 1,208,93,312,3
bus-135-_jpg.rf.1b5f79f7968d8b7056fc54c8bb7d309c.jpg 62,25,364,409,3
vlcsnap-2022-03-15-11h39m46s226_jpg.rf.0cceea5a1d3b88730b141e37da8bb98b.jpg 0,68,204,416,5
vlcsnap-2022-03-15-11h38m28s417_jpg.rf.548c2f68991aee75bddd8149ab3b06d6.jpg 0,71,204,416,5
Suzuki_Bolan_2012_jpg.rf.803f79f872cfa5d576c7629c2e2e710c.jpg 104,91,322,327,0
vlcsnap-2022-03-15-16h05m58s586_jpg.rf.29d1f18968eecdd9873d5fb4ddad6c66.jpg 0,114,189,416,2
Z086JOF6DQFF_jpg.rf.ed43879127f452326588d83ff061924b.jpg 68,42,320,398,1
ambulance-375-_jpg.rf.10a12cb87d73bc165bb2d4280ebdaf16.jpg 0,55,282,416,4
vlcsnap-2022-03-16-11h34m04s411_jpg.rf.b4ec4616f07215931266174e02329f2e.jpg 0,0,202,416,5
vlcsnap-2022-03-14-14h50m30s983_jpg.rf.33961545736d66ea6a00b663909184ff.jpg 0,215,169,416,0
ZDZLMRA11WHN_jpg.rf.b291995177ae6444d6bb61862002b4c6.jpg 4,6,416,405,1
bus-269_jpg.rf.8c26e42592ca38a0ffcfb4f792f73318.jpg 0,32,411,411,3
vlcsnap-2022-03-14-13h39m52s817_jpg.rf.1a42adcdc9a1cb9f7863045a17970197.jpg 0,235,162,416,0
4a1706c1-5500-403c-a6ff-a9c6789a5de5_jpeg.rf.a52a388214cba5944da93c1c79caeaa8.jpg 199,147,272,337,1
P1010474_jpg.rf.b5c5f1097c9e8e3aee32aa7be83b1887.jpg 31,30,414,353,2
Screenshot-2024-05-30-143326_png.rf.678a1cedaddb490a0096d11a95ad5346.jpg 10,0,250,193,5
354_jpg.rf.4d99269522b0e1db1d1e8b6c581dbcd9.jpg 15,129,228,416,1
bus-279_jpg.rf.ef88fb9e6112750aebe041805eff28ca.jpg 3,57,411,372,3
00000362_jpg.rf.f74bac0f4e9300967a9861f9077923cf.jpg 70,46,372,392,5
private-mitsubishi-fuso-dump-truck-c_jpg.rf.8d98627ff0ef65e374729ce505c8d88b.jpg 8,86,399,355,2
vlcsnap-2022-03-20-08h51m25s041_jpg.rf.00e4eeac6b93b62142690aaf6d6ab0d4.jpg 0,0,212,416,5
6f7a2815-bb50-46cb-9097-fb16c4f34935_jpeg.rf.def76f518e4037952c7b208d9c81fa0d.jpg 40,0,284,349,3
136_jpg.rf.8dd65908e7a8f226806725d4ee84007e.jpg 90,106,365,410,1
vlcsnap-2022-03-18-12h22m12s675_jpg.rf.218e2defe4c5158fe186659e452c2090.jpg 0,0,213,416,5
vlcsnap-2022-03-15-12h30m04s944_jpg.rf.ad6691491b61a16102ce66c855d05774.jpg 0,73,208,416,5
image0899_jpg.rf.6b79c4fefa165dccb061116d54ef9ba6.jpg 15,8,407,404,2
vlcsnap-2022-03-20-18h07m16s412_jpg.rf.306d0d69955af9a38387fdc32ebcf881.jpg 0,3,205,416,5
vlcsnap-2022-03-20-09h46m41s584_jpg.rf.23045e5bc2a841d9c018646a8761235a.jpg 0,0,213,416,5
ambulance-367-_jpg.rf.45b8b891da2932441d461c395aa79f11.jpg 26,139,281,319,4
vlcsnap-2022-03-14-15h18m08s914_jpg.rf.7363d1961420849fe19797dea1616470.jpg 0,186,158,416,0
vlcsnap-2022-03-20-12h28m45s773_jpg.rf.860e0e94364d98060a0657d74ff3226e.jpg 0,152,192,416,3
bus-49-_jpg.rf.3f295e26ff9573dc23a8d035bd635ffe.jpg 42,97,377,393,3
two-wheeler-on-streets_5_jpeg.rf.090d958f243f4084d305879a49d405e6.jpg 61,260,186,416,1 3,164,68,381,1 173,206,224,406,1 228,270,344,415,1
00000347_jpg.rf.f8be391dbe97a2250e4c449c6949ca6d.jpg 199,102,372,332,5
ambulance-98-_jpg.rf.6dc1c53d16064de9b41f7b42644e1d41.jpg 236,179,348,394,4
vlcsnap-2022-03-20-14h14m28s291_jpg.rf.d65881e6c80239c92638c33b54a158b6.jpg 0,0,205,416,5
WhatsApp-2BImage-2B2017-07-26-2Bat-2-7_jpg.rf.0d7245fa286e7ed478cfb25e5fa313cb.jpg 21,33,400,373,2
9fb5a9e5-0930-436d-9c0d-e3f2be27abc9_jpeg.rf.fa1049e4b07e7b6a3442e71ce404cf42.jpg 52,0,299,327,3
th_jpg.rf.8cdeda79a5f1daec32d4dc3f3ea766cc.jpg 0,5,140,375,4 145,62,278,372,4 282,42,416,416,4
vlcsnap-00196-Copy-2-_jpg.rf.08f45f8495f620ae4e0b7c25e38db1be.jpg 160,234,416,416,0 97,80,172,244,5
vlcsnap-2022-03-16-14h48m08s551_jpg.rf.a6fb72b1bca424ec329c306e475403ca.jpg 0,0,208,416,5
96_jpg.rf.5f63bd84b1c6466f5a2587b699013646.jpg 24,74,399,385,0
4fb1aa8f-b74f-48ef-8572-7d6250be6a5e_jpeg.rf.d6e5305e7840dede5faca1201e723ada.jpg 67,103,158,347,1
bus-285_jpg.rf.6c6566a4c1c7d8785907afa92d8af21c.jpg 77,49,320,414,3
vlcsnap-2022-03-15-17h50m28s524_jpg.rf.b1de947bc1fe269e643106f3b790e0d6.jpg 0,89,202,416,2
bus-280_jpg.rf.db9837b0c04868ddbeddf36470d22ec6.jpg 157,207,306,364,3
4bc45439-a822-4415-971d-659af2829909_jpeg.rf.cd8d3d8722759017013417b1f9324ba0.jpg 155,73,249,371,1
Screenshot-2024-05-13-174823_png.rf.c238d8f0221bb40982117ee30fd90b61.jpg 20,30,403,363,0
bus-214-_jpg.rf.c43b1a1cb8b127592d6730719f1a5d18.jpg 94,14,256,253,3
8ca87b0f-c708-4245-ac89-ce3daeab2124_jpeg.rf.d421eeaace28411caa44f49f7b8ef1b4.jpg 43,3,303,330,3
vlcsnap-2022-03-16-14h27m37s620_jpg.rf.1b87f0b109c36cb3b0da92863ec76f8d.jpg 0,0,210,416,5
vlcsnap-2022-03-16-13h24m08s893_jpg.rf.b00f57545c670cd313a1f9c590b12c35.jpg 0,173,161,415,2
vlcsnap-2022-03-15-13h01m29s713_jpg.rf.5e7d8272954e06eeb3ac5d4ce40cc66f.jpg 0,64,206,416,5
vlcsnap-00186-Copy-2-_jpg.rf.505acb572c96d3fe752a4270df767ee8.jpg 155,235,415,416,0 96,156,161,253,7
93_jpg.rf.8f9f86223aed35eb334dc5296df8e7c7.jpg 14,73,412,395,0
vlcsnap-2022-03-16-15h33m14s351_jpg.rf.d61f1554fffadf90db0cf634f59a74f8.jpg 0,0,206,416,5
bus-291_jpg.rf.890e4df7b7e10cf0805cb79a5ab80f93.jpg 0,39,351,276,3
00000358_jpg.rf.9d638d40bfbda764a385a658055a1317.jpg 97,51,282,326,5
f7100bf0-0063-4edb-b6e5-3e5b77aa416b_jpeg.rf.1e04a4b0024f2be673255f17e9c842d9.jpg 183,0,366,343,2
vlcsnap-00188-Copy-2-_jpg.rf.dc4e2aa6d8289b68f99faba99ff40a9e.jpg 137,155,416,416,0
vlcsnap-2022-03-16-15h44m09s814_jpg.rf.d27d1f1e769244a27b6a1a0cf6732d7e.jpg 0,6,209,415,5
pl20751532-sinotruk_homan_4x2_10_ton_jpg.rf.0c8be3621ad1192503dd743a013aff77.jpg 62,126,342,296,2
ambulance-123-_jpg.rf.a707bf1c7ec5031cb932489d2ebcac51.jpg 12,42,341,416,4
vlcsnap-00200-Copy-2-_jpg.rf.147ff560b052c8f72560da5130c9cafe.jpg 158,202,416,416,0 98,165,156,257,0 94,90,135,171,5 167,176,187,203,1
ambulance-172-_jpg.rf.67c1d543a6e97719deeca6c7c23cd2e7.jpg 133,7,322,392,4
YiNZMewxceMUypWiIGaBX_FAiT03DErcBajCUHKMIMrBnS5Bp4XNWXQXa_0E_jpeg.rf.cb243cdc42c50d7e23789913f3705b4d.jpg 128,35,290,402,0
0c16fe51-164a-43f2-aec3-7b1cf4c575d5_jpeg.rf.1d99c74148a902c6c194d30d7c5bc533.jpg 97,172,191,383,1
bus-53-_jpg.rf.53196c7020254192ee559ade411aa9dc.jpg 7,85,415,339,3
98_jpg.rf.2657753684a7ec478678668156f8d6ea.jpg 156,195,331,411,0
97_jpg.rf.448ab0c467af13c0b0ec047be60a3116.jpg 45,43,373,393,0
ambulance-108-_jpg.rf.d3045152bbd8bbf3e8f4f4a5e7b0ecf5.jpg 4,10,289,374,4
bus-271_jpg.rf.5edb7c78df36087cef3843a9607f8f89.jpg 0,69,376,365,3
tata-ace-pack-body-vehicle-500x500_webp_jpg.rf.51a047a8d0712340ae87dd5ed3ed46a8.jpg 55,115,408,357,2 0,151,74,277,2
ambulance-115-_jpg.rf.64e76ac9c23074bb00dea527c8c991c7.jpg 166,96,285,320,4
ambulance-347-_jpg.rf.5e395626948ae93545017979bfccb024.jpg 1,1,394,333,4
WhatsApp-2BImage-2B2017-07-26-2Bat-2-4_jpg.rf.687ba9c01f91845ab6745e15d3d51177.jpg 16,89,411,324,2
ambulance-127-_jpg.rf.47ccb68253d0875b50ebdb214e5c2ede.jpg 270,124,356,293,4
ambulance-438-_jpg.rf.1c431b9b9d6ead633ca685e574177933.jpg 20,6,410,349,4
bus-42_jpg.rf.f13376c3a718960803321ff724a16b2e.jpg 0,77,406,353,3
vlcsnap-2022-03-15-21h28m25s923_jpg.rf.62d18d67111b265f2b4d868adc99a8f2.jpg 0,142,181,416,2
00000369_jpg.rf.f489a8daf7c5c9d3e94c457baeb1cc41.jpg 219,2,365,244,5
ambulance-409-_jpg.rf.7fe4d23b16a259403598e86a1aded07b.jpg 37,86,196,347,4
bus-93-_jpg.rf.5fb7b0711465f0585b80386a66a3b502.jpg 91,85,235,294,3
two-wheeler-on-streets_64_jpeg.rf.b6f9a96f8455966895b838e9a075b633.jpg 63,132,306,360,1
pl22530647-yellow_color_sinotruk_6x4_jpg.rf.67d387d4fb829fa087d0f1dd12a299e8.jpg 166,90,403,311,2 97,132,177,283,2 67,149,111,255,2 38,163,70,248,2 20,167,46,244,2
ambulance-97-_jpg.rf.0fd35e5f346d209f5a5141f0ce4977c4.jpg 200,165,375,337,4 36,178,139,275,4
vlcsnap-2022-03-14-14h57m35s119_jpg.rf.e205ac7185708a712db9a1e9d79ad54d.jpg 0,244,154,416,0
bus-290_jpg.rf.1972cdd822b805c3a118fbe42f16a4ba.jpg 58,1,415,390,3
0e7a17cc-78cd-4625-b32a-f886b0b2e124_jpeg.rf.31946fa8a2bad0a7f9dea69a84f681a6.jpg 280,137,361,348,1
vlcsnap-00199-Copy-2-_jpg.rf.ce2ee4e68afed8fad75d1a0c1cea809d.jpg 166,211,416,416,0 101,163,157,254,0
Screenshot-2024-05-30-143817_png.rf.6cbf0068ec135af72bb0edecd697295a.jpg 44,0,286,259,0
bus-44_jpg.rf.206f2e27e42cab79b51002cb5bdfadae.jpg 0,33,400,380,3
bus-288_jpg.rf.8486f43e3cfc9a0aa3cfd2a079da5f06.jpg 86,146,329,340,3
e2d0170d-CBT_Dharwad_2686_12_2_2022_12_18_56_jpg.rf.dcc5826f970441d330b80661bfebca8c.jpg 8,200,316,411,1
99_jpg.rf.63ef75a50434858d65c2c01e97c35b47.jpg 37,129,408,363,0
00000368_jpg.rf.7ec471c1d0ca0c46db28eb29e5fe0894.jpg 104,66,319,260,5
vlcsnap-2022-03-20-09h14m53s317_jpg.rf.e3b9e2b2b2f14db7f696a66b8ddaa318.jpg 0,106,206,415,3
e37d20cf-Bankpur_Chowk_s1439_1_31_2023_10_41_39_jpg.rf.cdc6d3aac280779ad947ce6ab4b7ba62.jpg 76,222,375,387,1 0,2,126,283,6
vlcsnap-00201-Copy-2-_jpg.rf.cf481776a03e24be455e9968a48048f5.jpg 164,233,416,416,0 99,92,144,216,5 332,236,378,314,1
bus-43_jpg.rf.5b11a99f14cf11a25e798cff03478059.jpg 172,105,319,306,3 279,43,359,164,3 147,37,208,141,3
ambulance-112-_jpg.rf.37d7c94e5f63d2b92e7b4db8008aa7ef.jpg 75,46,320,381,4
00000377_jpg.rf.eb1b6d8600ec81fef61365197260b15a.jpg 20,4,399,357,5
00000364_jpg.rf.a9052a16be5d3358614c4ccd94bbca78.jpg 204,170,330,346,5 120,185,207,339,5 13,182,105,335,5
bus-45_jpg.rf.23661052b362b6ecf5aa36e71c998a95.jpg 0,8,412,400,3
ambulance-348-_jpg.rf.d7b797cf92d56f13a3533a37d435e45e.jpg 1,39,206,297,4
ambulance-328-_jpg.rf.f43da71402d028a5f5afdf41f2fa2c2e.jpg 242,177,409,389,4
bus-286_jpg.rf.bc0dd454c4d70783ac8657f63aa16a86.jpg 53,10,325,356,3
00000380_jpg.rf.7b3cf09c3ec516ed95bb053055ac146b.jpg 1,0,278,385,5
00000361_jpg.rf.57f12b6bf5de54dc2262c5d7eb50aa2f.jpg 7,51,266,415,5 270,191,363,335,5
100_jpg.rf.19f13b4b74df74f48b10c95f7bbbefd4.jpg 52,48,373,399,0
vlcsnap-00193-Copy-2-_jpg.rf.1675bbb8dbbff3e7b991804bc233acfa.jpg 127,83,416,414,2
vlcsnap-00198-Copy-2-_jpg.rf.63801e8c7c221be5892892c5cac88794.jpg 144,196,416,416,0 101,166,154,278,0
two-wheeler-on-streets_9_jpeg.rf.7bc7d492785426123cba33f05c16d860.jpg 6,212,254,416,1
vlcsnap-2022-03-15-16h10m32s750_jpg.rf.9bbbc763b15aa4ef9455807609324901.jpg 0,133,191,416,2
two-wheeler-on-streets_67_jpeg.rf.4af93a46cba4086e133709ee72561303.jpg 75,200,105,263,1 157,242,227,416,1 266,161,341,290,1
Screenshot-2024-05-30-174616_png.rf.e8ccfeeb33c6453f18a82e63fa66fe6b.jpg 40,23,153,186,0 247,0,416,367,2
bus-48_jpg.rf.0015cb19a98818960b3a8759d0e36c2e.jpg 14,10,402,412,3
Ziqitza-Madhyapradesh-Ambulance_jpg.rf.a478b66b073d4410ae7f5d2957a5e1c6.jpg 13,38,416,380,4
00000381_jpg.rf.d436d12b894932328f72af07de5f11fb.jpg 19,14,401,394,5
bus-46_jpg.rf.2739e43c0e7860e08957a93b9ac3d416.jpg 13,13,412,414,3
vlcsnap-2022-03-20-18h03m42s458_jpg.rf.5a5eded50725b1fd49723bdbfafbb4f4.jpg 0,0,202,416,5
vlcsnap-00203-Copy-2-_jpg.rf.e2c0fa20423ece4c7a5b696835c59f63.jpg 102,49,416,416,5
00000388_jpg.rf.e6a8c77b6d541ce186f6555f9a448e12.jpg 96,57,369,373,5
bus-287_jpg.rf.4f1e4dc40525821a2fc040e29a177ff9.jpg 96,6,416,332,3 0,94,119,281,3
00000392_jpg.rf.3d9ac99538a8a49486f7430a6270686a.jpg 98,95,151,183,5
bus-289_jpg.rf.e70ffeac534b9ae6e7d2c0bd48133f5e.jpg 28,93,369,375,3
1d4f2fb9-e3e1-433e-aa4d-502a1e171f8e_jpeg.rf.d45e34f464fd6e68e08037dd333bd8fd.jpg 232,177,336,367,1
b_h8050zya_jpg.rf.53b4676ae84a03375984790fe41c9c8c.jpg 15,39,375,405,0
eb0bdc56-CBT_Dharwad_2686_12_2_2022_10_11_14_jpg.rf.a12ea718df7814451813e8ece93bec95.jpg 0,128,184,269,1 290,30,416,173,6
00000360_jpg.rf.4a80b990a7d9eaeecd743d17b07928f2.jpg 98,40,399,248,5 0,110,77,203,5
bus-47_jpg.rf.de591b50691b1f67ae8c31c46f23211e.jpg 86,32,397,381,3
131_jpg.rf.42ca35c05925a68402b0edf5e672465b.jpg 37,95,348,395,1
ambulance-114-_jpg.rf.d958e19fa28e27edf6f798009794fd73.jpg 0,63,137,332,4
da79fe3c-CBT_Dharwad_2926_3_14_2023_13_51_46_jpg.rf.cafc8a1946835a1863034653535cb15c.jpg 74,159,251,314,1 317,147,402,228,1 208,157,293,233,1 16,135,45,163,1 288,101,333,184,6 52,107,143,185,6
bus-278_jpg.rf.9ab2e6c41b43058c8fdf0aff6a060e3d.jpg 124,194,384,369,3 65,248,129,340,3
IMG_2077_jpg.rf.ad758cede04247d7f994168b03d95b4d.jpg 19,146,371,316,1
vlcsnap-2022-03-15-17h35m34s152_jpg.rf.ba59540b29a4f4756c4582b2ee30dd19.jpg 0,79,200,416,2
two-wheeler-on-streets_32_jpeg.rf.97a00d91bb6adf694890b6e1e737ea6e.jpg 96,240,191,416,1 218,255,291,416,1 328,237,393,416,1 2,261,89,416,1
vlcsnap-00204-Copy-2-_jpg.rf.5f3b3a97544543b00e47b12f5ea4e6ab.jpg 144,131,412,416,0 100,167,149,265,0
photo_2024-02-12_19-48-55_jpg.rf.374438bf3282e8643e040c476fa43788.jpg 29,62,377,407,0
bus-133-_jpg.rf.2f166306a9b94fc4759dacf2ecf5aa72.jpg 60,79,210,331,3 340,127,416,295,3 200,135,257,279,3
bus-39-_jpg.rf.6807b044bb03c31ab2acc281cff185bf.jpg 7,20,199,403,3 229,12,416,416,3
Mitsubishi-Self-Loader-Truck-CN-FV4-2_jpg.rf.9347a556ef2aa43e3b69dc9a3ad06b37.jpg 22,57,408,350,2
Screenshot-2024-05-30-143718_png.rf.f83afdc3915fab3f599dfb1d66b8ed75.jpg 45,23,263,264,0
YN5FW3SB7V0T_jpg.rf.62f12e91bb6cc250fb9928b6917243a6.jpg 22,145,242,353,1
vlcsnap-2022-03-20-09h04m07s352_jpg.rf.999b0def7a155e6f0972e3195af3420d.jpg 0,0,204,416,5
vlcsnap-2022-03-15-17h13m48s057_jpg.rf.c1502494c1403fe9ec8bbd4f78510330.jpg 0,128,185,415,2
bus-89-_jpg.rf.4bf33e1d5316c8c35c498a4280e4c92d.jpg 87,76,403,369,3
IMG_2078_JPG.rf.eda267e2a1969858077d4c4442fb03b9.jpg 0,81,359,313,1
WhatsApp-2BImage-2B2017-07-26-2Bat-2-1_jpg.rf.c41998cc54d224441639d7c20abbf3d1.jpg 10,89,416,359,2
vlcsnap-2022-03-15-18h12m03s861_jpg.rf.0c7c160fd4a1fbe18a7a5e5801712a7f.jpg 0,120,187,416,2
vlcsnap-2022-03-15-17h37m36s532_jpg.rf.1e27f4e30f67d7120eaafc00e454dca7.jpg 0,214,164,416,2
vlcsnap-2022-03-14-16h20m33s526_jpg.rf.ec94687e9ac48c9a7201f98f28b54e94.jpg 0,43,209,416,5
Image_013366_jpg.rf.292f7f8acff6ac79bf89da530230ddd5.jpg 41,37,368,362,2
vlcsnap-2022-03-14-09h00m33s249_jpg.rf.9a3af19ab288df6beb226173252cf220.jpg 0,180,180,416,2
vlcsnap-2022-03-15-13h30m46s712_jpg.rf.c5d1830eeacc56e0ab9769e5e4fb1f2a.jpg 0,0,203,416,5
354_jpg.rf.8ecdecc86be0f584bd3aa8fe1a5baedf.jpg 44,173,217,415,1
image03014_jpg.rf.08694f6cda425377bf26e67aca94b29c.jpg 0,16,416,416,2
00000179_png.rf.36449bd8a942ab22f490876b6efb9863.jpg 14,115,311,366,5 287,149,379,323,5
ambulance-272-_jpg.rf.2e8a8794bd7f09b2fe5146b600d635a2.jpg 69,14,319,285,4
334704721_500931058914793_5746856713225745588_n_jpg.rf.7536aaa9b93aba7b8b50417098efec45.jpg 34,92,377,380,1
OIP-C11RCQo52oa6P_EC9UiJ1QHaFj_jpg.rf.967d877757e217c03db3d921275a3d00.jpg 0,56,414,365,4
vlcsnap-2022-03-14-09h01m19s239_jpg.rf.e24a903f8c2e11bb9d077e65bff8b9d7.jpg 0,164,181,416,2
vlcsnap-2022-03-16-20h04m52s202_jpg.rf.989aa79e5593067299bd2213fa3a7d51.jpg 0,2,214,416,5
vlcsnap-2022-03-14-21h22m28s789_jpg.rf.ba073858e6d82f896cd0e3e02997871c.jpg 0,150,176,416,2
bus-207-_jpg.rf.139793e0ae9a810dd221104cdec0ef3b.jpg 5,18,407,416,3
bus-212_jpg.rf.f54dd0775d3cf7d33c4bbc935769b060.jpg 147,0,416,395,3
KHJL2SD33SWC_jpg.rf.7ddbc77d9999cb94112813ed28f86d0f.jpg 66,39,220,349,1 147,21,325,409,1
vlcsnap-2022-03-14-21h37m13s632_jpg.rf.32eec29f86d6fed4e6f7fe5af6db30d4.jpg 0,89,205,416,2
00000180-2-_jpg.rf.97e7ae504f095931ac98360ebd58cc11.jpg 18,242,319,410,5
bus-21-_jpg.rf.56f9158e12c7ed6502f93c04b70ef71f.jpg 49,125,274,290,3
KVYKCH74LDPA_jpg.rf.d1427c2acc5855150b2a5c62567667e1.jpg 49,28,316,376,1
ambulance-274-_jpg.rf.ca636fadb07062e4eb9fdb97b4696eea.jpg 4,50,413,375,4
LCV14_jpg.rf.408ac5026f6c3958051610d4244c5e4c.jpg 46,79,371,398,2
5d39a4cb-2276-450b-a2e0-2b048ce7c0d6_jpeg.rf.ac6f10cebd408357066274ff3e20f05a.jpg 30,0,293,295,3
00000178_jpg.rf.c52b8033f7453efbb65a2e79cdb9a899.jpg 131,72,396,385,2 65,129,129,272,5 46,163,66,232,5 22,158,50,234,5 11,186,27,253,1
56_jpg.rf.e75771a8c55299366b4945a311af1e4f.jpg 123,127,338,324,0 57,182,144,266,0
home-intra_jpg.rf.2fe64b28e2365f9260e1a2416d6912a5.jpg 95,84,349,310,2
Image_013380_jpg.rf.d378705bb55f4ffe0d21e312acdbe7a4.jpg 89,68,322,316,2
Screenshot_20240130_173239_jpg.rf.c60c2a9568c1bc43fd1d4fcccf3aeb91.jpg 38,137,376,416,4
bus-207-_jpg.rf.b8d55ecd84a0ee0a6476353e31f974dc.jpg 5,18,407,416,3
OIP-CrwWeuMyptvz9Y0V15gq8gHaES_jpg.rf.594b9bd4957939cc7dbdfa90f32085b8.jpg 13,11,408,400,4
ambulance-276-_jpg.rf.44c2390d6e888827033c94534b71567b.jpg 0,75,249,380,4 191,116,400,353,4
vlcsnap-2022-03-14-16h31m22s843_jpg.rf.ae879c7853720de242c1e6e775255d90.jpg 0,0,210,416,5
vlcsnap-2022-03-14-09h07m36s152_jpg.rf.647695aef6f2d979b0ce5c645f20021c.jpg 0,248,159,416,0 180,191,209,242,0
Image_013383_jpg.rf.290f655c5db6c8ee7b8da6c53d6084f7.jpg 30,45,362,342,2
bus-214_jpg.rf.aa778bf08665e9be47d25dc029ec5d15.jpg 0,1,233,404,3
00000180_jpg.rf.bdf9f46a94463cfbd4f2363b4ea47b09.jpg 52,94,284,339,5 276,149,339,271,5 330,176,371,251,5
vlcsnap-2022-03-15-13h32m58s799_jpg.rf.b90f4a242606e89b086bb6584b2fe001.jpg 0,0,215,416,5
IMG-20240212-WA0114_jpg.rf.6ae4cfe78c0ad8c21073c4620e9faded.jpg 87,166,380,407,0
Screenshot-2024-04-30-151940_png.rf.46fa64d815b616d92eeb505faa3ba356.jpg 5,0,416,416,0
37b5be8f-Bairidevar_Koppa_2279_12_2_2022_10_07_29_jpg.rf.cd76c666867cf5753e61c08a1a4d8f17.jpg 100,226,281,328,1
vlcsnap-2022-03-14-16h33m40s361_jpg.rf.6b70b3a60df36216de687bac26c0a857.jpg 0,68,208,416,5
OIP-CS-TZxiB34IG_hJdePI8CgHaFj_jpg.rf.341dad7c469a25b8ea7dba05da52aecf.jpg 0,19,414,395,4
00000180_jpg.rf.403a02962c74ce6f1aecd3db0e1dad55.jpg 72,93,284,330,5 265,168,336,268,5 370,189,404,250,5 334,180,370,268,5
vlcsnap-2022-03-14-16h28m50s073_jpg.rf.3cfb09a357dd4b71a8adc75e2720e34d.jpg 0,0,218,416,5
7c174051-cdd4-48ed-80de-6385a309a03c_jpeg.rf.16035a16e3812e184be19856219f6f34.jpg 31,0,275,304,3
ambulance-273-_jpg.rf.59e4fef6014b0504d48720223a00f633.jpg 0,5,320,416,4
ambulance-277-_jpg.rf.828c5f43bc5afde8f79de76eef561cfe.jpg 235,2,395,248,4
IMG-20240212-WA0286_jpg.rf.8d8acf24fce6b656b77da407242a6a31.jpg 60,62,328,388,0
image03147_jpg.rf.6af46a1021d1121d07831d327f725d3a.jpg 17,0,403,410,2
7f5d2919-3484-43ea-aa7f-252d14976586_jpeg.rf.7d168c6e2b02a3872252c3aae73b4352.jpg 56,0,303,263,3
00000178_jpg.rf.9f8bc0842693561eb2a0052c997383f8.jpg 131,30,402,400,5 64,126,127,277,5 6,201,21,252,1
vlcsnap-2022-03-14-22h17m26s160_jpg.rf.69ff32487297b3349a7a9f715f10f721.jpg 0,185,171,416,2
00000183_jpg.rf.550af1f6b2fda30298941c48f7cca77b.jpg 202,138,265,268,5
LEUHZLC1UME5_jpg.rf.c5bd55f7c9c09e4cfdec65604d851919.jpg 24,0,389,399,1
Screenshot-2024-05-30-141011_png.rf.b0821032a385025d4dc28c57daf6dc91.jpg 9,0,416,416,5
Image_013389_jpg.rf.ca939ad5f934471e464af5627ebba14a.jpg 126,55,383,366,2
LB3LQOK4YDBS_jpg.rf.dffdb9786cb3891777c727dd13a4acc5.jpg 39,145,219,295,1 315,109,415,203,1
vlcsnap-2022-03-14-09h09m28s600_jpg.rf.c0bd2d9d301d95d4a5d02fa5249e95f6.jpg 0,239,161,416,0
357_jpg.rf.7897472208a54e2f979543dc0b3d95d6.jpg 147,163,281,416,1
vlcsnap-2022-03-14-22h22m40s832_jpg.rf.6fe49fcbfc8cb13d7aa70a1b06ff81e4.jpg 0,134,187,415,2
vlcsnap-2022-03-16-19h14m19s096_jpg.rf.8e0352831b75043d9db95ecbb75d8e80.jpg 0,93,205,416,3
ambulance-270-_jpg.rf.0cf7566d33e4522e2669b1867269e23d.jpg 14,4,408,404,4
vlcsnap-2022-03-15-13h35m26s277_jpg.rf.0c78e7cdaf2493dfdb878795e355a8d1.jpg 0,0,205,416,5
Image_013374_jpg.rf.80644c7bd13f8ceba06995f51369b0a6.jpg 38,32,374,370,2
vlcsnap-2022-03-16-21h20m20s317_jpg.rf.253798aa75f84b3a42e8d45b2041396c.jpg 0,0,208,416,5
vlcsnap-2022-03-14-16h25m42s239_jpg.rf.fbf025c9873474224be2e01a9d08e5cf.jpg 0,0,210,416,5
LCV4_png.rf.a0f7725c461efce59c4ea192ceddeaec.jpg 9,5,382,373,2
vlcsnap-2022-03-14-22h20m20s917_jpg.rf.9ab2f033838b66d56036b56b2b673623.jpg 0,73,209,416,2
36_jpg.rf.b004ff265c76faa49a34998c2efa0df2.jpg 198,139,295,402,1
0000147617-e4eb190337827f8bbbcc9317d_jpg.rf.1b02ac6455e07e7f7dc9491a6a4ed517.jpg 29,55,395,381,2
vlcsnap-2022-03-16-21h32m54s953_jpg.rf.5091b5bd0e3cef406d685ecabcca5cc4.jpg 0,0,216,416,5
00000185_jpg.rf.868c8b74198224539cfe1f99bf42a53c.jpg 36,123,360,372,5
370_jpg.rf.98b4685ee875d2e621fd03c3de3041d9.jpg 185,180,310,364,1
58_jpg.rf.233e520a9b2a6bc09914dd4234254bae.jpg 103,126,382,372,0
2021-Jeep-Wrangler-JL-Dual-Door-Grou_jpg.rf.cad8358173da8f78df84c64305daf644.jpg 35,46,389,378,0
Screenshot-2024-05-30-141248_png.rf.04111438af582e0f822fb6c366625353.jpg 35,0,416,416,5 7,0,47,112,3
57_jpg.rf.5d431943cb6a0e85996ef0ce1444aacb.jpg 87,198,303,384,0
vlcsnap-2022-03-15-13h57m14s963_jpg.rf.1364c52d0152a0794c39f10cdc047181.jpg 0,0,202,416,5
Screenshot-2024-04-10-223108_png.rf.a04dd229b3f918778c1b7bfa675b93f8.jpg 84,56,281,283,2
3cc23fb6-ad0e-4e58-abbd-dc16cb55df47_jpeg.rf.ea560a8ffcfc15e3026c873e8e018980.jpg 72,0,323,300,3
bus-209-_jpg.rf.9e9c2512ec9fa147efcacb74640e2763.jpg 27,8,416,415,3
vlcsnap-00116-Copy-2-_jpg.rf.0804b9ca3d8d35f9a43b1b5a7d6fda07.jpg 123,101,416,415,2
bus-212-_jpg.rf.dd9689ed52b328102bd305edccc54db8.jpg 39,1,415,416,3
4d340013-212d-4ce6-a63b-5a502c22ba7b_jpeg.rf.ad509afc4d5d0169583efcf8d37585f2.jpg 82,0,342,298,3
vlcsnap-2022-03-14-09h07m52s720_jpg.rf.814591a5e6c6b256ffa79c5213df9fa5.jpg 0,246,177,416,0 163,131,214,243,5
bus-213-_jpg.rf.2b7ddaeac4474c7c4f6cfde389a0f076.jpg 202,93,263,226,3
vlcsnap-00115-Copy-2-_jpg.rf.d648bd852fad0b6a9ee9ca4db9ac5426.jpg 148,227,416,416,0 124,165,142,197,1
373_jpg.rf.3e36269d059a1e1a7ceb93dc8734470d.jpg 84,127,316,416,1
j3_jpeg.rf.49bce9edc1078e332cac384ba646ff28.jpg 12,146,213,358,2 244,129,409,378,2
vlcsnap-2022-03-14-16h38m01s110_jpg.rf.fba6379c54048cbf15a9a82e1802e2fe.jpg 0,0,209,416,5
Screenshot-2024-05-30-141237_png.rf.aaae41e32d32561c81d166ea644d72fa.jpg 12,0,114,126,5
2021-Jeep-Wrangler-Rubicon-392-15_jpg.rf.c8f0a05af4bbe924f2fd6b6d62ada587.jpg 90,217,309,368,0
013877-1-lg_jpg.rf.1c6748d311b439669e65e72822dbe920.jpg 32,56,287,363,2
bus-213_jpg.rf.48f3a8068e38e8d7a353714b83abc014.jpg 0,4,343,405,3
vlcsnap-2022-03-16-21h55m33s527_jpg.rf.c688c827ce672d91f4b7d496c7fe2583.jpg 0,67,213,416,3
bus-210-_jpg.rf.c41e26141990926d9c0fd1d05e12f7ce.jpg 95,40,332,385,3 0,82,95,346,3 309,63,416,297,3
OIP-D1JVkFx-EJ9I3yosyCOgBQHaEN_jpg.rf.2d8d2ea5165d80251552213ab2b9139b.jpg 27,0,316,370,4
ambulance-275-_jpg.rf.8609fd3bcd6d24af2c3d18fb29c156b4.jpg 77,124,344,272,4
Screenshot-2024-04-30-152002_png.rf.180d47dde3a68b7f8ff37558be1d2d6b.jpg 4,0,416,416,4
bus-210-_jpg.rf.0ab29bc3669df3021e4719ed20bc23af.jpg 95,40,332,385,3 0,82,95,346,3 309,63,416,297,3
vlcsnap-2022-03-16-22h06m06s713_jpg.rf.7eaac098d26e645edf47ae63e4c8387d.jpg 0,0,211,416,5
00000187_jpg.rf.5c30dddee0efae7c526951eae0e9dbe2.jpg 79,0,334,361,5
vlcsnap-2022-03-15-13h35m52s061_jpg.rf.308fae4c667e78b14ea27ee533a947fe.jpg 0,0,205,416,5
00000187_jpg.rf.f756321f02afa3cecd84569ceecc6ac4.jpg 74,1,351,416,5
vlcsnap-2022-03-16-21h45m53s528_jpg.rf.23734ba5f1d8d268885bf8e5ad4e0265.jpg 0,3,211,415,5
OIP-X3cZ1jKnsW28RwkjtmLvTAHaEV_jpg.rf.a122f97204ab4ca5d5c6007762b6d7ba.jpg 0,9,386,379,4
3c8153b9-CBT_Dharwad_2926_2_22_2023_19_56_44_jpg.rf.d6ce5f046514d256f6ea273bb2147603.jpg 25,276,247,416,1 230,234,409,317,1 64,172,247,292,6
LOPQX22R0CYZ_jpg.rf.b91c866bfe221ac451d2cc456c6aaa3b.jpg 311,241,352,266,1 179,261,260,322,1 94,251,170,302,1 0,299,141,416,1 271,233,306,264,1 250,230,281,255,1
Image_013400_jpg.rf.df2d20f2697c79dd48f8a83967fe204f.jpg 26,0,336,339,2
vlcsnap-2022-03-14-16h40m27s686_jpg.rf.d73447bf2922585ad49a53ab22c8caae.jpg 0,1,208,416,5
Screenshot-2024-05-30-141225_png.rf.a9b48fbdad3461439ba096b5f9a903f3.jpg 6,1,227,191,5
2021-Jeep-Gladiator-Willys-scaled_jpg.rf.fd2bc8b6fa2fb8b8dcbadc73ae5a8c59.jpg 36,89,392,386,0
vlcsnap-2022-03-16-22h00m55s114_jpg.rf.9689aefc4ec7ee183ce02590c18e2502.jpg 0,0,218,416,5
2d58de38-4461-45d7-8092-b4dcc2876a4c_jpeg.rf.6b0a552fc677af78389ec53054d45685.jpg 131,145,221,388,1
ambulance-278-_jpg.rf.8e2fc074d97cda4a837d20bdc0d5edb1.jpg 127,113,372,369,4
vlcsnap-2022-03-14-09h10m29s877_jpg.rf.5c49f6f4c045380f5c1bc63864ee9a13.jpg 0,201,165,416,0 164,179,210,259,0
j3_jpeg_jpg.rf.afa571818057feb57d17e57ef04434c4.jpg 12,146,212,358,2 244,129,409,379,2
vlcsnap-2022-03-14-09h08m42s736_jpg.rf.3de0dd6327472bc76a183b87bdb6bd39.jpg 0,240,180,416,0
428072484_3222820294528700_4322216017951877344_n_jpg.rf.9869e321cc1ecaf9886dfaa1f83e9983.jpg 0,105,416,370,0
bus-210-_jpg.rf.f359d09b6524303704f2405c8b49467d.jpg 95,40,332,385,3 0,82,95,346,3 309,63,416,297,3
vlcsnap-2022-03-15-14h02m40s502_jpg.rf.4c9f32f824bf5309f470424616008d67.jpg 0,0,209,416,5
ambulance-89-_jpg.rf.4df8f320a07e4467b1bfed62f4ddabba.jpg 151,155,221,297,4 217,168,287,239,4
bus-198_jpg.rf.bd174fa338a6357503e38f7301352d26.jpg 238,156,339,338,3
vlcsnap-2022-03-14-22h20m33s634_jpg.rf.796a5bc681219797b422f28cde23ce6f.jpg 0,52,200,416,2
vlcsnap-2022-03-15-13h37m24s473_jpg.rf.8388c71e82d7cdfb14b754fd4195b645.jpg 0,0,205,416,5
vlcsnap-2022-03-15-14h30m29s323_jpg.rf.1b973aa607b8ba6411140e693e6bde6f.jpg 0,59,200,416,2
vlcsnap-2022-03-14-16h36m02s648_jpg.rf.a005f2d45c05756b0c38c25512e46ce5.jpg 0,0,213,416,5
bus-212-_jpg.rf.46e747753e82933fbcfaa2e5b0bc7f24.jpg 39,1,415,416,3
vlcsnap-2022-03-16-22h33m15s118_jpg.rf.f180104c1299949343afab0a4c2dcce9.jpg 0,0,215,416,5
Image_013387_jpg.rf.b7672ac5972b1d49c861291efe86f40b.jpg 90,65,315,313,2
vlcsnap-2022-03-16-22h57m05s624_jpg.rf.1966f87e451190c518f8cf2d695e77e7.jpg 0,115,201,416,3
101_1184_jpg.rf.9e68a9db9d6ee28cda99aad43506e428.jpg 26,113,388,339,2
4da65698-74c8-4979-82bd-2f4c5f203806_jpeg.rf.35dba2214bd182cd3e3ce9d269e14072.jpg 96,116,190,360,1
vlcsnap-00117-Copy-2-_jpg.rf.cf37d59e27b94bb3df5c25ef25fee1c4.jpg 160,215,416,416,0
2b0506fa-51e3-496e-b0bb-b0cd84549e80_jpeg.rf.00102a3100ec06bf1be3b52a74a398ae.jpg 282,180,373,399,1
Screenshot-2024-03-14-151619_png.rf.2a4b9a93654d0ad76bb55046e9b19b93.jpg 288,131,331,238,5 147,108,185,202,5 292,97,330,136,5 166,78,179,101,0
427991249_1850186465451639_4716423244694595695_n_jpg.rf.fb3655404902dc94e7442d5cee30838e.jpg 0,128,408,337,0
00000184_jpg.rf.a8a6ec8ea8a781a8144370cb665d8524.jpg 185,244,287,403,5
-f6070acc85_jpg.rf.7a7e6399fb9a06c52c68410374f3db4e.jpg 57,52,386,397,2
bus-215-_jpg.rf.8eb963ac3e92fe9ead8d686e19ce44c7.jpg 207,36,297,219,3
369_jpg.rf.aa4d0a12b79cfc41b2810d95cb4d7e9a.jpg 142,171,256,374,1
bus-89-_jpg.rf.2ada5a690b9c011e297dbba3a4c17bb5.jpg 87,76,403,369,3
11546_Sb4733_14_jpg.rf.145f49b5b08bdb398a51bfa09936b0e3.jpg 36,36,359,346,2
00000182_jpg.rf.293a560cf394f570161014b2080c78cf.jpg 27,32,294,341,5 265,136,339,272,5
vlcsnap-2022-03-16-22h44m17s198_jpg.rf.6763dd5d965008e4e8467003c2447269.jpg 0,0,204,416,5
bus-9-_jpg.rf.44ad1ec8e5243e3d20accc54e52f98d4.jpg 11,8,366,361,3
vlcsnap-00118-Copy-2-_jpg.rf.1a0749b4c916c30399d22454c9f9bd90.jpg 106,112,416,416,2
412b62fa-Bankpur_Chowk_2457_12_20_2022_14_43_00_jpg.rf.9f800a5ec682fb054e2f992c690f84b4.jpg 26,173,322,361,1
00000188_jpg.rf.4670e4723361399babe451028d12403e.jpg 86,12,360,316,5
vlcsnap-2022-03-14-16h44m44s220_jpg.rf.809be04d8dbc57ffad91b08a069f0283.jpg 0,0,213,416,5
vlcsnap-2022-03-15-14h01m58s470_jpg.rf.d406b66594bce00c8ed449d345b8b17d.jpg 0,0,200,416,5
Screenshot-2024-05-30-141243_png.rf.914673aea9ca59392606d056b1f93037.jpg 25,0,276,218,5
vlcsnap-2022-03-14-09h11m17s187_jpg.rf.0dd9a927644b853b04d3f69503c2b34e.jpg 0,216,172,416,0 154,134,208,229,5
vlcsnap-2022-03-17-19h47m55s006_jpg.rf.2fb5b54dc32aa45ba08b6a159c756bf3.jpg 0,149,191,416,3
bus-215_jpg.rf.98b9727d68edb4cf45800be29d9e1526.jpg 36,29,151,183,3 100,0,415,361,3
5e0e9865-c488-42af-a77a-09ef679a753e_jpeg.rf.2a2e3a2697a1b0dfe3546b49d4333640.jpg 215,145,306,369,1
Image_013399_jpg.rf.b787660b69bdd9c9c42b7cfab634ad1c.jpg 41,0,348,326,2
Image_013396_jpg.rf.4bc60f242f61255abdf2c621063e7bd9.jpg 0,0,414,372,2
00000186_jpg.rf.11248415f1505b20d34c6ddcd8b5121e.jpg 80,108,310,394,5
vlcsnap-2022-03-15-14h48m03s326_jpg.rf.b8e34ddb9e1bcf60cd7efd27af541022.jpg 0,178,169,416,2
vlcsnap-00119-Copy-2-_jpg.rf.933d67a345f159331b585d353d2c8e30.jpg 158,186,416,416,0
vlcsnap-2022-03-15-00h15m45s360_jpg.rf.4d163b8b6ef02d1e2984718adbdecd1d.jpg 0,77,202,416,2
vlcsnap-2022-03-14-22h23m55s412_jpg.rf.00c0d895226369129b39d997f1ee3139.jpg 0,49,203,416,2
vlcsnap-2022-03-14-09h20m51s643_jpg.rf.b2542fd18e9f049401baa41672e30c4a.jpg 0,247,161,416,0 151,115,207,244,5
ambulance-101-_jpg.rf.5c8d54d5efcc6c437c393b5fa63bb73f.jpg 72,54,319,391,4
41f002cf-Bankpur_Chowk_2457_12_20_2022_14_47_55_jpg.rf.64b4d328108a2141cbe858ec421c4c3f.jpg 34,113,416,416,1
mitsubishi-boom-truck-15934054121_jpg.rf.7d8cc992401ae2b4660a84c11ee0a208.jpg 0,64,393,259,2
Image_013398_jpg.rf.0ec92df7746d4216cbd96cac307dc41b.jpg 25,0,349,343,2
vlcsnap-2022-03-16-09h45m42s666_jpg.rf.a928a79dd202a2de79d43e770d512c7c.jpg 0,0,209,416,5
image03175_jpg.rf.baf1fd3d95bf97e7c52d8de87da188d1.jpg 31,34,416,416,2
vlcsnap-2022-03-17-09h29m56s919_jpg.rf.a85ec532209560d53fa92ddd2f82dcc2.jpg 0,48,211,416,3
maxresdefault_jpg.rf.111d5bfad89812bff92449be163df465.jpg 47,37,371,415,2
IMG-20240212-WA0287_jpg.rf.a79acd9aa8bd64e985512dc7d7648adb.jpg 67,56,339,327,0
a4823f39-Bankpur_Chowk_2457_12_20_2022_14_43_57_jpg.rf.e1fdf16d677e7d106a9dde8cff347e67.jpg 173,186,394,374,1 4,18,119,148,6 135,25,233,84,0
bus-216_jpg.rf.07c53803f81c4f19e99ce0eb61d0b00f.jpg 1,0,416,416,3
1131506fuso1780x390_jpg.rf.13ce22991ffe1d1580dab631bc534cd8.jpg 99,53,349,407,2
a5646673-CBT_Dharwad_2926_2_22_2023_19_55_50_jpg.rf.403cad0828652aac3fffdd393bc52cdd.jpg 22,202,307,416,1 179,0,416,300,6
bus-263_jpg.rf.3ae0c9b219bdfbb6aadb0e70e3452b7e.jpg 139,210,263,363,3
374_jpg.rf.60180d3b419555635399c8482e1bc08d.jpg 118,148,303,414,1
bus-215-_jpg.rf.28ba7b5a8bff1b697cb91bbdbf693f5a.jpg 207,36,297,219,3
4ce6e2fc-debf-4d8f-a0a3-55e72f597931_jpeg.rf.582899c65f025a0dcfedffb995a50bde.jpg 121,171,214,403,1
modifikasi-2Btruk-2Bcanter-2Bterbaru_jpg.rf.fcf9510cd01ef9fd060254e83372cbab.jpg 56,23,388,353,2
vlcsnap-2022-03-15-11h11m49s303_jpg.rf.b1c9efaf0dce747a0e55b1521cd5dc82.jpg 0,5,220,416,5
Screenshot-2024-05-30-143343_png.rf.326a2fcf100681586652bfd4debb554a.jpg 35,0,286,288,2
Mitsubishi-Fuso_mp36_pic_105514_jpg.rf.7e4025d887dc4e28f8beaad695239504.jpg 32,121,386,348,2
vlcsnap-2022-03-15-14h37m16s290_jpg.rf.813b75c6a9eb0226502f68ddc111dd49.jpg 0,125,193,416,2
bus-215-_jpg.rf.5166d4417dc323833e3825c3f27eee48.jpg 207,36,297,219,3
7f2ffda2-9978-4088-93d3-368d4ebefce9_jpeg.rf.0c30f280c731b4dce928e5b3a6af084f.jpg 64,4,303,340,3
018_jpg.rf.22e5f3cbeb79ce095b36307a920dee17.jpg 37,92,380,325,2
vlcsnap-2022-03-15-10h55m00s353_jpg.rf.73ec8b24192042ea36fe662a575473d1.jpg 0,0,214,416,5
vlcsnap-2022-03-14-16h52m16s470_jpg.rf.501f8605650796a74ba4c35cac5af305.jpg 0,0,217,416,5
226_jpg.rf.96cff0cfbd0fb98b44fb9489d05c52c0.jpg 53,105,385,414,1
387_jpg.rf.c7a268f636519289538909a89f8431aa.jpg 22,199,63,321,1 102,208,150,347,1 182,203,229,342,1 246,210,322,334,1 356,205,406,285,1
vlcsnap-2022-03-15-14h49m16s128_jpg.rf.ee8699425f6ba6ee283053cf376c25da.jpg 0,115,198,416,2
bus-89-_jpg.rf.e630484f56fc8e30336c9f24e631fe16.jpg 87,76,403,369,3
vlcsnap-2022-03-14-23h40m41s407_jpg.rf.a02c317d895088c9e2d010dc878665a0.jpg 0,45,200,416,2
00000299_jpg.rf.3a3b46c41b9f2cfc0f13571e30154304.jpg 83,109,299,405,5
images-98-_jpeg.rf.16e934134ea4e383d5c542f6b7d8a39a.jpg 15,55,187,283,0
5f7b9baa-7439-4653-9b4c-b625f2198022_jpeg.rf.8675be8fe7210d2188d56bf2204022f2.jpg 229,145,326,357,1
ambulance-95-_jpg.rf.2153cd4c52b4b7eea76a08d7d5ba0140.jpg 149,178,220,283,4 233,192,286,272,4 303,188,360,292,4
bus-9-_jpg.rf.44029d81558e4e2225f196d2cfe13709.jpg 11,8,366,361,3
vlcsnap-2022-03-17-22h35m35s535_jpg.rf.ff696a7869a1b7bd77e2753997b128de.jpg 0,93,209,416,3
vlcsnap-00169-Copy-2-_jpg.rf.6f1c1fbec9230cd14dd7d6905fa66120.jpg 151,205,415,416,0 144,139,190,203,6
Screenshot-2023-08-16-115224_png.rf.6691792e60a8b38da82f9462a9ea9b2c.jpg 164,189,237,356,2 123,192,154,273,2 99,204,112,262,1 345,223,376,371,1
bus-216-_jpg.rf.c2fc72547191954d0a42255a26883f7b.jpg 157,5,314,297,3
6d4e7458-f8f7-4847-b24f-48a7925c9693_jpeg.rf.78d71bd6417fe7bc9b9ebb6a4cadc384.jpg 200,185,288,415,1
OIP-x4fJcKOgAV2RAGIU-jMhYQHaFj_jpg.rf.5a07551cf799f5809ba2b0c6006c74f7.jpg 4,2,414,393,4
f5_jpeg.rf.69641efebee0a43e97fc5d45f3e25743.jpg 79,60,359,362,2
vlcsnap-2022-03-14-13h24m20s578_jpg.rf.a7465aa71b0f7a6356cd75ef1e3ea7e4.jpg 0,172,175,416,2
vlcsnap-2022-03-18-08h38m33s466_jpg.rf.3a63ad23b6d1f84e867f27acb354cc66.jpg 0,3,198,415,5
1a6ff70b-b948-42fa-90b4-ab2a908e7127_jpeg.rf.4914edd0c9019ac771413e567da2226d.jpg 68,0,366,381,3
1992-Mitsubishi-FUSO-Fighter-private_jpg.rf.f01a8cfd67509134c54248c34ceb5c03.jpg 13,3,410,416,2
mitsubishi-fuso-truck-082433c278_jpg.rf.adba322985bad1e70a2b0349e72f2476.jpg 26,42,343,343,2
bus-90-_jpg.rf.63a1788cb5d35e72c868b03b887f5fab.jpg 8,178,233,339,3 230,163,402,363,3
USGXZW2I63EQ_jpg.rf.ce7ac9333a35ef570c29f6804b020944.jpg 25,48,359,367,1
bus-264_jpg.rf.43574823c4b754afe25c59d846ad7b8c.jpg 1,34,415,415,3
product-jpeg-500x500-1-_webp_jpg.rf.0c67ae4b0bc7f450ee05f4f672f6dcdc.jpg 54,52,370,397,2
vlcsnap-2022-03-16-09h37m03s126_jpg.rf.771bc64b580ad2d4299e84b0878716c6.jpg 0,0,208,416,5
vlcsnap-2022-03-14-13h21m21s513_jpg.rf.ab6318af0fd7b584719629bcc2ffc959.jpg 0,215,172,416,0
vlcsnap-2022-03-16-09h48m04s394_jpg.rf.5a6e6e083f171147dbec9cefdb11049d.jpg 0,0,204,416,5
bus-91-_jpg.rf.9a3837f62560c074c69ce0bf65e8f984.jpg 41,25,354,389,3
OIP-x3S66guGZU6Z5bGDWj9tUAHaDz_jpg.rf.5f8ed093e0434725d3095213137fc220.jpg 89,18,400,386,4
3e1db122-842e-49cc-8ebb-a88eda0e4aa2_jpeg.rf.65aa14c81e3abffe91ba09966883a0c8.jpg 246,148,325,352,1
ambulance-111-_jpg.rf.cf983d8b046ce45ac557cc1806740fce.jpg 79,29,413,416,4
vlcsnap-2022-03-18-08h31m04s487_jpg.rf.0339c1536c6aecf590b5ef90806f89f5.jpg 0,2,202,415,5
b13_jpg.rf.b1eb8b68f354b6e6205d15c2afef7b9d.jpg 0,222,147,335,0 151,211,233,286,0 91,153,148,190,0 344,119,357,138,0 341,153,372,177,0 353,128,373,152,0 288,92,305,108,0 312,102,326,124,0 158,100,264,185,3 260,120,344,172,3 188,146,410,227,3
WhatsApp-Image-2024-02-12-at-19-35-39_849ce4a4_jpg.rf.f27da08ac188a94a6e156657f2614bf1.jpg 15,36,350,204,0 4,275,323,414,0
mitsubishi-fuso-fighter-44d7e0a36f_jpg.rf.85901bc9a05a4b7d2969c4d08c0f4935.jpg 25,124,411,415,2
ambulance-3-_jpg.rf.b6f12ce401ca2d8022b639f928351ddb.jpg 153,56,400,403,4 87,132,162,275,4 70,153,95,237,4
bus-265_jpg.rf.6e4c450b9ed8c6745268208bf888338d.jpg 9,66,398,348,3
vlcsnap-2022-03-14-13h18m24s297_jpg.rf.7309a516c4c8aa24ca7931271719b76c.jpg 0,162,180,416,2
a71a7795-CBT_Dharwad_2686_12_2_2022_10_11_28_jpg.rf.58fbffe1b92c68766772ffaf161ca8b0.jpg 38,266,357,416,1
1b550757-ac97-457e-85ef-11c3750a71e7_jpeg.rf.cd25c033f301cb84df32560437f99013.jpg 248,141,333,370,1
vlcsnap-2022-03-15-11h02m05s536_jpg.rf.a3b3ab1082a314f388cea60a6cd79247.jpg 0,5,217,415,5
0b6e3f06-6af6-45cd-a1c2-b224164913de_jpeg.rf.44880de3dadb7e406129bde2686e6a6c.jpg 33,0,259,317,3
83_jpg.rf.9281a7dc0a180e37422cd8d762ff9841.jpg 71,65,326,312,0
vlcsnap-2022-03-17-23h23m27s876_jpg.rf.0b49cb81638e4496e1c428fb4860acc4.jpg 0,104,208,416,3
2021_jeep_gladiator_willys_4k_hd_car_jpg.rf.d15090874ca8f5e87fe59fafc0f638a0.jpg 37,71,392,381,0
Screenshot-2024-05-30-142936_png.rf.d50505aa6b0c888406e0c50dc8fa6f73.jpg 96,0,416,414,0 6,0,62,106,5
UMO3XAW0F8TT_jpg.rf.e11c474c769a141dc247beaca22a1fa5.jpg 42,182,293,416,1 133,150,380,398,1 212,140,385,294,1 294,106,397,252,1
Screenshot-2024-05-30-141409_png.rf.cb8813317e1656131e70b68d92236947.jpg 5,0,166,148,3
vlcsnap-2022-03-15-11h23m05s380_jpg.rf.36c2ac87b8b20025c4e25d137037f6db.jpg 0,2,222,416,5
bus-216-_jpg.rf.cbeb4ce6a2e4e7d56e489327be15130d.jpg 157,5,314,297,3
vlcsnap-00121-Copy-2-_jpg.rf.a3167e66ea3adc6a737b6acd45e0923d.jpg 154,209,416,416,0 97,156,145,245,0
ambulance-96-_jpg.rf.36ee054a7de86ecb5d16be02ee7d05ff.jpg 2,122,210,364,4 196,137,283,282,4 278,154,317,241,4 277,132,325,218,4
Modifikasi-Truk-Engkel_jpg.rf.0ad7462dce19a6289fd6c72075831694.jpg 0,51,416,415,2
00000298_jpg.rf.53e117528934e5c4ad6f024243fd980a.jpg 40,33,308,364,5 290,98,387,278,5
bus-90-_jpg.rf.23f9f0c0ea9d797d400d54e9a736487e.jpg 8,178,233,339,3 230,163,402,363,3
vlcsnap-2022-03-14-13h18m33s391_jpg.rf.4b448687ed1672b8c9d7fa4dab0f17a9.jpg 0,202,180,416,0
vlcsnap-2022-03-16-22h49m25s950_jpg.rf.2354332a7bbbcc5127e6d719796f8707.jpg 0,0,214,416,5
mitsubishi_fuso_2552923_orig_jpg.rf.384f24a11b64d8c11972bc755be39850.jpg 0,48,385,371,2
vlcsnap-00120-Copy-2-_jpg.rf.367c1a0e47793c2a44b0068db1fbbc1d.jpg 129,153,415,416,2
vlcsnap-2022-03-18-08h46m02s801_jpg.rf.04fcea9e744df3bfe644590f78d003ad.jpg 0,3,203,416,5
vlcsnap-00170-Copy-2-_jpg.rf.5623ff4d8a508d9516988c83cb708720.jpg 156,202,416,416,0 114,160,124,189,1
00000194_JPG.rf.e53be446a2fc88a82fc1475c3d2ead31.jpg 105,24,380,256,5
vlcsnap-2022-03-15-14h04m56s540_jpg.rf.446fca1c9cdd99998a1d3ed5cc73aaf0.jpg 0,0,201,416,5
1997_mitsubishi_fuso_cab_over_box_tr-1_jpg.rf.65617bed0817597f6a4e22e9b629ce77.jpg 0,2,406,415,2
20210511_16_16_22_000_vk6v8isL5LawZlhfFajO0BsLTcF3_T_2128_4608_jpg.rf.b34b0421f039229bd31cc4826ff492f4.jpg 88,116,371,249,3
00000192_jpg.rf.559b2d3b43c229d79a34c51f3eb258d2.jpg 114,106,291,344,5
2aabda41-b482-4018-8e29-d10b18da51b5_jpeg.rf.bc711b7faf2c75ffb15e31ffebd21b9d.jpg 256,171,356,384,1
vlcsnap-2022-03-14-09h28m11s009_jpg.rf.155875dd59d90304556ebe266bb0da70.jpg 0,248,171,416,0
00000303_jpg.rf.39f1485afed797c500a1ef4a37be5402.jpg 89,81,319,395,5
1_1_jpg.rf.735d95b442a2999c17f8d9850c4556a9.jpg 108,169,268,373,2
405_jpg.rf.73fcc7c163c0647018fe655351b48ecc.jpg 106,260,297,416,1
bus-217_jpg.rf.3e62bc75cecfa65037a8f89e3c4af9ee.jpg 94,45,283,300,3 301,91,389,219,3
59_jpg.rf.97496a1b12f35d7cb706455e1ff2bfaa.jpg 56,82,356,359,0
vlcsnap-2022-03-15-11h32m51s057_jpg.rf.73897966dbe7b3f49159537e9d1b8b85.jpg 0,0,214,416,5
ambulance-255-_jpg.rf.62b094892e6c000936077cb220cedb17.jpg 111,20,262,264,4 279,10,412,284,4
84_jpg.rf.30f6991b6e750b168177e32df86d83ee.jpg 108,121,357,361,0
vlcsnap-2022-03-15-14h28m00s000_jpg.rf.ed835dadb77957d3de04c99d4b73a15e.jpg 0,0,200,416,5
k2700_jpg.rf.6b6376f97c4ac504b42a8e85e385b2ee.jpg 98,56,311,339,2
2a2ecbd2-f3f4-4aaf-bd8e-809fa66b87d9_jpeg.rf.e7b8da2fac5606323eca5fd77ac64cbd.jpg 116,102,201,335,1
vlcsnap-2022-03-14-17h29m55s460_jpg.rf.a6a1488e484b5039fd9af594991233fb.jpg 0,71,207,416,5
ambulance-128-_jpg.rf.c975ad3bdddc2ad1ae92e254fc8881ae.jpg 63,69,291,383,4
pl15131579-used_cat_d5n_bulldozer_with_ripper_jpg.rf.d1b2db818ab471857fa4e1773fc51e3e.jpg 83,14,335,366,5
bus-217-_jpg.rf.e7ef6b4b26fb169d59c4870379372aa8.jpg 0,0,290,416,3
download-18-_jpg.rf.4e7240bcd8393e35c375bae286e80835.jpg 13,56,382,347,2
vlcsnap-2022-03-15-10h15m57s922_jpg.rf.7dd491f43bcf0928eafb052e6405291f.jpg 0,44,195,416,2
vlcsnap-2022-03-16-09h48m38s792_jpg.rf.6ccd1b20ee04bb95eff219291d421b4e.jpg 0,0,200,416,5
Mitsubishi-Self-Loader-Truck-CN-FV4-3_jpg.rf.defffc8dce8e01dd7417f63887f1563e.jpg 64,65,362,312,2
bus-217-_jpg.rf.1dcd5578786af163f88b063b05d71a77.jpg 0,0,290,416,3
bus-25-_jpg.rf.e208d269cb83cbfb2746f20ceeb0973d.jpg 36,58,366,384,3
bus-216-_jpg.rf.33226fe2f5a39b71e60c593235551e4a.jpg 157,5,314,297,3
LZ9DQ8ESQ8O8_jpg.rf.cb5fe040663899fc3a23159e8c7aa2b8.jpg 34,0,307,397,1
bus-91-_jpg.rf.02f750ed55cbea66f5b38e9faf73f687.jpg 41,25,354,389,3
vlcsnap-2022-03-15-15h01m34s225_jpg.rf.cc36b6c7230eb5addd6553d59009835d.jpg 0,181,162,416,2
download-17-_jpg.rf.9c1ea67606d568bb6088ce793d52b9e9.jpg 44,71,386,365,2
Image_013407_jpg.rf.bc26ad5d0ad9aba3fc13b216aa139057.jpg 69,0,343,291,2
01a1820d-35a6-4f93-82a9-f3db41449037_jpeg.rf.766e584884515c76c02eac35a364f88e.jpg 160,153,244,381,1
404_jpg.rf.d85204a597362cfacbefe114a409e526.jpg 70,144,142,358,1
IMG-20240212-WA0288_jpg.rf.0a2ea651e0a8949122dc722dc041b403.jpg 134,115,315,397,0
vlcsnap-2022-03-14-17h26m14s211_jpg.rf.e56a0fff8d887d6b41d3da9f031098d0.jpg 0,0,215,416,5
2012-mitsubishi-fuso-fe160-16ft-dump-2_jpg.rf.e1e40e00fa3beace31628200648626dc.jpg 48,163,383,362,2
vlcsnap-2022-03-17-09h47m30s306_jpg.rf.a247c080b5e86bcfe706e21bd63fb6de.jpg 0,84,214,416,3
Image_013423_jpg.rf.ed5de8dc040412f5cd6d34a8528849a9.jpg 35,0,337,284,2
1992-Mitsubishi-Great-10-Wheeler-Dum-4_jpg.rf.b605e5a09a9f8532896299f08db1ffa4.jpg 10,43,369,377,2
OIP-dyEKLoUTbnlp_mNog9nuEAHaEH_jpg.rf.783fe511c25283dc49cbc7ea54da90e1.jpg 0,141,254,384,4
60_jpg.rf.789e6a0dd32a1a40bd4c5ac7cb570b70.jpg 52,86,407,389,0
ambulance-252-_jpg.rf.d1999687f5048ea3a3d7baa2d0f05edb.jpg 74,41,386,372,4
LV479Y8PE4KF_jpg.rf.74fbaf1cfb53d27d7c4d4d9b45ed8b89.jpg 21,30,394,398,1
Screenshot-2024-05-30-141421_png.rf.982bf8205861a2171201270de17332c6.jpg 13,0,188,164,5
vlcsnap-2022-03-14-09h26m59s541_jpg.rf.9d632818c7e78ed10b75c63cfd5fcf1a.jpg 0,219,178,416,0
00000203_jpg.rf.c3464fd135fb0407f75fd6f8181b61ea.jpg 244,67,416,363,5 169,86,254,327,5 116,94,175,304,5 67,106,117,285,5
LPC-07_DTP-2_DTP-2_20240310170937_20240310181125_2_1G_mp4-0152_jpg.rf.3f2616693041e44ed110fd2167273f5d.jpg 122,0,321,292,3
2005-mitsubishi-fuso-fm260-18ft-dies-1_jpg.rf.2cc46482bfb6fdb575b337af6b75118a.jpg 13,15,386,397,2
vlcsnap-2022-03-16-23h46m53s594_jpg.rf.207b6b81fba977a80bcc8fe7772334cc.jpg 0,0,215,416,5
vlcsnap-2022-03-16-23h19m48s516_jpg.rf.964dd0adc4dbc914ee0dbe661043cf48.jpg 0,0,211,416,5
201707170712_fuso-1024x512_jpg.rf.f8293a468498f70a574b7611fae73b7b.jpg 98,3,338,408,2
bus-204_jpg.rf.a79b82d25eca81baa52b772cf04f4fd0.jpg 0,5,335,415,3
bus-218-_jpg.rf.422c22a6377980b718c236985ba1c5c2.jpg 134,64,184,186,3
2014-mitsubishi-fuso-fe160-14-feet-b_jpg.rf.2e3464f30d39d2a812fb31c25f0d7f47.jpg 66,0,367,415,2
vlcsnap-2022-03-18-08h17m12s352_jpg.rf.0458341247f925e731c7c25e4e45835e.jpg 0,0,206,416,5
00000201_jpg.rf.681a6d32d107507e5ca9feb23065ed4c.jpg 301,146,416,415,5 152,173,305,416,5 63,159,158,396,5 0,127,32,321,5
00000195_jpg.rf.8a08dec3451d64284a3b676fe76e9605.jpg 94,187,224,360,5 0,90,101,377,5
ambulance-257-_jpg.rf.3976f9af463bcd2635ed5819a7e4a477.jpg 38,57,202,415,4
Screenshot-2024-04-30-152043_png.rf.75f516648a9adadc776b467e5e73280b.jpg 19,0,408,387,0
Image_013429_jpg.rf.58db00733ec7d33d0a3789df5c90ab3e.jpg 63,71,329,329,2
20121009_123807_jpg.rf.c40231b0d4c53bf1d788dd4541ec4108.jpg 53,14,352,394,2
61_jpg.rf.84357aafd97419f254dd7b22cb076edf.jpg 84,35,349,404,0
vlcsnap-2022-03-15-10h16m12s765_jpg.rf.29abcfb19bfe48449217bbe9a18a4e2a.jpg 0,125,186,416,2
Image_013425_jpg.rf.d7d245f9f4407288a632341f4abee08b.jpg 59,47,350,411,2
20210427_12_52_47_000_pgmtGnyv84hd7BiNoFr7ALIRzeZ2_F_4160_3120_jpg.rf.46f9bd28e6640d2ea31bce5a297b68ab.jpg 51,61,353,317,2
vlcsnap-2022-03-15-14h45m23s569_jpg.rf.666e6b874f278c1a2d8cbbe372b5c292.jpg 0,0,210,416,5
Image_013433_jpg.rf.02e7f7c8dc07c04e12a96ed39c51bf33.jpg 51,0,356,275,2
vlcsnap-2022-03-14-17h33m38s149_jpg.rf.9d840b601ea536bc5a9283e0eb31c2c5.jpg 0,70,206,416,5
OIP-f2XQwYO_eNtPOkCDA01sUwHaFc_jpg.rf.2abd4b5e61de0405db065f8c7ffd63e8.jpg 0,13,394,364,4
Screenshot-2024-05-30-141443_png.rf.3b34895f8a34daf18010ed02d1dc1a40.jpg 49,25,304,310,0 3,0,64,104,5
vlcsnap-2022-03-17-12h03m46s125_jpg.rf.2d6a933f3149098ee86a752399ec096e.jpg 0,54,215,415,3
bus-24-_jpg.rf.77751a07aa998eed523a562e37ab543a.jpg 47,31,387,386,3
0e6131f8-659a-472e-b570-52688a104e20_jpeg.rf.5f86b2c099433319e5c08b63d19340bb.jpg 55,0,320,322,3
335903888_966718394687266_6613409669184457996_n_jpg.rf.74b430a601ab383425933b100b5df718.jpg 2,137,411,326,1
vlcsnap-2022-03-15-09h44m24s177_jpg.rf.fe2b54293c7b923d5a165baa0b308370.jpg 0,79,200,416,2
2788_1807600_1_jpg.rf.2318e23f2ece42fe21dae7b1014daa67.jpg 52,33,395,360,2
440_jpg.rf.9cc36c98beaa292edcac76ae68a7e0c9.jpg 142,206,362,416,1
Screenshot-2024-04-30-153538_png.rf.95a700ce1401e9d04a7815e46c63ea71.jpg 0,3,416,400,5
1f63420d-a1f3-4916-a440-83526f172ba9_jpeg.rf.d5958dfb730f7d7bd0f7e470f1d312b6.jpg 105,122,196,334,1
ambulance-261-_jpg.rf.4eab5a3d56c2f782967a2bc6faac68c3.jpg 10,0,388,416,4
7ec7e983-2250-4c28-9d85-f781c6967ff1_jpeg.rf.8823c69218fce9be9bb198f34021a605.jpg 67,0,369,357,3
vlcsnap-2022-03-17-13h34m32s856_jpg.rf.bee3e0e9882bbca1d8d5145aea27bff1.jpg 0,60,211,416,3
Screenshot-2024-04-30-173017_png.rf.9e89ef801fe7821f56be3723e03b23a1.jpg 14,0,416,378,5
vlcsnap-00125-Copy-2-_jpg.rf.0c40d6fc29b55864a48adf6ca6edc19f.jpg 152,235,416,416,0 103,154,179,281,0 98,96,139,168,5
vlcsnap-2022-03-15-15h41m46s146_jpg.rf.c7197e457832527721bf44fca3e2ca8f.jpg 0,32,208,415,5
ambulance-220-_jpg.rf.097ca95f84e2708da82e68f34ab6ca26.jpg 0,0,408,416,4
Screenshot-2024-05-30-141644_png.rf.e35a44b50477ba4d18b60a5fbf22fe0f.jpg 35,0,364,367,2 5,0,47,111,5
bus-220_jpg.rf.f9ffac41a530cb57e5207c95d59e1b17.jpg 71,1,414,415,3
ambulance-254-_jpg.rf.d72ef55161b09e9d3411f67e5ff37be6.jpg 8,88,79,207,4 111,38,250,300,4
4a64474d-f4a4-484e-a7bb-13cab5adeb08_jpeg.rf.f2daf2d9be95e9aa897b03ec38a5f73e.jpg 79,0,315,344,3
vlcsnap-00126-Copy-2-_jpg.rf.067298b85bae29a674423507e5fb425e.jpg 149,181,416,416,0 95,77,161,236,5 305,144,416,330,6
download-16-_jpg.rf.d76e4ada062c769928800ef56ace4742.jpg 33,59,376,349,2
20210513_09_17_23_000_q45DOVXzfMV5h1LVyWakn5K5kzD2_T_3264_2448_jpg.rf.67e0adfc2cc61f16f950c2c0743aeaf9.jpg 38,18,380,224,3
408_jpg.rf.f065312e68411e8f598e3a57136c3e8a.jpg 167,211,299,412,1
bus-33-_jpg.rf.9458b80e3463b80e6e177e713bb32e59.jpg 60,210,298,353,3
vlcsnap-2022-03-14-17h40m49s348_jpg.rf.0000e04b70fc3b3fcc2396267f4cb0cc.jpg 0,70,205,416,5
vlcsnap-2022-03-14-09h42m43s576_jpg.rf.79b25c3a16c250420c7fe3a7c4fb8f70.jpg 0,251,163,416,0
vlcsnap-2022-03-15-10h27m10s114_jpg.rf.b3b6fe47a8edd4b181635d890fe2cad0.jpg 0,171,168,416,2
510c5cb0-CBT_Dharwad_2686_12_2_2022_11_59_38_jpg.rf.a844c38ba4694442542b51c171bf6e2b.jpg 163,163,384,401,1
Image_013427_jpg.rf.60f1bf55208566128ffd9f544bc435b5.jpg 63,70,340,324,2
00000206_jpg.rf.fd4441157fb581ce0439e6e7f8f7a9b7.jpg 149,71,303,314,5
vlcsnap-00178-Copy-2-_jpg.rf.a8f54d3a6ced1a12af6dd3c17cbe50cf.jpg 162,233,416,416,0 103,134,159,259,2
ambulance-206-_jpg.rf.3e0661a14ebddd1e52f002bcdb58443b.jpg 108,4,410,356,4
00000205_jpg.rf.3ff0708c53929710795bc04388d41384.jpg 31,55,193,332,5
vlcsnap-2022-03-17-10h05m31s792_jpg.rf.e2283f22779def73af602a02092e7823.jpg 0,82,212,416,3
bus-26-_jpg.rf.77a33655325f242fb59e8631493eb8e7.jpg 0,35,416,342,3
vlcsnap-2022-03-15-15h18m02s170_jpg.rf.97a800668470030bbf106d2fafcaaf16.jpg 0,0,209,416,5
00000191_jpg.rf.4cc536ee507f4db0d1e5691ec5238239.jpg 3,63,231,320,5 222,119,315,281,5 371,155,401,235,5 332,140,365,245,5
vlcsnap-2022-03-15-09h44m48s402_jpg.rf.cc6adf74f7e01f6c017d102bf921e2e2.jpg 0,73,197,416,2
Image_013444_jpg.rf.931c0941c7068c5887eeb6b0439b8e89.jpg 20,0,377,334,2 0,121,113,412,0
Image_013448_jpg.rf.a64b9cb9026bbf658b9aee24f765c3c7.jpg 98,81,359,339,2
591_7870007754108_jpg.rf.6cf8b84c1df339cf784f310aa834175d.jpg 18,7,388,404,5
vlcsnap-2022-03-14-13h52m50s959_jpg.rf.4c403d613e3f91b97e51e066694973ee.jpg 0,227,168,416,0
8a7a7308-a8c9-4fba-af1b-f95f94ac0e67_jpeg.rf.9b16b30aa44443eb7c17c59b62494a4a.jpg 68,0,302,299,3
21452_NT789-1_19-1_jpg.rf.92a2bbeb806c38c8a04068501dd365d9.jpg 99,38,298,360,2
vlcsnap-2022-03-14-09h44m05s717_jpg.rf.e08dc53b2ec9db115d8e3b24bccec3aa.jpg 0,237,162,416,0
vlcsnap-2022-03-14-17h36m54s200_jpg.rf.8cde360a123567d7bac978932459ab90.jpg 0,0,213,416,5
4f24d8f5-67bd-4cd9-8c86-ef66cc090188_jpeg.rf.9c86242d775a6605b32211a31995ad69.jpg 99,0,372,289,3
vlcsnap-2022-03-17-09h08m27s181_jpg.rf.c4b4a50ae7ab01acb5e22f8d2e4e9396.jpg 0,0,204,416,5
2e7297d9-a9e3-4de0-8732-37f5fa919375_jpeg.rf.feba15d8c29e807b3b957efa1b99003b.jpg 95,0,353,313,3
LPC-07_DTP-2_DTP-2_20240310170937_20240310181125_2_1G_mp4-0159_jpg.rf.ef4cb94a5e9aaaa1b04a69908fbc943d.jpg 117,0,292,286,3
Image_013443_jpg.rf.1a6a5b53d4be8488b5066918d82e24a5.jpg 60,47,362,349,2 44,105,111,204,0
vlcsnap-2022-03-14-17h34m13s994_jpg.rf.574dd6a8854852736dc7ad8d94cd968d.jpg 0,66,208,416,5
Screenshot-2024-03-14-150623_png.rf.e74119d4f903081d5852b78765930f81.jpg 108,183,141,235,0 253,68,274,117,5 268,59,280,93,5
WhatsApp-Image-2023-12-14-at-15-53-18_d3a56633_jpg.rf.9cc67b843522e9a73b1a0980ec6c4c7b.jpg 59,46,416,239,3
Image_013445_jpg.rf.3ec3deb5aad79fcdefa5daf3b40bd917.jpg 49,0,373,334,2
vlcsnap-2022-03-14-10h07m57s357_jpg.rf.4cc67419d95fcedda134dd8ef648c85f.jpg 0,158,197,416,2
bus-224_jpg.rf.ba0895ec247dd6cfe2b6453218d69cbc.jpg 1,61,396,387,3
bus-152-_jpg.rf.407204e7991485762e7fc3993bd4b8c9.jpg 107,0,409,416,3 0,50,142,368,3
M50D51UHSGVP_jpg.rf.23a6825781e804e9b20dd331173dd9da.jpg 28,28,378,383,1
46062733-cb5c-474e-8fc0-b8f1dd514ae9_jpeg.rf.a4113c88bcf5baeeb03cb25c66b7de2d.jpg 135,0,324,373,2
aaf1bbc83654f71150d7bed74ecaa91e_jpg.rf.eaaf347d7cd720710b766434d6114e40.jpg 3,1,407,415,2
vlcsnap-2022-03-17-09h32m00s833_jpg.rf.c79c887310720a6c147d75ad1765227a.jpg 0,0,213,416,5
OIP-fOiiO6jKGqxVzzQZ_IukzwHaE7_jpg.rf.9a4c07ed59e3a426bfc91d88c76a79e5.jpg 0,56,407,412,4
3173ec56-a792-47ff-9b18-79fc37729b95_jpg.rf.5c4418ac523cf1c1dfb2ae5ce93d8315.jpg 42,50,394,379,2
vlcsnap-2022-03-15-10h29m54s961_jpg.rf.ec8dc3418220fddc8694c856e61fca57.jpg 0,217,162,416,2
bus-219_jpg.rf.c8257227cc69c8ed233e1371ec7e0ec7.jpg 97,106,389,339,3
Image_013436_jpg.rf.b2cb85a93fdb0b15e582f896fa167ec4.jpg 25,36,386,414,2
Screenshot-2024-05-30-141449_png.rf.8eff0bc0ef8d5cf85a0b048865d92f34.jpg 1,1,107,124,5 77,6,416,414,0
0b65b6c3-c3fe-4fdc-b199-314c64bcd64f_jpeg.rf.4b236fbf4f2355d637a7cd0e4cd55cd6.jpg 88,139,192,380,1
Image_013463_jpg.rf.1434b5d28a988caf4ed021028cb77406.jpg 71,62,318,303,2
bus-34-_jpg.rf.f3a770ab01dc4c267b3621dbc38f4cd0.jpg 219,49,416,415,3 129,107,224,400,3 85,152,139,367,3 56,171,90,355,3 36,183,62,342,3 24,193,45,329,3 3,205,19,323,3
IMG-20240212-WA0115_jpg.rf.c4f43c356156ad4eba35b2cef9a79303.jpg 63,120,373,415,0
ambulance-399-_jpg.rf.3f25a1ee68fe6a1ff6eaf13f607c4263.jpg 60,6,226,349,4
ambulance-370-_jpg.rf.ea0e3c155979979c3f3cbbd2091cf654.jpg 126,115,258,234,4
stock-photo-agra-uttar-pradesh-india-mahindra-bolero-is-an-suv-based-pickup-truck-produced-by-2290415887_jpg.rf.1e6f1b9da8e04c75da16a87afb5d6948.jpg 51,49,330,341,2
ambulance-135-_jpg.rf.bba67e3e00c446d953d6b737d3267bf9.jpg 29,44,402,325,4
ambulance-88-_jpg.rf.182d608feeb2c8f62678dfa4aeb4651a.jpg 94,60,389,374,4
People-on-bike-on-streets_6_jpeg.rf.1f12e65a3d67c2b5ed4520dbad536c29.jpg 140,162,262,268,1
Screenshot-2024-05-30-141533_png.rf.869ce658087ccabcc0e6f73713a16547.jpg 14,0,369,282,5
vlcsnap-2022-03-14-17h41m33s857_jpg.rf.27b9cf05c19735be23550f4562454cf7.jpg 0,0,211,416,5
6c8f3dd7-cf97-484c-a748-563d82a6306a_jpeg.rf.b7152c2bf284a6a8f2eb0bc3f2a1cafb.jpg 49,0,306,344,3
Screenshot-2024-04-10-223159_png.rf.820d78be67585269248445154490b07b.jpg 168,185,291,359,2
vlcsnap-2022-03-14-17h54m26s930_jpg.rf.2a22e40b4bef0b64b022a6238ba96a75.jpg 0,30,207,416,5
suzuki-bolan-price-and-specification-in-pakistan_jpg.rf.ccd78fa0a72928233b519e8f97b0c9b8.jpg 70,66,344,351,0
Screenshot-2024-04-10-174246_png.rf.e5dd19ff52a737e91fe3b870e7246e62.jpg 90,92,322,313,2
photo_2024-02-12_19-48-40_jpg.rf.190d330f17b85147a2005aa53562abe1.jpg 7,13,410,403,0
63_jpg.rf.c684168614f457939c8b15d9d1d1b6cd.jpg 43,109,392,329,0
download-16-_jpg.rf.57b2f404f8dc2092bf7bb6854affc252.jpg 33,59,376,349,2
download-14-_jpg.rf.1495e790c4efa3d3faa0297aa3b2317f.jpg 13,42,386,396,2
20210511_20_45_03_000_2sQ7uoDSHQakPcTTKy9Ikfs5wWs1_F_3264_2448_jpg.rf.8b1eb36a17ee6c58aab88209143ee7d7.jpg 58,68,391,192,3
download-16-_jpg.rf.75c8753f6f272217f241cc51bfe9aa88.jpg 35,10,394,404,2
j8_jpeg.rf.24b81fcb7f98b538319ff3cdd87e23ce.jpg 97,48,334,260,2
Screenshot-2024-05-30-143438_png.rf.ddf167fcfd28062843231d5b72734bf6.jpg 39,17,200,218,0 24,20,53,101,0
vlcsnap-2022-03-14-14h23m15s881_jpg.rf.cd32bd4bbe37038519f0cc6fd34e9fbf.jpg 0,208,169,416,0
vlcsnap-2022-03-16-11h57m28s031_jpg.rf.ea598ecc5c952c98f290b528f0494fd5.jpg 0,0,203,416,5
bus-140-_jpg.rf.af14342a6acb4bb1f83b3b07bf86cf9b.jpg 65,24,387,374,3 0,82,68,319,3
vlcsnap-2022-03-15-16h12m44s906_jpg.rf.488d90dad9a97a84dced894a4fd6e2b9.jpg 0,0,210,416,5
458_jpg.rf.1015819fb2efa174dfd2ff4c66466ee5.jpg 73,155,333,399,1
00000209_jpg.rf.d3296aef5483a1ce3c1f9c06132c6791.jpg 59,85,279,320,5
bus-30-_jpg.rf.1ba745c04991ae0e309dfca6390a15ad.jpg 5,165,166,323,3 215,203,285,298,3
bus-40-_jpg.rf.1f923cd9a37f5f0786dc90503052cbe0.jpg 26,23,233,333,3
tata-407-gold-sfc-15836_jpg.rf.16f81693148580fc8111a8e417194689.jpg 109,88,303,328,2
vlcsnap-2022-03-15-10h33m30s717_jpg.rf.e6e44e0a52950e1a8376b99d67db6fe6.jpg 0,175,161,416,2
suzuki-bolan-white-color-exterior-side-view_jpg.rf.b5194924c7fb255794d4cc9e6d1a10bd.jpg 23,14,377,414,0
NB5GS6GG7516_jpg.rf.ca373dddae631183ce07b0ae56bc7203.jpg 0,15,411,416,1
vlcsnap-2022-03-16-12h59m25s884_jpg.rf.b62c647cd71c6e6d6466eafedfa3cd66.jpg 0,0,202,416,5
b7_jpg.rf.5463e2bb295aedf9c81d63e01b24ddae.jpg 4,0,361,396,3
ambulance-31-_jpg.rf.20e392bcf5cf0ca960106b48d8c4d168.jpg 0,56,230,312,4
68_jpg.rf.40109dd9b8002d7d6f05dfcc33dec391.jpg 62,91,364,277,0
vlcsnap-00128-Copy-2-_jpg.rf.f87d9050a79a77bd29708e84ab0ef5f9.jpg 162,204,416,416,0
bus-33-_jpg.rf.740f9f118fbc1955b1a9d26ff89f9bcf.jpg 60,210,298,353,3
vlcsnap-00138-Copy-2-_jpg.rf.0d03185b3d8d08f50f00aa0d0f953e60.jpg 156,235,416,416,0
IMG-20240212-WA0123_jpg.rf.17015c9d513edfcceb8c24e04da558d5.jpg 14,205,404,405,0
Screenshot-2024-05-30-141820_png.rf.b1bfcf7a086e4b517683adcfde553950.jpg 9,36,57,108,0
two-wheeler-on-streets_17_jpeg.rf.33d9c3af4a998fd56e6dece970e9cdec.jpg 184,164,252,344,1 251,160,288,302,1 262,201,405,404,1
f7_jpg.rf.21e248655793f6673718db5640688ceb.jpg 86,106,324,324,2
51_jpg.rf.65ea5f2e313bd72021de42a223381c9f.jpg 4,113,397,412,1
download-11-_jpg.rf.88530cc39113f2d81c143555bf0b7b82.jpg 56,133,345,339,2
00000225_jpg.rf.6056e9947976b2ee648f701cb1268565.jpg 151,9,416,415,5
vlcsnap-2022-03-17-12h58m51s606_jpg.rf.8b1f8d35a55dbde2ec92ccf42e9c319c.jpg 0,1,211,416,5
deletesoon_png.rf.f5e2ec0baea854669fc71d8437f30c10.jpg 273,106,287,124,0 86,169,95,186,1
j9_jpeg.rf.a5837f79077cbf7f88cdb5895a75deff.jpg 36,67,382,362,2
90_jpg.rf.da2051cdf4af30978241a89708a4994a.jpg 75,191,402,397,0
Image_013514_jpg.rf.e2b98211a4de86e15bea7ada5cfd5bd2.jpg 72,52,354,297,2
vlcsnap-2022-03-14-10h58m22s100_jpg.rf.893a263dd92b67dbd4b117aa11531221.jpg 0,223,166,416,0
vlcsnap-00135-Copy-2-_jpg.rf.fca06546aa7148a6398a42cc5b936d81.jpg 152,247,416,416,0
bus-180-_jpg.rf.bd25a6d2881451691c48d866a50d887c.jpg 105,0,416,416,3
483_jpg.rf.44d70c7f5829b2f186c3be28593918dc.jpg 103,150,330,396,1
W1HS32G6KV8W_jpg.rf.9f1c7b19bfe452fcc26f18403f1bc634.jpg 0,272,414,416,1 19,162,416,324,1 72,104,416,223,1
vlcsnap-2022-03-14-18h29m06s997_jpg.rf.505a77b705b3a87cdaa09c89e75f1d4a.jpg 0,74,205,416,5
Screenshot-2024-05-30-141655_png.rf.1741a41c8f339416ed0f9bfc7d5f3da8.jpg 9,0,314,225,5
bus-5-_jpg.rf.796cfa8db4b54e0c6a2e6618107955de.jpg 92,12,416,343,3 0,77,102,294,3
00000348_jpg.rf.7c9b7dd4ae02abd3d89f58e0b98ad4d8.jpg 153,125,242,269,5 167,220,270,414,5 1,137,65,274,5 20,70,103,201,5 103,78,132,152,5 128,50,165,123,5
00000330_jpg.rf.e1060c701caada251315daaadf93145a.jpg 17,47,405,382,5
vlcsnap-2022-03-15-11h08m22s455_jpg.rf.f6183f01208b7dd7cb270c3002e2e94a.jpg 0,61,205,416,2
vlcsnap-2022-03-15-16h12m58s915_jpg.rf.6e41c6d830617a483625175d55ce885e.jpg 0,131,195,416,2
photo_jpg.rf.32b8284bf8a16fa83269b011071b2159.jpg 58,0,357,415,4
678822f7-Bairidevar_Koppa_2279_1_16_2023_09_24_09_jpg.rf.5568c745ec6c2d21640e659f155442e5.jpg 3,211,46,251,0 145,229,239,284,1
Image_013495_jpg.rf.80f83520565808abfc6ff4f73d2a8c49.jpg 49,0,410,347,2
f1_jpeg.rf.feed132a63dc2d84069f71e7d1d82475.jpg 22,93,366,372,2
ambulance-122-_jpg.rf.6c0ce2b2723c57969a8bc3dcead92d80.jpg 170,60,309,275,4
IMG-20240212-WA0291_jpg.rf.33d127cac2cf495cbbbee3f1d0165c45.jpg 74,13,346,382,0
bus-176-_jpg.rf.c60b3966d8a5c01f0e35a9c9c2f197b0.jpg 94,136,330,357,3 1,169,96,351,3
vlcsnap-2022-03-14-13h46m12s960_jpg.rf.9dc3e634d04735ff680ce8d97a40d38d.jpg 0,231,168,416,0
vlcsnap-2022-03-17-12h06m28s690_jpg.rf.f6003c61c1bfee31671400069bede200.jpg 0,0,215,416,5
513_jpg.rf.9b2b0a8201bbf9cdb16606f9534a8246.jpg 226,113,326,336,1
ezgif-frame-131_jpg.rf.0100dc845e238584e61077bc865d2c7b.jpg 25,147,413,363,4
vlcsnap-2022-03-15-18h01m17s722_jpg.rf.ae026484a5d67b3f72bd099b7bf3ff69.jpg 0,180,154,415,2
ambulance-178-_jpg.rf.60f6749232f22497da2cdaaebbd052c6.jpg 32,129,77,275,4 72,115,106,284,4 102,93,209,310,4 190,66,343,321,4 324,27,416,366,4
2f1f770f-be8f-41c0-b4f3-7ed853fc5991_jpeg.rf.45eaa13a7a5287b6b71799c806f3815c.jpg 67,0,323,317,3
Screenshot-2024-05-30-141554_png.rf.3248612163ceeb353f58a3951b9667c8.jpg 23,0,416,416,5
Screenshot-2024-05-06-120631_png.rf.6df31c1cb91e261c808d131fc3b528cb.jpg 12,7,364,352,5
00000224_jpg.rf.53e35f92e3a44d2e0445bb58dfdc01b9.jpg 123,32,326,376,5
m11_jpg.rf.7c66928084bf0202c7059ba405d19ba0.jpg 33,79,377,333,2
vlcsnap-00139-Copy-2-_jpg.rf.957624d4eb353c284b22c3b07efa952b.jpg 138,92,416,416,2 113,144,129,191,1
f8_jpg.rf.58044f2a6964223bf36fbf75762544d1.jpg 10,33,395,381,2
ambulance-179-_jpg.rf.ee8cc7b7a92d7988187e1d4e9991326e.jpg 56,128,97,279,4 96,113,131,290,4 125,88,240,317,4 228,53,402,344,4 375,25,416,374,4
66e9a267-CBT_Dharwad_2926_11_7_2022_20_24_04_jpg.rf.8b05d9fcc844b916c41dc389d15c7aa8.jpg 23,186,341,416,1
vlcsnap-2022-03-20-13h53m44s722_jpg.rf.4e47ad7255da89c810dbe0253432f833.jpg 0,103,204,416,3
vlcsnap-2022-03-15-11h53m40s965_jpg.rf.8f176cf1bbe73bf07b5dd89b07f26aff.jpg 0,81,198,416,2
vlcsnap-2022-03-14-18h09m50s697_jpg.rf.4a40cf79b4356f085ed946b62c9159e8.jpg 0,0,219,416,5
vlcsnap-2022-03-18-14h29m29s619_jpg.rf.abd7cf37a32044a4ee45907f916c375e.jpg 0,0,206,416,5
OV6VY9XBT87B_jpg.rf.baedbfe3059cd09776a5d4b20abe8e74.jpg 22,38,416,403,1
vlcsnap-2022-03-17-14h23m19s603_jpg.rf.aca6339acd87d4783a3cc72a1009037c.jpg 0,126,210,416,3
ambulance-184-_jpg.rf.b1cf1681d67b0683245b628981dabbe4.jpg 7,4,399,388,4
Truk-2BSampah_jpg.rf.bd28ac82de6afa00f693aeb92def9b39.jpg 0,38,405,411,2
d216fd7f-CBT_Dharwad_2686_12_2_2022_10_25_35_jpg.rf.2a72401619a07efa74d5d75be7331da5.jpg 5,158,306,396,1 213,82,270,161,0
vlcsnap-2022-03-15-11h44m04s393_jpg.rf.b6adb5cf046a0785d82b3e97126de548.jpg 0,66,208,416,5
vlcsnap-2022-03-14-15h07m08s780_jpg.rf.7f98b8d461602ca07ac1ca6f5e296e38.jpg 0,259,160,416,0
image0578_jpg.rf.36e02ee7c35139ec4f13a95a6ac0901c.jpg 13,13,404,416,2
0c432f9d-a1ee-46bf-9d25-5f0f83b8ff4b_jpeg.rf.de54e4cb48a0770626f2ce6f4c3840ac.jpg 77,0,331,335,3
vlcsnap-2022-03-15-17h32m23s802_jpg.rf.88e15a73e9e2a1739e1ecf6e463f44b8.jpg 0,0,205,416,5
4ea2240b-30b3-4edc-acae-65bf6aa324d5_jpeg.rf.ed422a1fb73101ac176f873afe42f90a.jpg 157,144,241,363,1
bus-67-_jpg.rf.2de59a02f13da9ff5d1a01fcda52c22d.jpg 11,99,377,362,3
bus-282_jpg.rf.9bb5e8805b61310b6a07d95b33210513.jpg 19,17,350,414,3
vlcsnap-2022-03-15-12h39m55s656_jpg.rf.511d3fb3bb1a4b354209dd685762c7da.jpg 0,68,207,416,5
vlcsnap-2022-03-14-11h09m59s123_jpg.rf.f6e843fe3e1e9ee4374961de90bc76ed.jpg 0,252,159,416,0
00000236_jpg.rf.9d520b6eb1ccd44dbd9e998e87a9f9f6.jpg 202,115,367,336,2 40,232,115,342,1 115,228,164,340,1 369,208,416,309,0 357,226,379,254,6 207,246,227,285,6
Screenshot-2024-05-30-143844_png.rf.e1b085700ebcf04eaea76887abc83434.jpg 100,42,301,189,0
bus-5-_jpg.rf.cca0c77e95df322cb6e73b1d6c833ba6.jpg 92,12,416,343,3 0,77,102,294,3
00000352_jpg.rf.b957816453581d2483decc778d929eec.jpg 94,50,233,320,5
vlcsnap-2022-03-15-16h36m30s393_jpg.rf.b6a1075a0353e6ce847f10809e71d4ed.jpg 0,78,199,416,2
thumb2_3c6f302cc1ac614c6408b3828bc73_jpg.rf.98fab522cfe75b6a1f9bd26309320173.jpg 8,153,145,370,2 174,131,277,362,2 295,161,406,368,2
3f5f5b93-b2c4-4982-9999-3965cf8527d1_jpeg.rf.34db33ed2e0036de8744969d98095fe7.jpg 80,0,329,310,3
20210522_01_47_58_000_zQnRSBF8KkgwQy3Twh8AMniztCq2_T_3264_2448_jpg.rf.7e2ea9bdd570041156685629af44c5ef.jpg 0,109,373,238,3
210122024_jpg.rf.7796794b12c02431ca7f5c46d5fd9c74.jpg 9,218,397,405,2
tata-ace-zip-xl-mini-pickup-truck-500x500_webp_jpg.rf.804dc40e85be249b5c7ab35a1bcdc8cb.jpg 14,72,372,314,2
vlcsnap-2022-03-15-11h54m18s026_jpg.rf.555a082e081f5023bb8d970e1f08545c.jpg 0,92,197,416,2
vlcsnap-2022-03-20-10h45m04s685_jpg.rf.888e40ea9f22fc4c90524607e936b5db.jpg 0,0,204,416,5
vlcsnap-00189-Copy-2-_jpg.rf.f7d5841e3b029ec03a8e135b80d92de6.jpg 148,235,416,415,0
S_e84H1FUr9OBFCpbU1TbXoRYCrQDkgo0XWZhZsTAA8s2LbCR8HlDnpsOCmf_jpeg.rf.95a70c7cfe8ca351ec7f10651922563c.jpg 116,251,376,410,0
vlcsnap-2022-03-16-15h04m52s185_jpg.rf.ccbceb57f20e6fe18179a48786c15ff0.jpg 0,0,204,416,5
66fb90b1-Bankpur_Chowk_S2291_2_6_2023_11_00_24_jpg.rf.7dd6885cb92922859dd9ebd0d05dd597.jpg 106,120,300,226,1 49,132,93,168,1 221,103,359,160,0 344,91,416,184,0
ambulance-402-_jpg.rf.c09947ef0eae54fdfb07d22f84339701.jpg 223,49,310,182,4
ambulance-121-_jpg.rf.a1f1be6a17e327865843504e26e39619.jpg 165,49,263,262,4
vlcsnap-2022-03-14-14h57m51s910_jpg.rf.852db85634f5c2942d90cddb54e064e8.jpg 0,219,172,416,0
vlcsnap-2022-03-20-10h17m50s200_jpg.rf.69005cced3d5f60a46d4313bfbae4079.jpg 0,0,214,416,5
vlcsnap-2022-03-15-17h54m50s584_jpg.rf.9b876aaef58a673b81b8da84760ef68f.jpg 0,105,190,416,2
bus-44-_jpg.rf.d9afdd3ce25986ba43772e9aa597a97a.jpg 79,88,321,380,3 316,172,358,286,3
516_jpg.rf.3bc07d15f52577283f168c5a21a4a53c.jpg 13,203,99,297,1 128,205,222,327,1 314,197,412,340,1
bus-232_jpg.rf.e4176e41a2bc1dad50c91d0d20e15e63.jpg 74,81,356,344,3
00000350_jpg.rf.f8dfce240ffc5252198aed6315d2feb8.jpg 125,114,274,311,5
f36e1ffa-27_52_20231104170922_jpg.rf.d6a8feb6afb08371ee9930f51a7c2f70.jpg 3,107,115,198,1
bus-68-_jpg.rf.c0da368a9c93eebaaed12c90bea5a70e.jpg 10,7,126,329,3 121,14,204,358,3 214,17,307,354,3 299,0,416,377,3
vlcsnap-00182-Copy-2-_jpg.rf.f1dee564b4916924cfd5a9a7af7dd642.jpg 99,0,416,416,3
vlcsnap-2022-03-16-14h56m26s610_jpg.rf.73164148e1a569786d7f82054050c406.jpg 0,0,197,416,5
thumbmitsubishi-boom-truck-159340541_jpg.rf.7ba241fc9576bcdc2124bd48ebda779b.jpg 65,0,390,333,2
WhatsApp-Image-2021-03-02-at-6-43-49-AM_jpeg.rf.0619dbea99483f67a39cfebeda67d997.jpg 134,299,277,412,0
vlcsnap-2022-03-20-13h40m21s012_jpg.rf.362f6b76325334ea5f76b5f96d408a29.jpg 0,0,215,416,5
bus-50_jpg.rf.8ac13cf5986524d5c699dba4abfb1d72.jpg 8,9,380,339,3
vlcsnap-00207-Copy-2-_jpg.rf.4b359500bb7911b7bd2e5ec92ccc3c1f.jpg 122,132,415,416,2
5b40a237-a10b-4d84-a9d0-a368c9f5d621_jpeg.rf.a16f45031ee730a4bcca3b9040d8dd24.jpg 46,3,291,329,3
bus-49_jpg.rf.bb320e2ff1cfbfb5dae628f111f423e6.jpg 8,102,414,400,3
f49c7aba-CBT_Dharwad_2686_12_2_2022_11_44_24_jpg.rf.5090b3697b27a4ab91249ebd27ce94ce.jpg 38,260,332,414,1
94_jpg.rf.a358e9cc0077e7013a38fa72b15bf7e8.jpg 114,4,383,412,0
two-wheeler-on-streets_57_jpeg.rf.5287f76a5fe57fb3baa38e5ba74437e5.jpg 39,152,338,388,1
bus-70-_jpg.rf.c0927b11ef8cbf91ed06c7dce0a84b7d.jpg 183,61,314,308,3
5ddcce82-83d5-405d-ab05-ae126c15e479_jpeg.rf.2db3c5286381a96b661a82c2b414ad43.jpg 148,164,236,380,1
61a4cdf6-CBT_Dharwad_2686_12_2_2022_10_03_53_jpg.rf.6754579bb2382e5a319196166a4c169d.jpg 0,176,241,350,1
bus-69-_jpg.rf.5be89122e5aab3e5044b6a7f535655f8.jpg 0,26,120,374,3 109,38,225,350,3 210,38,387,385,3
vlcsnap-00206-Copy-2-_jpg.rf.bb8bf423e9ff6f1e5da2a3cce7544b18.jpg 143,177,416,380,0
f08ccb08-Bankpur_Chowk_2453_4_16_2023_14_06_19_jpg.rf.66d222fdba3b750a494214db5c512d6e.jpg 201,179,416,276,0 16,209,208,357,1
IMG_20220122_193826_jpg.rf.70f7a579b9d5d3933d698477a8e21ab1.jpg 306,205,413,264,0 27,113,315,321,4
vlcsnap-00190-Copy-2-_jpg.rf.8ac6a7dd89f26abd1fb884f455b41189.jpg 153,231,416,415,0 103,134,157,250,2
truk-listrik-ecanter_jpg.rf.00bc5404fc4dd4bbbbb449cfb07eb9af.jpg 86,30,352,415,2
vlcsnap-00205-Copy-2-_jpg.rf.f0205929ce3e1ff80e2b52b6aebd6540.jpg 145,225,416,416,0 98,150,138,224,0
00000354_jpg.rf.ae412176e3cae611db93966b3fd09362.jpg 54,36,399,386,5
Screenshot-2024-05-14-095610_png.rf.c60997cfc59107caae6cfbef68a21a6f.jpg 38,21,374,375,0
bus-8-_jpg.rf.983fa8a373ae680ad36f83e14ad0373c.jpg 33,35,317,372,3 313,102,353,225,3
ambulance-74-_jpg.rf.00f1df29947f2b8dcd22c099fc4719e4.jpg 33,75,361,341,4
NEPWI5SPT58P_jpg.rf.82cb5c6daa3e825a3561ab26d896e9a1.jpg 6,72,416,397,1
vlcsnap-2022-03-14-15h13m51s232_jpg.rf.5682145d9e80acdf23e72e87c1d4dbf5.jpg 0,248,176,416,0
ZCONON8ZNTBW_jpg.rf.4ea90f32322d21425353b6b85b6d7b53.jpg 141,171,356,351,1
two-wheeler-on-streets_52_jpeg.rf.50c5a8220ce2259cde2ff9780705d3c3.jpg 204,130,403,415,1
vlcsnap-2022-03-15-18h09m04s908_jpg.rf.db06196a8f4f751fc99531c55114addc.jpg 0,171,171,416,2
vlcsnap-00228-Copy-2-_jpg.rf.8795f003eb73b4a59da3787cf3abbec7.jpg 155,232,416,416,0 104,167,165,269,0
00000395_jpg.rf.efafbb5c7fa2eb43ad2863d8bbec5856.jpg 89,119,218,360,5 226,96,305,285,5 0,134,118,416,0
Z62VL5UTMFFT_jpg.rf.a9c66352c09e0cba0e4bbe473ba1f800.jpg 237,183,366,311,1
bus-284_jpg.rf.d3d5567783a3400477a59f6d9862f424.jpg 20,20,397,414,3
bus-283_jpg.rf.423f16643492f79e277a40e005301b5c.jpg 79,109,378,343,3
vlcsnap-2022-03-15-12h56m45s468_jpg.rf.6ba406747f4a72ffeaa4ba455b24c6fd.jpg 0,68,206,416,5
vlcsnap-00219-Copy-2-_jpg.rf.a6a94258439142423e43762306b52f7b.jpg 156,148,415,416,0
013877-1-lg_jpg.rf.164af433acc65b7a2defbfef8bb08a2a.jpg 32,56,286,363,2
210122024_jpg.rf.c9e37ab432642df810b4d383654d28cb.jpg 21,220,405,415,2
two-wheeler-on-streets_58_jpeg.rf.c837fcc1ebab5be7fa8c79596acd0a64.jpg 123,212,148,289,1 208,217,230,296,1 260,219,279,299,1
0000147617-e4eb190337827f8bbbcc9317d_jpg.rf.3ec47f1b08e07c7cf6c0cbab8ad0dfb7.jpg 29,55,395,381,2
a5_jpeg.rf.61437f36a6a015c05832da0e282a3fc2.jpg 85,56,347,365,2
bus-85_jpg.rf.550b83e48da929989162d61da79e347f.jpg 0,99,387,397,3
vlcsnap-2022-03-15-12h39m18s479_jpg.rf.747f4e17c70c1069b8cd3891c146e8da.jpg 0,58,211,415,5
vlcsnap-2022-03-16-15h09m58s083_jpg.rf.14a6b1104bb2a3a35b4c607686813c17.jpg 0,0,209,416,5
ambulance-84-_jpg.rf.e7a8b7e901e79b36b73bcbc3a5927579.jpg 125,133,290,377,4
vlcsnap-00218-Copy-2-_jpg.rf.7298d655720420af2d807f4aad44e43d.jpg 99,0,416,416,3
vlcsnap-2022-03-15-11h40m10s568_jpg.rf.eeb9e5b83b0c1d2ef5333fed6aa7319d.jpg 0,0,225,416,5
1d1d0c52-3fba-400d-a953-866821d5133a_jpeg.rf.67480eb645b0079194e1cc242c247c59.jpg 241,171,327,399,1
The_108_Ambulance_jpg.rf.dcb453b0248df3442f0cb385ac7480fe.jpg 95,43,415,398,4
bus-59_jpg.rf.3a853dd0db7a9032c4b0f2ad2c9206ec.jpg 19,38,394,404,3
03a12fc0-d862-4ae1-a682-f126c005a39f_jpeg.rf.bef7c8db82121c9ee64cb250e279c49f.jpg 197,138,299,350,1
vlcsnap-00212-Copy-2-_jpg.rf.b064c3099889469479d821b4a2ba6ddd.jpg 169,241,416,416,0
00000233_jpg.rf.153e096beee477044566443512411c19.jpg 62,115,344,279,2 326,83,416,210,5
vlcsnap-2022-03-15-18h06m00s235_jpg.rf.b746efe3c6035b917e82ec907a50c15a.jpg 0,122,197,416,2
bus-62_jpg.rf.e9360160b2b7b503ee15fce2ce3c2174.jpg 0,68,395,355,3
018_jpg.rf.ca58f6f69c760e442825817754cc33c3.jpg 37,93,380,326,2
-c7cae33d7d_jpg.rf.0db3432ca787a7a977dd51a8de52115e.jpg 16,83,408,396,2
bus-68_jpg.rf.a940eeea2e62b8bbf0996311a108146b.jpg 80,32,361,383,3
vlcsnap-00227-Copy-2-_jpg.rf.65b7bcc73165eda26efe876161ca00bb.jpg 153,231,416,412,0 97,147,136,230,0
bus-56_jpg.rf.3afa6300b71d831d1193ccbd46ed8adc.jpg 23,67,399,364,3
101_1184_jpg.rf.2d902ee1c2c6d9973b68ec8975b94ee5.jpg 26,113,388,339,2
bus-52_jpg.rf.8c491b48ac98002fe6d51d4410f541eb.jpg 179,56,302,259,3 101,145,159,243,3
bus-84_jpg.rf.8a8dfd963e5f54fc7ba44c8975568d58.jpg 29,41,337,401,3
bus-53_jpg.rf.9959d4de8706546087a1f66cc98b1f45.jpg 26,51,404,388,3
Datacluster-Auto-82-_jpg.rf.26f5a54cb8492d5d0f1265b6312431c2.jpg 136,91,276,228,6
766_jpg.rf.cdef899457967b2f787e00380ad682c4.jpg 126,154,279,392,1
Screenshot-2024-05-30-170029_png.rf.9ca2b04a9e869c78525fad5f61895e51.jpg 57,19,330,379,0 11,4,83,110,5
bus-57_jpg.rf.a78a59ca924f92e861ea03aa4535568e.jpg 13,0,416,360,3
bus-86_jpg.rf.707ec8a941f079be34d231317260fa18.jpg 0,115,225,350,3 203,85,384,342,3
f9ef1a33-CBT_Dharwad_2686_12_2_2022_12_05_57_jpg.rf.e77b48e9c9d017c56df02cb1499fc5cd.jpg 2,153,388,416,1
bus-58_jpg.rf.115fae7a4ea7abe5717f2e9df04e5a47.jpg 0,33,416,400,3
bus-72_jpg.rf.9b5bb29b461b284c259287aa57b7c366.jpg 130,139,335,401,3 232,83,388,283,3 30,103,147,263,3
bus-71_jpg.rf.e20b61b5d8acf2802db33a26a6444e51.jpg 3,32,410,392,3
bus-61_jpg.rf.c5ae9b73ad3b789f6553e3701c95936a.jpg 62,157,408,294,3
bus-60_jpg.rf.6b7354bddd587befa843ace420a77cb9.jpg 133,169,289,330,3
vlcsnap-00215-Copy-2-_jpg.rf.8d1248f0826ca3e6e9509330776644ac.jpg 163,225,416,416,0 98,156,143,236,0 341,233,401,327,1
vlcsnap-00208-Copy-2-_jpg.rf.a43b02de536551bd2e031a93f1a9fcf0.jpg 148,82,416,416,2
fdc151a0-CBT_Dharwad_2926_3_14_2023_13_49_56_jpg.rf.07979b2c9140ade681baabe0f86c6cb2.jpg 56,109,253,285,1
2013-Mitsubishi-Fuso-Canter-7C15-PBU_jpg.rf.392b7c824dfa9a81d624d4e6b9b18ead.jpg 0,0,349,390,2
vlcsnap-00245-Copy-2-_jpg.rf.dd68e4c4820990edf6d6db6428f0c156.jpg 105,55,416,374,5
bus-70_jpg.rf.1f2a55c2eb2eecc3725a3cc66ecb2ad6.jpg 30,0,381,415,3
bus-88_jpg.rf.e66812e762ab6a4825211aaaf60d3712.jpg 6,204,156,387,3 197,123,402,397,3
bus-80_jpg.rf.da23cb6f3bd820f5cfb2fa7ee2668b38.jpg 121,107,336,346,3
bus-76_jpg.rf.16325fa001f44e50bf43d8e1f1d60126.jpg 23,0,383,404,3
vlcsnap-2022-03-15-12h59m13s280_jpg.rf.4e7fbf02ef1d81173a0e7aaf06abfb34.jpg 0,55,207,416,5
vlcsnap-00224-Copy-2-_jpg.rf.02db4d10ac8cbce3fdf9736678b6ca38.jpg 157,186,412,416,0
-f6070acc85_jpg.rf.5137aaff443501cb16d686db59a08446.jpg 58,52,387,397,2
vlcsnap-00244-Copy-2-_jpg.rf.98478b42042df26725cbda5ce6e183bc.jpg 176,167,416,416,0 98,100,133,200,5
vlcsnap-00230-Copy-2-_jpg.rf.115d49195e84ae83b9efa954987f9cdb.jpg 165,230,416,416,0
bus-64_jpg.rf.c84cc3c4f0c7998e9b5ce3b08d411647.jpg 17,45,367,399,3
bus-89_jpg.rf.1ccac04b67d16c1b625f15d4c0a912ac.jpg 9,118,412,368,3
vlcsnap-00223-Copy-2-_jpg.rf.11c51b4053cc68985e762fd16b9e2f59.jpg 148,194,416,416,0
-e38a6febcc_jpg.rf.32803874f504862be6677c1f3c5d4477.jpg 29,17,396,300,2
bus-66_jpg.rf.66ddff7d1fe9d2215ff1b0981afcac95.jpg 298,134,401,349,3 63,96,306,389,3
bus-77_jpg.rf.5f05cf7b480dde48266123de9ed77b92.jpg 31,61,403,386,3
vlcsnap-00229-Copy-2-_jpg.rf.5b946df1473e5a0e9cfc3425d8f44f11.jpg 153,226,416,416,0
vlcsnap-00268-Copy-2-_jpg.rf.17e1613a251b2c14c5c0681920ff0e6b.jpg 159,240,416,416,0 104,150,124,177,0
1131506fuso1780x390_jpg.rf.74d48f4a2b117db440493c4f147db118.jpg 99,53,349,407,2
vlcsnap-00246-Copy-2-_jpg.rf.cec68e1cb4cdca3289b0bdc93f3a7dea.jpg 144,182,415,416,0 95,76,161,219,5
2015-Mitsubishi-Fuso-Canter-7C15-4x2-1_jpg.rf.a772ba09b888fb73a4d54ab66afa6653.jpg 69,56,333,359,2
11546_Sb4733_14_jpg.rf.f4c371d0d8aa358100b6287441d616ad.jpg 36,36,358,346,2
2788_1807600_1_jpg.rf.0b40742bd5daff2521bc08a85adaf413.jpg 52,33,395,360,2
20121009_123807_jpg.rf.351a4aedbfa290f62871819264c2983a.jpg 53,14,352,394,2
vlcsnap-00226-Copy-2-_jpg.rf.978859390594576bbe1af1eb5771b158.jpg 162,231,415,416,0 102,171,157,257,0
vlcsnap-00222-Copy-2-_jpg.rf.2d62b677a529807778922eeeb23d5779.jpg 146,190,415,416,0 95,154,149,244,0
201707170712_fuso-1024x512_jpg.rf.483b2a6c2bffde9402a67f9be217cee4.jpg 98,3,338,407,2
2_57_jpg.rf.8723c23b57c295678fc2d493616125ac.jpg 17,19,399,334,2
59ae4f1e1759ef51024bbe3162d3eac0_jpg.rf.8dcd3f88f88830349e2f31011f912baa.jpg 12,11,292,398,2 255,83,410,291,2
vlcsnap-00231-Copy-2-_jpg.rf.fdd062ec1393165335e25a4fd0cda53b.jpg 99,0,416,416,3
bus-74_jpg.rf.da492153395510806b81aa52784ffd37.jpg 41,98,301,378,3
IMG_5455-1_jpg.rf.acdd345892b5e73088db24d854c62bf4.jpg 22,6,416,416,2
17828_5789ACS01_2_jpg.rf.87fefc0ea4d248e1b46da992bcfb9ba3.jpg 25,61,402,323,2
bus-75_jpg.rf.be5ec56a0b213d8cd6c55df94a8e1adf.jpg 20,35,337,392,3
a4_jpeg.rf.59753714ca7e9c14c37ea41f7f888372.jpg 13,66,376,354,2
IMG_20151014_115833_jpg.rf.d7267f8a464479223fdab96ba1a8e626.jpg 35,78,393,353,2
bus-91_jpg.rf.e25280b9362feffa1b45779609b65c72.jpg 87,143,416,382,3
2014-mitsubishi-fuso-fe160-14-feet-b_jpg.rf.aaa48eb697d9f616aa12bb35b53751e9.jpg 66,0,367,415,2
vlcsnap-00249-Copy-2-_jpg.rf.ee8d47b76d447647eb945f52f783a0b5.jpg 158,245,415,416,0
3_58_jpg.rf.eb8b701d2c945aab132ea1469b63eea5.jpg 5,50,416,363,2
bus-92_jpg.rf.e168ebc53a2361242a1f6968152e7ece.jpg 70,17,307,276,3
bus-81_jpg.rf.9f36ed94c1dce05e5e73630ac8a110fe.jpg 9,117,387,334,3
vlcsnap-00259-Copy-2-_jpg.rf.18819eed788b819d304257f6e79cc53f.jpg 175,239,416,416,0 94,103,165,261,5
vlcsnap-00258-Copy-2-_jpg.rf.5e048206dc7a074a272f62151154ebfe.jpg 173,237,416,416,0 109,175,188,304,0 97,123,128,220,5
3040974006_jpg.rf.8e81322e4e0f7c9a2a24eb3ca70753d9.jpg 84,84,357,337,2
2234_jpg.rf.ee6fab3874b6276c78381ed082bc4ada.jpg 5,83,335,342,2
vlcsnap-00221-Copy-2-_jpg.rf.a36ef7c2f28a66e7d2700b4d8b842e6f.jpg 165,235,416,416,0 104,161,175,275,0
Image_013224_jpg.rf.8e194ba95b0a0f35e97f49a306f64e60.jpg 81,63,320,305,2
20220912_15_1159286_L_jpg.rf.33b13a3e695d04decde958b81e4e0be4.jpg 62,0,364,346,2
vlcsnap-00256-Copy-2-_jpg.rf.e6c560d878d93dc4c37fc854e81d33e4.jpg 101,6,416,416,2
184-07_jpg.rf.d5a244153dbcab84f041adde9031e1b6.jpg 0,52,261,361,2
41728_53604_276708_jpg.rf.6953511d5d0f5e2d831940eeff93dd57.jpg 55,36,368,366,2
vlcsnap-00265-Copy-2-_jpg.rf.a6d845ac26501b3d7b82461e43e55fbb.jpg 164,230,416,416,0 101,157,177,276,0
vlcsnap-00252-Copy-2-_jpg.rf.f0591b688b327af14fb06d3c00f35df8.jpg 166,247,416,416,0 107,165,167,255,0 99,110,135,184,5
vlcsnap-00253-Copy-2-_jpg.rf.bc84db3d729145711b2318f0dd455625.jpg 167,189,416,415,0 100,106,134,209,5
3059_en_43493_17596_fuso_canter_fg4x_jpg.rf.23a8c854c21397878298a6bf0ac46f1e.jpg 28,48,377,390,2
vlcsnap-00257-Copy-2-_jpg.rf.0be7d440bd6ac2d9d738f043ed7c45df.jpg 173,247,416,416,0 104,168,166,264,0
52ae17e56be11283d297b124bdf4c65c_jpg.rf.9f3326b4b361f576a2b1977b46893b79.jpg 35,1,405,384,2
800px-FusoFighter2nd_jpg.rf.3bda3db83229c522d08ce3b6f9672c30.jpg 5,61,392,382,2
65827a_jpg.rf.3d4e23aa415b234a1556fdf4919fb795.jpg 9,53,391,387,2
Image_013221_jpg.rf.58b2b554bb71ed944fdc03eedea49a65.jpg 51,40,360,353,2
bus-90_jpg.rf.ec873c7bb9f5ef0f120c6a42fea95680.jpg 83,33,370,402,3
7003032861_jpg.rf.fa991f38fbb452aa10a67159c2cddfd9.jpg 76,125,393,350,2 297,109,398,224,2
vlcsnap-00250-Copy-2-_jpg.rf.028b6cfd3011389c6d32081b5347e19a.jpg 160,218,416,416,0 104,161,151,245,0
1992-Mitsubishi-FUSO-Fighter-private_jpg.rf.7883e09e09d576fd63968e6e7db0813c.jpg 13,3,410,416,2
IMG_20220211_093736_jpg.rf.5555b9bac06626186621e551da1be118.jpg 2,58,338,189,4
1997_mitsubishi_fuso_cab_over_box_tr-1_jpg.rf.b5518c9d8ca53401f411573ac30717e1.jpg 0,2,406,415,2
3173ec56-a792-47ff-9b18-79fc37729b95_jpg.rf.a642c0a55cb4440de0f4a02021373951.jpg 42,50,394,379,2
Image_013220_jpg.rf.21d5903956aa019ec88b412d2e8c3ac5.jpg 51,48,359,339,2
vlcsnap-00248-Copy-2-_jpg.rf.7d05580420e68d0c0526bcec1be61220.jpg 162,222,416,416,0
vlcsnap-00267-Copy-2-_jpg.rf.a29bb674ccbcc96bb217743480536925.jpg 162,231,416,416,0 100,165,151,259,0
bus-78_jpg.rf.4dc9bccdf805af86a90c8342b881663a.jpg 24,150,405,297,3
Image_013215_jpg.rf.9d79783d8c5d662fa044f9f25760ccb8.jpg 52,0,362,353,2
vlcsnap-00275-Copy-2-_jpg.rf.7b13d555910fa2c246baaa63f4c0bec0.jpg 159,222,416,416,0
Image_013226_jpg.rf.e38f97d08caf3e76640359c358cb91a3.jpg 36,0,354,308,2
Cutting-Sticker-Truk-Canter-Kuning-K_jpg.rf.459119a2592cbf79a56bfd6f8162f152.jpg 0,25,404,389,2
vlcsnap-00274-Copy-2-_jpg.rf.7bb48eb99f6cb846b5062dd1c7002a77.jpg 165,254,416,416,0 95,161,168,271,0
vlcsnap-00266-Copy-2-_jpg.rf.43e902e4339fb94a6962887d71255bd4.jpg 147,219,416,416,0 108,175,172,280,0
IMG_20190204_162414_jpg.rf.8f104fd23b739893cc25d5f0b194b2ad.jpg 0,116,376,326,2
Beverage-Trucks-Mitsubishi-Fuso-FG-1_jpg.rf.d8f80823fc757dff0ca5b990d4e6d859.jpg 75,25,352,394,2
vlcsnap-00262-Copy-2-_jpg.rf.c6bdbf9d2e3a9f91c994a74813b056cd.jpg 157,225,416,416,0 100,150,123,179,0
IMG_5455-2_jpg.rf.ef9358b105172d0a5a8ee2685aaebd32.jpg 17,8,415,415,2
36484_48363_248254_jpg.rf.fe1cb63aab25704b11f4c7967132b61f.jpg 49,18,368,396,2
vlcsnap-00260-Copy-2-_jpg.rf.67699371ef0e0da37a1f407f720027b3.jpg 127,108,415,416,2
5a1e37db78f66_jpg.rf.1b952e0faef82b251cfee4e725cb6040.jpg 52,8,371,396,2
bus-65_jpg.rf.0a8bbe2f32244a2fa4f54ad1aac2e204.jpg 20,28,381,379,3
vlcsnap-00251-Copy-2-_jpg.rf.e0aed9180471cd1e7cab6d10b358c648.jpg 169,244,416,416,0
vlcsnap-00269-Copy-2-_jpg.rf.06d009af102d16d06367e28b2f16d60b.jpg 155,184,416,416,0 94,136,154,251,0
1365-_jpg.rf.268f915b26406b96a747a7076a787bf8.jpg 18,109,391,332,2
vlcsnap-00299-Copy-2-_jpg.rf.57eb9f459978f4f4020c7b50d49f0c94.jpg 108,51,416,416,5
IMG_5456_jpg.rf.9c3e6e9981cbffe2a943c7a8fae310d7.jpg 42,0,415,404,2
vlcsnap-00234-Copy-2-_jpg.rf.23b429d90ab9677e0e131f9a7db4edc7.jpg 157,233,402,413,0
vlcsnap-00254-Copy-2-_jpg.rf.7805e47e99c5c598e0ef10f964c97cb5.jpg 113,11,416,416,5
1986-Mitsubishi-FM_34050076-l_jpg.rf.04e88036744dcf2870542052cf08b1bd.jpg 64,68,402,311,2
vlcsnap-00278-Copy-2-_jpg.rf.458cd4545ec791c8e62e88a3750c6296.jpg 171,235,416,416,0 107,173,182,297,0
Cutting-Sticker-Truk-Canter-Variasi-1_jpg.rf.dc894fd2f3dfbf91cfc318a2f180351f.jpg 0,58,410,375,2
1992-Mitsubishi-Great-10-Wheeler-Dum-4_jpg.rf.664305f581f623db574a6a3e18812eb9.jpg 10,42,369,376,2
Image_013232_jpg.rf.de6289b1656868deb792fce963c1c372.jpg 57,0,348,330,2
vlcsnap-00290-Copy-2-_jpg.rf.dc64e6064a7da008d8941d0ea55a004f.jpg 151,194,416,416,0
5f630068e794c-jpg_jpg.rf.166f1dadeee48c86ec42c886bca4d9cb.jpg 14,49,338,409,2
vlcsnap-00263-Copy-2-_jpg.rf.3b982c14404182a514589a3b6108c8cf.jpg 154,230,416,416,0
vlcsnap-00276-Copy-2-_jpg.rf.23f6b89a7fed57dc4bccf5744fff4ad4.jpg 164,231,416,416,0
vlcsnap-00281-Copy-2-_jpg.rf.691f2fe48d9c894968183c9175ba21d4.jpg 106,67,416,416,2
DSC_0209-1050x591_jpg.rf.24e963370bac3e02771fd6958d937ea5.jpg 43,40,263,329,2
vlcsnap-00255-Copy-2-_jpg.rf.352ad54f5b30fd10a15f61710bf966fe.jpg 194,252,415,416,0 95,69,179,245,5
vlcsnap-00286-Copy-2-_jpg.rf.21a14b07ad4f1e4cd6f63c87d2622e2a.jpg 154,144,416,415,0
vlcsnap-00295-Copy-2-_jpg.rf.0c3012e4dc30e76cfa2239a3b7adb5eb.jpg 98,0,416,416,3
vlcsnap-00301-Copy-2-_jpg.rf.df5d45ab50433a0d5be826197861dce5.jpg 100,0,416,416,3
vlcsnap-00272-Copy-2-_jpg.rf.7bed63751798c2f739957a8d840ff076.jpg 166,245,416,416,0 99,158,160,246,0 200,177,233,232,1
Image_013208_jpg.rf.5b186b364f8b1e7336a82325e4eea3e3.jpg 42,7,361,352,2
vlcsnap-00289-Copy-2-_jpg.rf.53d226281100ed9c9a08da6b95be033a.jpg 160,178,416,416,0
Image_013207_jpg.rf.0443eb21e798aa6a78ba7363b14d82fa.jpg 35,48,366,365,2
vlcsnap-00261-Copy-2-_jpg.rf.94a9d8820d3129fcafeff04c31e19d7f.jpg 158,222,416,416,0 107,144,128,176,0
image-4-_jpeg.rf.6e158398272c67197daa922a70b316b9.jpg 214,132,406,361,0 8,134,210,368,0
Image_013254_jpg.rf.bad7b47748a741d6db70c91502843d39.jpg 68,72,337,327,2
vlcsnap-00280-Copy-2-_jpg.rf.c860a76c0ef6c743af2194c4d15a5c99.jpg 155,182,415,416,0
Image_013203_jpg.rf.1a589fcea45e1675b0e6a401d2d8dcf6.jpg 28,35,349,371,2
vlcsnap-00287-Copy-2-_jpg.rf.8d4a5d0cf9169908e6c1361e4a89fe21.jpg 114,75,416,416,2
vlcsnap-00270-Copy-2-_jpg.rf.5254e2db89459c4605bf32143f1008a6.jpg 146,144,416,416,0 106,161,154,279,0
IMG_20220211_093738_jpg.rf.2b34ee7e7cda2c6aa92f940e662f0990.jpg 104,139,276,216,4 56,173,108,200,1
vlcsnap-00293-Copy-2-_jpg.rf.37f6f7ac7f81fb5dba8c5a39b2b0b611.jpg 164,225,416,416,0
vlcsnap-00285-Copy-2-_jpg.rf.86ef5c843983d3ef7f2463d739877628.jpg 162,157,416,416,2
vlcsnap-00273-Copy-2-_jpg.rf.66c98a794ab4f0e70da84f8e1679fb7b.jpg 156,224,416,412,0
vlcsnap-00291-Copy-2-_jpg.rf.0aa059aadedb23f763648f2d436ecf54.jpg 145,193,416,416,0
Image_013230_jpg.rf.3711f19ed12aff54a8e3d4cee583f895.jpg 47,52,357,356,2
0caea1a1-2ea7-458e-80ac-fa86abb2f18b_jpeg.rf.b8e3cd5bfa65a01f0a4f50236663311e.jpg 159,0,353,319,0
vlcsnap-00292-Copy-2-_jpg.rf.5db9ccedd908b42f8dbd1a437a2cb82e.jpg 164,212,415,416,0 97,162,153,252,0
bus-140_jpg.rf.72bd6ba8fc125bb6d2ea6da55a6fda9c.jpg 79,44,337,392,3
vlcsnap-00296-Copy-2-_jpg.rf.fe6bddeae7a85eaad596c1feeb3de66d.jpg 154,237,416,416,0
IMG_5457_jpg.rf.d0b90262d0e08c4be9a818ed1f8549e4.jpg 0,0,413,413,2
vlcsnap-00284-Copy-2-_jpg.rf.deb5f8ec72ea0402301205f0cb342142.jpg 147,223,416,416,0 98,140,132,225,2
vlcsnap-00271-Copy-2-_jpg.rf.aeb5706b151d0fb8b99ea7a5b3cd6a4d.jpg 164,203,416,416,0
bus-39-_jpg.rf.0220046ec333926d5e24c10ecce5d726.jpg 7,20,199,403,3 229,12,416,416,3
vlcsnap-2022-03-14-00h41m06s561_jpg.rf.320f66f769f0ca3094274a4a40fcd3b8.jpg 0,0,215,416,5
vlcsnap-00282-Copy-2-_jpg.rf.934a1567c5aeaf4cf247c04a22f41e57.jpg 153,252,416,416,0
Ambulance-services_png.rf.a0e9726c57297b64b28e5796012fc501.jpg 32,133,275,397,4
0cae976a-e50f-4d14-ab5f-2d9bb2329f7e_jpeg.rf.e63f0dff9f64f8710e69bed0ce9470b5.jpg 115,17,310,359,0
2-wheeler-driving-on-streets_52_jpeg.rf.de466878b9a15cfacf4ab067b2ac0e86.jpg 121,134,257,347,1
6b01bfa9-9974-412d-adfc-006c016c5b96_jpeg.rf.cf00ef831d925949d59ca75b591e1405.jpg 69,0,321,304,3
vlcsnap-2022-03-13-20h49m36s256_jpg.rf.360b261d41a0083db612005e62a0d525.jpg 0,255,163,416,0
bicycle-190-_jpg.rf.a9220c4f5c2f80ce97c1e8f8da0687ac.jpg 97,0,297,416,1
bicycle-191-_jpg.rf.2c90ea76afb867f59a7822d53c3ee293.jpg 0,25,410,406,1
0cb4e745-6777-4cb0-b894-90211379d263_jpeg.rf.196de4d84bc5a5dc620d01f886d36231.jpg 35,1,262,338,2
vlcsnap-00283-Copy-2-_jpg.rf.bd8cb49c5cb13059f4a4eb004e3ac911.jpg 160,197,416,416,0 102,167,166,294,0
DSC_0209_jpg.rf.5918fbf8f0d9d1406b9252b1461864b3.jpg 41,42,259,332,2
2-wheeler-driving-on-streets_51_jpeg.rf.5ac4cb51102f739741bab04c96bf69b3.jpg 27,200,172,416,1 158,183,262,414,1
vlcsnap-2022-03-13-20h47m38s325_jpg.rf.4fe01e4f076cf9a87b59e22ab9294ba4.jpg 0,244,167,416,0
vlcsnap-00297-Copy-2-_jpg.rf.758d734a9cad0cb6a455e84455bd2aee.jpg 167,234,416,416,0
vlcsnap-00277-Copy-2-_jpg.rf.6d99b1676be0c4f37b8a0854d421efaa.jpg 146,179,416,416,0
00000040-2-_jpg.rf.17cfb20e1c50ddad2f84119d767d7755.jpg 143,166,362,361,5
vlcsnap-00298-Copy-2-_jpg.rf.57d78c81ca5829947359bb042a28278d.jpg 151,186,416,416,0
vlcsnap-00432-Copy-2-_jpg.rf.037309f0b4d97a35ec206acae46d4b88.jpg 153,227,416,416,0
vlcsnap-2022-03-14-15h35m15s742_jpg.rf.34e5dacdd729431f11eccbafe63d5901.jpg 0,2,205,416,5
Image_013240_jpg.rf.e2bfda19f258b143e6eb865375eea10b.jpg 26,0,332,338,2
images-41-_jpg.rf.cf0338b35a0fdf9568be0b1fe04d001c.jpg 32,50,400,360,4
0cd298a7-84de-4fda-91f6-08266d1c4ee1_jpeg.rf.5cabcadbd770ac26e3792bfde366d6e8.jpg 115,69,267,351,0
bicycle-193-_jpg.rf.ebe8d2e20d450dbd7fe8392636895195.jpg 100,24,297,416,1
999589157_7_jpg.rf.bdffb96668d16525b8c10ad312f29687.jpg 0,59,409,358,2
vlcsnap-2022-03-14-15h02m17s149_jpg.rf.00c410b1e449fb528243716a5caa569f.jpg 0,0,202,416,5
vlcsnap-00279-Copy-2-_jpg.rf.5c9c2f48db1cc4aa8074f2fe0deaead6.jpg 179,223,416,416,0
ambulance-13-_jpeg.rf.509fc868cde81b461eba3eeecdebc293.jpg 9,15,354,401,4
vlcsnap-00439-Copy-2-_jpg.rf.3ea24ee9b67d9b1cf5bd7ea3c95395d6.jpg 138,73,416,416,2 95,95,143,228,5
00000040_jpg.rf.2c5951afc7294d1975bd062d49edee47.jpg 0,0,252,385,5
0ccb63e9-0a16-496d-9e7f-6ac4883cf075_jpeg.rf.58930753351597e754b934841bc6b8d3.jpg 103,0,281,368,0
15_jpg.rf.7e5ae37471451b78c2c1e9cf2658da58.jpg 111,138,272,361,0
6_jpeg.rf.e788c086797269cdcf74078ea31c942e.jpg 56,27,405,390,2
Screenshot-2024-05-30-124229_png.rf.d163b70a352c35ba54758188e7f2882e.jpg 32,4,416,337,2
IMG_9424_C-1024x1024_jpg.rf.62978062b004d8041f7f52100a66495c.jpg 39,27,416,363,5
0cbdb430-11fd-49e8-ae15-d8973b740c04_jpeg.rf.3b35908666333e8b638001539668f3f2.jpg 105,13,268,328,0
vlcsnap-00440-Copy-2-_jpg.rf.500413aa09d8ca78ccdf28f17cb0ee65.jpg 97,0,416,416,3
bicycle-194-_jpg.rf.97818cdd7fcedaa37bb825b80a2984e2.jpg 1,10,416,387,1
vlcsnap-00437-Copy-2-_jpg.rf.086731c7391ec954b5b5c69937843866.jpg 103,0,416,416,3
Image_013253_jpg.rf.5dd54e3075a4949a5055243664ff5e5c.jpg 43,0,367,352,2
vlcsnap-00430-Copy-2-_jpg.rf.c08a874706bc7911f9c095683b4b2634.jpg 109,53,416,416,5
2008-mitsubishi-fuso-wrecker-tow-tru_jpg.rf.41ecc1b909510e5057a4fed600c708d1.jpg 40,30,384,389,2
ambulance-14-_jpeg.rf.6a8c0da4874caf410e8be6391ff3ae96.jpg 22,0,368,416,4
2012-mitsubishi-fuso-fe160-16ft-dump-1_jpg.rf.501b222b3794aea3f5db5fa99ecfa677.jpg 47,38,376,366,2
vlcsnap-00433-Copy-2-_jpg.rf.3c25307454a01d8616732dd8750d1f24.jpg 189,214,416,414,0
vlcsnap-00027-Copy-2-_jpg.rf.6a96f59c0b1b7f5c6216bf3f3269719c.jpg 151,170,416,416,0
vlcsnap-00438-Copy-2-_jpg.rf.1d3a1b25b7bd4ff3406484c8dca2f5f0.jpg 133,226,416,416,0
vlcsnap-00575-Copy-2-_jpg.rf.bc2b564384729bbfc4a47f2f2f5b17af.jpg 156,230,416,416,0 95,148,160,256,0
vlcsnap-2022-03-14-00h43m31s060_jpg.rf.afe90c62949a2b327ddb67b3e1724a9f.jpg 0,55,208,415,5
5e40a9a28748f_jpg.rf.90d3f409102a328e6c13ec7dd9b04fab.jpg 7,73,416,356,5
vlcsnap-00435-Copy-2-_jpg.rf.142c3d90483200e90125c1fd13acffab.jpg 166,244,416,416,0 226,191,265,236,1 107,173,182,286,0
vlcsnap-2022-03-14-12h09m15s876_jpg.rf.d680323ca992eefafc8d4b954dafb917.jpg 0,0,217,416,5
bus-49-_jpg.rf.31d54eda905d18efa43cd5bfcb23b7a1.jpg 42,97,377,393,3
bus-39-_jpg.rf.87fd9a58a82aa6f9e10831b1c7931a84.jpg 7,20,199,403,3 229,12,416,416,3
vlcsnap-00577-Copy-2-_jpg.rf.5aa724a049abd85ff1a6fc7d33f3ece4.jpg 133,68,414,384,2
bicycle-192-_jpg.rf.2eac11fadab9b1f6a5154ece9a35057a.jpg 35,85,385,367,1
vlcsnap-00568-Copy-2-_jpg.rf.f8ab1a7378cb42a49c60b62acd5ec181.jpg 163,208,416,416,0
vlcsnap-00426-Copy-2-_jpg.rf.7dad90aa62030b1b9070c70e91be3db7.jpg 163,219,416,416,0 97,119,120,205,2
image-6-_jpeg.rf.6036f2fdab3e48657bfd15a4d7ce02e6.jpg 4,66,399,308,0
vlcsnap-2022-03-14-09h13m59s853_jpg.rf.c3a00a13630769dd79112993dcbbb540.jpg 0,116,188,416,2
vlcsnap-00429-Copy-2-_jpg.rf.083a34d626b5185e74e200cc5b1d0083.jpg 96,0,416,416,3
16_jpg.rf.e971bbfd6b82b02917818dc927787d0d.jpg 28,44,362,341,0
vlcsnap-00428-Copy-2-_jpg.rf.4e903f62f94a8c084e7c6df3e0d9053d.jpg 170,218,416,416,0
vlcsnap-00570-Copy-2-_jpg.rf.cb5055c71bde573ecbd50bba8d899969.jpg 110,104,416,416,2
0d10011d-2faf-45e5-8c8e-0564098b30a3_jpeg.rf.dfbecac56e72323204e2f8f362482a23.jpg 105,28,270,333,0
vlcsnap-00436-Copy-2-_jpg.rf.eca2d1f5cac818ed34b7e6bfb09039db.jpg 182,239,416,416,0
vlcsnap-2022-03-14-00h47m44s281_jpg.rf.ff3b19769a367b6052538df9d171ca33.jpg 0,71,206,416,5
2-wheeler-driving-on-streets_54_jpeg.rf.95a5ec074b08ffd3b84208289157279d.jpg 57,151,206,304,1
vlcsnap-00427-Copy-2-_jpg.rf.5b903bf9a3c0df33f8e6d0a169869f87.jpg 138,1,416,416,2
ambulance-207-_jpg.rf.99930483031ed6b7d1b76423bae238f6.jpg 72,30,346,357,4
vlcsnap-00431-Copy-2-_jpg.rf.ad39ec0e2c769b50fb34c5d9923d70ac.jpg 143,240,416,416,0
vlcsnap-00583-Copy-2-_jpg.rf.cdfecef3371e704c445b9adc147cd349.jpg 168,239,416,416,0 97,100,193,245,3
0cc3b133-df63-4563-a1e4-5d6688ceca46_jpeg.rf.0993da7af0b62d924d8f56ac1e8ed7cc.jpg 136,1,319,323,0
vlcsnap-00584-Copy-2-_jpg.rf.23924b8890c1c442fb7c5976095182d3.jpg 97,0,416,416,3
vlcsnap-00569-Copy-2-_jpg.rf.f59ab0e323b507cc7fd5780a04fce95a.jpg 173,242,416,416,0 99,96,169,254,5
vlcsnap-2022-03-15-16h32m57s426_jpg.rf.af2e89b82399f81ef71fcc4f8992394a.jpg 0,97,210,416,3
0cdfe0e8-0bf2-49b8-b466-cd9c43229150_jpeg.rf.14cdfabba517f1c68c2d2c1c6068429d.jpg 85,35,251,349,0
vlcsnap-00573-Copy-2-_jpg.rf.5928572dab8e6c6d41e020c4000f2630.jpg 102,43,416,416,5
0d18f4f6-7bfb-41d4-87a9-51bbc56a414d_jpeg.rf.831167bdffa21e893f0873801d83e91f.jpg 112,30,294,383,0
vlcsnap-00590-Copy-2-_jpg.rf.63b57d5e541371575a9569847181611d.jpg 163,222,416,415,0
vlcsnap-00574-Copy-2-_jpg.rf.2bd1b9b4bd72aa3aa4c6c8f6f4d6058a.jpg 171,214,416,416,0
vlcsnap-00578-Copy-2-_jpg.rf.71edb7a7aca4ab319d73161b7adb6e4e.jpg 165,192,416,416,0
vlcsnap-00582-Copy-2-_jpg.rf.69df85c6598f6037b5c77e740bd95698.jpg 152,240,416,416,0 101,165,157,265,0 99,115,142,176,3
vlcsnap-00556-Copy-2-_jpg.rf.3444c7369c0ec00a35a4724d93697f85.jpg 142,181,416,416,0 104,147,156,261,0
a63_jpg.rf.a42545bf394c4b9b0a67577242f865cf.jpg 91,81,345,300,0
vlcsnap-00539-Copy-2-_jpg.rf.b2fefe9ba8e977d68d451da542df6058.jpg 126,130,416,416,2
00000044-2-_jpg.rf.67de06cafe3b3bb1b862639b6ab0d986.jpg 9,138,413,409,5
vlcsnap-00588-Copy-2-_jpg.rf.ef8a0e244efc4c9695d12da8aff41ebd.jpg 128,96,416,416,2
0ccbd7bf-56e7-4abc-b3da-870b5e5f4c31_jpeg.rf.2504cc80a95dc223363c0e0f4a4988a8.jpg 33,1,212,342,0
vlcsnap-00540-Copy-2-_jpg.rf.00cdd776adffedd780f685401992c5e6.jpg 134,164,416,416,2
vlcsnap-00544-Copy-2-_jpg.rf.b253a5b9f3afef28a646499793753bdd.jpg 156,207,416,416,0
vlcsnap-00579-Copy-2-_jpg.rf.bba4ee378b2d58104d76db11c972b842.jpg 146,190,416,416,0
images-55-_jpg.rf.78d179feac4939a5b96a155f9255d8a1.jpg 21,14,345,412,4
vlcsnap-00553-Copy-2-_jpg.rf.b1db295996c0145f920c677cb6537674.jpg 150,251,416,416,0 98,169,146,243,0
vlcsnap-00551-Copy-2-_jpg.rf.23e5947e2d202d27d8692f637a80f170.jpg 154,218,414,416,0
vlcsnap-00557-Copy-2-_jpg.rf.571593514466cc79f97c8cb13b38aa04.jpg 154,181,416,415,0 97,166,158,265,0
vlcsnap-00554-Copy-2-_jpg.rf.18a0a707bcbb106bd597e052d2c89d5a.jpg 166,240,416,416,0
vlcsnap-00545-Copy-2-_jpg.rf.5da9fa1dec49bbcc3522140171e447d8.jpg 164,230,416,416,0
vlcsnap-00571-Copy-2-_jpg.rf.d4a5c9653fbd100ee0ac192e64e3882e.jpg 171,253,416,416,0 97,53,188,264,5
vlcsnap-00541-Copy-2-_jpg.rf.eb5af8859fec3177cb180704f201e69a.jpg 162,232,416,416,0
vlcsnap-00576-Copy-2-_jpg.rf.bb5f27406234452289f05855228a493d.jpg 136,184,416,416,0 94,111,150,233,2
258a6fdb-1623-4b5f-9f4b-3fd8021c7a6d_jpeg.rf.1e86d99c6eb3d7e3b739b3c31f22d0d5.jpg 87,3,337,362,3
vlcsnap-00552-Copy-2-_jpg.rf.c51b478c65a102a95f03d98ad72820fa.jpg 133,168,415,416,0
vlcsnap-00548-Copy-2-_jpg.rf.34850b8f21aa6e9b5ed687e0d2521110.jpg 132,142,416,416,2
vlcsnap-00592-Copy-2-_jpg.rf.cf4c6f69e1ac5da8f88e8488907c523c.jpg 150,177,416,416,0 101,167,152,254,0
vlcsnap-00585-Copy-2-_jpg.rf.f1ba81f11e54772fd0452443f4a5175a.jpg 144,201,415,416,0
vlcsnap-00591-Copy-2-_jpg.rf.cb7dac574c04255b54ed044318cba8fe.jpg 164,234,415,416,0
0dcf458f-9208-454e-ab09-3ad02b3fba90_jpeg.rf.7e2bd85313d50d0319ecaf8e8fc08d65.jpg 122,107,286,416,0
ambulance-147-_jpg.rf.24135d06bd3a63326439c82b917173c5.jpg 178,33,416,416,4 92,20,234,310,4 32,20,154,253,4
2012-mitsubishi-fuso-fe160-16ft-dump-2_jpg.rf.82eb75dfd3910ee3ca3f2ba584f52c26.jpg 48,163,382,362,2
vlcsnap-00543-Copy-2-_jpg.rf.6c8f07f6c039c92efc74550c2e016717.jpg 148,182,416,416,0
vlcsnap-00558-Copy-2-_jpg.rf.0c7fb48a53ac35c8f5b1df51a3b74f2b.jpg 151,226,416,416,0
vlcsnap-00547-Copy-2-_jpg.rf.185c0753dde210a070c771072fe489b8.jpg 155,212,416,415,0
vlcsnap-00567-Copy-2-_jpg.rf.d23c5af20cd21257da018c954c1871b5.jpg 99,0,416,416,3
vlcsnap-00560-Copy-2-_jpg.rf.2b7cab65389cc7c8958d640cadd3e0e9.jpg 111,49,416,382,5
vlcsnap-00564-Copy-2-_jpg.rf.e686b8d8ffab5d85c2ab296ca133c86c.jpg 123,31,415,416,2
ambulance-15-_jpg.rf.cc5eb3f9f5b3e918240f455bee78daac.jpg 3,34,399,385,4
a96_jpg.rf.f5d2bc2612d0de8959714e9b2fcd2a61.jpg 111,86,260,330,0
0e07f1b6-1fd7-4dee-935c-70a88c4bae9c_jpeg.rf.2aadca41ff4a6ccf448976092defde1b.jpg 86,7,284,413,2
vlcsnap-00565-Copy-2-_jpg.rf.693fb754c3bb58769eb54852d84878a2.jpg 101,43,416,416,5
vlcsnap-00555-Copy-2-_jpg.rf.5ec2d1998357dd3d5e1b2447d9685ce5.jpg 97,0,416,416,5
vlcsnap-00563-Copy-2-_jpg.rf.ece2fb469722e66a1e30be43121c1b04.jpg 165,241,416,416,0
0e12e0d5-1e6f-47b2-bd13-fbbc6bf18c5d_jpeg.rf.12683b62b8d85f871a5549897db1aaea.jpg 106,3,300,348,0
bus-85-_jpg.rf.b5775c1d129b6ae32b5b1a745a4caa73.jpg 30,207,136,321,3 159,201,221,293,3 219,181,356,321,3 356,139,416,341,3
bicycle-216-_jpg.rf.2add2fcdd1ee33f67b08a4b8f6203a02.jpg 66,0,416,416,1
vlcsnap-2022-03-14-09h43m53s542_jpg.rf.4fce3c3415ed66d2afcb51b2fb0a60e9.jpg 0,128,187,415,2
vlcsnap-2022-03-15-14h03m19s977_jpg.rf.d7656436eb5988a9146be97c54085fdf.jpg 0,89,209,416,3
5e3da09b-efd4-4624-9fac-ec2920984b36_jpeg.rf.7b68819a1af3beca45f066541fca40f8.jpg 57,0,356,358,3
vlcsnap-00561-Copy-2-_jpg.rf.b5e487b40365c19f131f8a00682830c6.jpg 148,232,416,415,0
OIP-MDlK4fShopaW6-iSyVQByAAAAA_jpg.rf.a4f667c1f01467c8bc1b32b30171173e.jpg 134,100,397,388,5
bicycle-207-_jpg.rf.909c47142c0b59af2e3158344dd20ba7.jpg 9,4,402,388,1
vlcsnap-00559-Copy-2-_jpg.rf.43ae12e35910d5267252df4708039d94.jpg 141,125,416,416,2
bus-148_jpg.rf.9876cf4b796c86db9bf0c458d4a84a04.jpg 24,69,334,403,3
vlcsnap-00036-Copy-2-_jpg.rf.bbf80b9415a70ea01c4a938804b433a8.jpg 99,0,416,416,3
a58_jpg.rf.491410a80dc1d87b01321020f1f94e6d.jpg 110,0,416,342,0
image01637_jpg.rf.51608b377257093d9e00f8dc432721fe.jpg 18,24,415,416,2
vlcsnap-00587-Copy-2-_jpg.rf.c1b40de753e2aef40a4e2537a55b0557.jpg 164,239,416,416,0 103,112,201,305,2
201_jpg.rf.465b6fa5a7816e6b76da1b8191e12d72.jpg 193,77,319,376,1
20220912_15_1159286_L_jpg.rf.5b6208406cadfc432a4090d7969f4c6a.jpg 62,0,364,347,2
148_jpg.rf.311043f4a8d940a4e65e35abbc25513d.jpg 102,111,265,416,1
0de269ff-c758-4c60-9ebe-9a9092b25590_jpeg.rf.0f8dd3b89ffc440c90c458c2f413ff10.jpg 180,24,329,293,0
vlcsnap-00550-Copy-2-_jpg.rf.fc9b561953ea0b1dcaeb3bf15b89863b.jpg 158,209,416,416,0 107,171,164,264,0
images-53-_jpg.rf.8364da739fb1fa2fb23b11d96ebf4d7a.jpg 95,14,262,381,4
Screenshot-2024-05-30-124915_png.rf.a5d43ddc76a1a11aa1f9b203b1de1dc4.jpg 4,0,216,206,5
vlcsnap-00549-Copy-2-_jpg.rf.33562ad8dbd6ef88e1fad3e8dcde1802.jpg 145,208,404,404,0
2021-fuso-fe180-steel-dumptruck-west_jpg.rf.04e81eabe6c94f30cc3c9f9d65523a87.jpg 41,77,373,329,2
0e4e2b22-c810-4541-9e46-ff91bb9cbb7e_jpeg.rf.ed6719be141d96286b1b37075d82701d.jpg 67,1,239,344,2
bus-62-_jpg.rf.a6dd9b75ca1ccce990bb4906d609b970.jpg 24,44,383,411,3
vlcsnap-2022-03-14-08h28m53s394_jpg.rf.14711962ec83442c19f8d8ed5af75c81.jpg 0,0,206,416,5
0d6ccbec-1045-4bcb-9249-0d1703cae01a_jpeg.rf.2cbacf47dc1f6234bfe5724ba46302e1.jpg 91,34,267,359,0
vlcsnap-2022-03-14-09h35m03s299_jpg.rf.e894f4d8d509a3afa03d40997fe7535c.jpg 0,78,203,416,2
bicycle-215-_jpg.rf.9336917c6a5928dd7d14a68e6979b5ed.jpg 14,19,409,376,1
vlcsnap-2022-03-14-16h17m03s808_jpg.rf.9b9db014fb8b1a57930b0a98381dfd1d.jpg 0,0,210,416,5
bus-62-_jpg.rf.deefd0ebcd4539326a95daedf4c79fff.jpg 24,44,383,411,3
0de2a7c8-0d8d-4927-a6bf-f9c31a0884e5_jpeg.rf.99bb6f26e517ed8747d3c4d02e1c6c7d.jpg 68,21,209,327,0
Screenshot-2024-05-06-115444_png.rf.f0e6e8dafda6b014541d6b2b316f9150.jpg 13,7,377,378,0
0debf5b2-4b35-4b0c-980a-ca92eb50fcf1_jpeg.rf.8a9c85c68a53717f689367b8bec76c9e.jpg 133,53,289,359,0
25994-colt-fe-jual-truk-engkel-fe-71_jpg.rf.436b97cd8c0755f127de498ac89e92fa.jpg 36,37,350,366,2
00000052-2-_jpg.rf.03e8c39aa8c83d01127455897799f583.jpg 76,41,317,352,5
IMG_20240130_211228_jpg.rf.f0c669570d9f8ba2b5e9dc95e1bdafcf.jpg 26,233,383,383,4
b30_jpg.rf.9e0ce09560c4d4e90f6477ec58197a8b.jpg 129,39,312,387,0
vlcsnap-2022-03-14-14h11m41s521_jpg.rf.ef0225c768874490e6a7d3c6998d5c95.jpg 0,0,211,416,5
0e517ebe-fb48-487b-97e6-9d0070bdca5c_jpeg.rf.e0e3274b149c1d293adda9c333d93017.jpg 106,55,259,355,0
IMG-20240212-WA0269_jpg.rf.fbff854e05312949e42f81cdbcfa3365.jpg 13,36,377,404,0
vlcsnap-2022-03-14-18h09m09s036_jpg.rf.7a1f974b451a39510382315628a7a430.jpg 0,1,201,416,5
5bd1afbd-d0a7-4643-b13a-973e32a1050c_jpeg.rf.7497abeff969477d392ac0b14e635be4.jpg 20,3,283,324,3
IMG-20240127-WA0134_jpg.rf.1da747d7e7f60d5ccf2513c1fad9378b.jpg 151,133,416,307,3
b15_jpg.rf.d77f570b4106fe224a478ac343fd72d2.jpg 27,57,374,320,0
1f6890ac-a12a-43ec-9ec2-0b91a6d9f3fe_jpeg.rf.682ab419d9ca18f3a9fe9af33b710a7f.jpg 187,126,275,344,1
images-57-_jpg.rf.973ecc3a8d854786e88420247f5a8d4f.jpg 58,103,382,330,4
6aa44a76-f1ca-45fc-9489-b1a427224ed0_jpg.rf.c014cb96defa11a00a11e0dab9aaabfb.jpg 12,15,402,396,5
bicycle-223-_jpg.rf.3643f04a5785c421956f0ad4558ad455.jpg 21,4,377,373,1
Ambulance4_jpg.rf.e93597b9c130fa036551538cc0fe5124.jpg 90,10,328,393,4
b28_jpg.rf.6168fc6419c5e46273f3a25c7aee473f.jpg 91,0,308,392,0
IMG-20240212-WA0270_jpg.rf.6ddf3c4da5daaa6e7c1d3571dd062e88.jpg 129,118,290,398,0
5daa0396-3a70-4eec-8dfb-0ef5d4097f36_jpeg.rf.610cba631f8ca8f3b154ea6b896e137d.jpg 207,118,301,342,1
00000052_jpg.rf.50331d4460a9037ad4e045183198cf0f.jpg 99,45,315,385,5
vlcsnap-2022-03-14-08h41m42s463_jpg.rf.3378770e926a4bf3d23d0dd47791b947.jpg 0,2,214,416,5
image-8-_jpeg.rf.0156df92184f47426863c7634d8ac20b.jpg 37,43,416,416,0
vlcsnap-2022-03-13-21h19m45s577_jpg.rf.225ac2680b8392cd3360ad32a61294be.jpg 0,182,169,416,0
0adc66f6-9639-4771-817e-31f326c9243c_jpeg.rf.1f32ff248b0dc54c2110a4f57be96476.jpg 128,220,241,416,1
0e539285-fcf5-4e72-8afd-d26f654fb15d_jpeg.rf.021088c5b716e2afe97fa59cac68cca1.jpg 117,44,286,342,0
vlcsnap-2022-03-14-17h50m55s809_jpg.rf.7d2ad56f6359a8140dc39d422c48db7a.jpg 0,0,216,416,5
17513003-large_jpg.rf.734772762f5fc297f246ebb0146778ac.jpg 61,64,344,366,0
vlcsnap-2022-03-13-21h04m27s688_jpg.rf.0e5494c0e7692dfdc87584394a9b49dc.jpg 0,233,174,415,0
ambulance-466-_jpg.rf.c139310b67e52034aefdc77190c56b92.jpg 345,98,416,393,4 218,88,392,338,4 166,110,280,284,4 119,119,193,248,4
vlcsnap-00586-Copy-2-_jpg.rf.fa3944ac8ed3574a1b4bd7e98427368d.jpg 99,0,416,416,3
IMG-20240127-WA0123_jpg.rf.9c5749253ed1f553a86f9c65c75a9f47.jpg 154,77,400,311,3 52,214,111,249,1 7,195,127,234,0
bicycle-208-_jpg.rf.1d81c85add07e6c99e210a68a7abec85.jpg 27,18,391,392,1
bus-145_jpg.rf.2dd9c3cd1c5d261c0e22638ec32f9435.jpg 4,95,109,223,3 113,73,243,238,3 252,53,408,250,3
images-58-_jpg.rf.d7f14a66560c89dfef0d238a2e13c253.jpg 98,176,318,404,4
bus-150_jpg.rf.982b9c71a269deb4d1aef0ffbb994a57.jpg 51,121,351,318,3
bicycle-222-_jpg.rf.ac71cec645d4ae3c390ca6ac4733b8cc.jpg 102,242,175,416,1 169,262,282,416,1 250,265,351,416,1 332,268,378,416,1 11,247,88,416,1
ambulance-32-_jpg.rf.0a444bc137721422f9e30b29dc0a8163.jpg 0,47,387,370,4
vlcsnap-2022-03-14-14h25m22s548_jpg.rf.381ab623f33c5631b103d7f7113d3970.jpg 0,0,208,416,5
BF664821_1292de_jpg.rf.0db8e58a982dd1a4944f618770e745b5.jpg 31,1,397,379,0
4b689f60-afd8-465d-9089-bf7d7acd2896_jpeg.rf.84543f7cec9661cbfd1a6106b957c14e.jpg 20,3,288,335,3
0eb74e60-8e5d-4a69-881c-64f53d0ea053_jpeg.rf.ebf24d930b03ee314554fcd3feb93c84.jpg 137,44,293,338,0
7WD0HERYD8UX_jpg.rf.8ada00c317dab7bd107402275fbe1721.jpg 27,25,387,416,1
2e5c821a-3899-4b9a-b95d-a3f64aea88ff_jpeg.rf.8a0cb437644563fc4651fa1160ff493c.jpg 45,0,286,304,3
00000054_jpg.rf.ecadcd5ac8fa49c5b670c6602b06d852.jpg 90,54,217,324,5
vlcsnap-00032-Copy-2-_jpg.rf.da5cb6500a33d0257811681c62ae07d9.jpg 153,230,416,416,0 103,153,162,257,0
bicycle-224-_jpg.rf.664bb05723422b488e79bacfd9872a62.jpg 0,50,413,377,1
00000056_jpg.rf.a977565f00acadc617563c48aed24673.jpg 261,70,416,186,5 0,69,35,175,5 50,61,242,176,5
0e0440c8-6327-4221-a351-f1f1380bef83_jpeg.rf.6955390003b28fc08946c8c3c4f0e722.jpg 120,0,294,331,0
8_jpg.rf.8fd0e8184f4be127bacf75230a4580bc.jpg 32,51,368,311,2
vlcsnap-2022-03-13-21h04m54s233_jpg.rf.1f6cfe6dd4051e1d0b1ae96ae9971389.jpg 0,208,164,416,0
134_jpg.rf.5d9d4fb50acaebc83b68c34f594d7487.jpg 105,152,258,416,1
bus-97-_jpg.rf.61b4915bac328529a819db64a431e054.jpg 189,88,378,338,3
0df9ac23-3a65-4a08-b524-ec108c1b7b54_jpeg.rf.5235718524d0041c8f3df3cfe3be89bc.jpg 110,3,269,310,0
0eb940f4-35eb-4665-96ff-fb0fa2eb320f_jpeg.rf.87c4ea9a7af128e63e5500c8baeb9210.jpg 58,1,209,371,2
a62_jpg.rf.83632a81aafe447b3a9902eb703cf051.jpg 153,94,416,358,0
bus-86-_jpg.rf.f21cdd9ed445c93cd52bbe74cad2a256.jpg 73,109,233,246,3
1_jpeg_jpg.rf.09e7824559ed01f8dca1d78be2fda391.jpg 18,20,351,352,2
images-116-_jpeg.rf.d0490f43b8b798bbaa7e8754b80982b2.jpg 0,42,367,323,0
0af061b3-ab12-452c-afcd-1168cdaf8c12_jpeg.rf.c8484d11ccfdf2246972f35d0ae0bca3.jpg 249,255,328,416,1
0e5a137e-b2ad-4eee-9cb7-bb5db8fb77f1_jpeg.rf.6a41cfe5dcf5c42187932828f7b02c93.jpg 142,25,294,317,0
0e5b91e0-91d2-45b7-baf7-3d9957690a31_jpeg.rf.912cc66e583a7e90ba83afef82c2b96f.jpg 28,28,195,352,0
3b409030-9dc8-4ffd-b76c-4feb13eabe1a_jpeg.rf.661e6df00c9030f20ddc6177f6d97f65.jpg 73,8,294,303,3
Screenshot-2024-04-29-173259_png.rf.1edd523d924c172b0056cdce02844133.jpg 0,2,388,405,0
BF75782_1-2-_jpg.rf.a546fdcd1bf8f44f599844aa8b447673.jpg 33,30,377,379,0
vlcsnap-2022-03-14-14h49m46s069_jpg.rf.f719d4bc55992ed166caa186db283b76.jpg 0,0,203,416,5
bus-98-_jpg.rf.069c4d586840b49c47211ad4ca3b4f5f.jpg 38,158,323,363,3
1946_mobile-al_front-1_jpg.rf.bf868559249edf87cabca713cf8bd16a.jpg 86,21,362,401,0
bus-1-_jpg.rf.65a50a5d6c09b1d989ab3cd95cb77eb0.jpg 14,32,416,362,3
9_jpeg.rf.a6c01dc149e2576e05d90ac34460a533.jpg 5,47,387,345,2
b49_jpg.rf.64ca313d9e474ae27a9fdb73d7d962a7.jpg 116,38,315,368,0
vlcsnap-2022-03-13-21h21m58s638_jpg.rf.bc95d4dea6fc0432b4b26cccca1b48ff.jpg 0,246,173,416,0 163,200,204,270,0
0eb4717a-a394-4c55-a00e-5c4c5d02760c_jpeg.rf.eb0a336de7b7a2ca999013ed6b1b1669.jpg 92,4,252,377,2
Screenshot-2024-04-29-174238_png.rf.5019eb20c95c052fc4eb69586f532bdb.jpg 0,0,404,416,0
c13_jpg.rf.a64cd2d056d26dffa0a21687a9c39094.jpg 33,10,380,318,0
21_jpg.rf.3b244b33382a721336ca28d11acba80e.jpg 26,105,406,403,0
basic-ambulance_jpg.rf.9109318fd471caba19be06ee0057274f.jpg 6,18,398,364,4
2_15816726655e4668d98a71c_jpg.rf.d1e0e60bb274b52bd956e7d1421afc19.jpg 90,85,324,332,2
bicycle-231-_jpg.rf.37e2b52234ecdf5a38ee2fda78f0bc49.jpg 24,104,416,361,1
0ebe9c7a-e790-4cfa-8e75-6c596be7c501_jpeg.rf.3604572325f0a7fc00ce06375698b950.jpg 78,2,234,341,2
2-wheeler-travel-on-streets_22_jpeg.rf.e76a72a00964b0a339eadeee1ecf212b.jpg 134,156,228,379,1 227,171,358,404,1
0e07b232-8ba2-4f87-bf6a-3e8821e8404f_jpeg.rf.aff2bb0f5defc9ba4609c950a95bfdc5.jpg 149,0,338,317,0
1962-jeep-cj6-full-frame-off-restora_jpg.rf.b2873196fcb433d28e7270019dee0f07.jpg 29,28,359,404,0
0ef945c1-4472-4cd9-8076-40196c549e32_jpeg.rf.3937730e9fb747165450f0eb196cf40d.jpg 98,59,235,360,0
00000058_jpg.rf.3e3fad730af51c27da2fa80c98dee641.jpg 141,35,384,362,5
bicycle-225-_jpg.rf.ccf6757608ab3ab04838e656aaceb265.jpg 0,32,416,408,1
7c50d6a5-62c1-4225-9271-8f7254053a39_jpeg.rf.3d70371941f2d2b195d7f55a57ba10ad.jpg 157,133,249,343,1
BF619790_788ad9-2-_jpg.rf.a401d00c18a37f71bdf30492dea5e407.jpg 51,29,380,385,0
Screenshot-2024-05-30-124818_png.rf.0b094b38d57d6329f929386f5e6bbf1a.jpg 25,0,416,387,5
bicycle-236-_jpg.rf.debece3682d37a16a25f7290ce47616e.jpg 6,52,343,416,1
21452_NT789-1_19-1_jpg.rf.29281383e462f4a4c326581dab8d7c80.jpg 99,38,298,360,2
0ebf863f-f613-4e0b-bea6-5bd64c8bf5ef_jpeg.rf.ddc6993a6e2dc8e98f1d91b563a20555.jpg 5,0,242,344,2
BH467731_3411ab_JPG_jpg.rf.57586bfb51f592db5d094fea65e4f736.jpg 38,26,368,368,0
vlcsnap-00039-Copy-2-_jpg.rf.8ee558bd3312628f18d7e651374e89b9.jpg 147,153,416,416,0
vlcsnap-2022-03-13-21h22m21s477_jpg.rf.3cacf912cf9c4d060af89f66d26cd545.jpg 0,241,174,416,0
vlcsnap-2022-03-14-09h06m08s011_jpg.rf.b432622be44c3eab352c2723c33b1911.jpg 0,64,207,416,5
2-wheeler-travel-on-streets_19_jpeg.rf.42a046f328844d657abdb70371ab8ddd.jpg 114,203,173,396,1 263,182,302,267,1 214,173,250,249,1 301,188,331,258,1 210,167,225,209,1
bicycle-23-_jpg.rf.c12eaf4f80316c688bc3c1e6f1dacfd7.jpg 212,67,416,381,1 135,54,415,325,1
bus-102-_jpg.rf.661d74e937f77b58113aa4fd73e1fa7c.jpg 44,79,355,389,3
vlcsnap-2022-03-14-10h16m37s820_jpg.rf.2138e91bb81893b1fe01933327fbd8b1.jpg 0,133,187,416,2
2_57_jpg.rf.cef07d075ea05a9bd9e6cc3354ed64d5.jpg 17,19,400,334,2
00000058-2-_jpg.rf.cb5d94342156f5f80c00bd4709e3b8e1.jpg 237,180,378,371,5
bicycle-235-_jpg.rf.6c8c00d96d3e2ac96525d79bb71eda19.jpg 110,213,357,410,1
vlcsnap-00038-Copy-2-_jpg.rf.e714278fd69231db5d9a120f7aed812c.jpg 99,0,416,416,3
vlcsnap-2022-03-13-21h24m12s808_jpg.rf.3564eb41153c33614a9fd2da08a1d2f2.jpg 0,237,174,416,0
8GMKJNRXE1MI_jpg.rf.22d01c9c681873d2b8e9d3538eb37ab2.jpg 76,14,383,343,1
Screenshot-2024-04-12-190016_png_jpg.rf.fc5cf19170e2eb47d8ae12fd0426bcd1.jpg 120,99,289,312,2
BH816478_19eb34_jpeg_jpg.rf.4c3f8348fdcca8125be13d7d3b28c3b6.jpg 15,18,403,376,0
1962-Jeep-Gladiator-Pinterest_jpg.rf.be134b0031a94ac26266931b6c87ee63.jpg 29,100,396,362,0
bus-102-_jpg.rf.4ad10ad9fbf45ed34f2783ef01b1e00a.jpg 44,79,355,389,3
LPC-07_DTP-2_DTP-2_20240310170937_20240310181125_2_1G_mp4-0053_jpg.rf.bfd4acbd243ae7fbf6b9ee098a6c33a9.jpg 136,153,262,311,0 121,134,150,194,3
0ed1b916-2db4-4360-9939-2080793c16a6_jpeg.rf.911205f4b3d561a241265a92b9a62793.jpg 107,61,263,342,0
1968_jeep_gladiator_160168388188c982_jpg.rf.a0daedec565bfda8fe1ae7d629c9e96f.jpg 47,63,357,404,0
0f326790-6db2-42fa-8b2f-2fd938ed6066_jpeg.rf.2f76476705a0d673c402cac78a21ec5e.jpg 129,0,277,292,2
1969-jeep-gladiator-3500_jpg.rf.1895a49c8cf1db8f06f6cc1b25841ab2.jpg 16,68,398,412,0
images-62-_jpg.rf.1acf78097540c1a61a8f779a6a5c98d4.jpg 6,102,360,415,4
vlcsnap-2022-03-15-17h13m11s892_jpg.rf.a07ae38d549ac2db40b945b219716fcf.jpg 0,108,205,416,3
00000059_jpg.rf.67f7bbaa4a14ccdf068a7cc1ccefea0b.jpg 90,21,391,334,5
Screenshot-2024-04-12-190230_png_jpg.rf.8b0981a10d79d47bae998ace9c7f118c.jpg 136,67,293,283,2
ambulance-177-_jpg.rf.c24fe7004e18d8b19e7d7033f1b11651.jpg 14,4,408,404,4
bicycle-239-_jpg.rf.fa90a317c8e5e42a3b71f9bb91a9c143.jpg 1,23,416,400,1
1963-willys-cj-5-jeep-9_jpg.rf.e126f0fb10458d84674725530a78f633.jpg 5,53,379,326,0
0ef53c67-4b19-4224-9c0f-7539718fbff1_jpeg.rf.e01adae595cbf400edb9ff6ee4fa6886.jpg 46,49,215,367,0
c47_jpg.rf.33e6f2caa12e40d648767532296cc40a.jpg 120,0,416,407,0
images-63-_jpg.rf.f20bfe3cf4d3d030808874298014fcc9.jpg 3,50,369,402,4
vlcsnap-2022-03-14-10h50m46s931_jpg.rf.23c6ca0ff5bfdafd78eea4a57b7a813d.jpg 0,48,198,416,2
vlcsnap-2022-03-14-20h35m55s060_jpg.rf.db347cdb1dbbe7e8481e34259de23c4e.jpg 0,0,212,416,5
0ead67d9-0885-4d20-be3c-e138aed5d5d1_jpeg.rf.f45ce4547abfc40e90b67fb5532aa3d4.jpg 132,1,353,325,2
vlcsnap-2022-03-14-20h10m47s109_jpg.rf.3177eea2dff97e2e3422bcbc77f21b60.jpg 0,0,216,416,5
images-132-_jpeg.rf.e6ab1545b5dc3004d1927724bb115052.jpg 5,2,416,416,0
Screenshot-2024-04-12-190223_png_jpg.rf.e25e658242ac2699e4e2719fb93a27ec.jpg 175,109,295,310,2
bus-105-_jpg.rf.328d54ad947dcd6b3b59ab7f0b1b37a6.jpg 175,83,407,339,3
0f1b8511-6bc8-4d28-b0ad-83dcefecfcbb_jpeg.rf.f60d2d30b1f057fa2c2c93298dae256c.jpg 118,2,304,308,2
0eeb89f6-a022-4f40-9b54-37d3a14897cc_jpeg.rf.507ea15720b2771834fb2424f71fdaef.jpg 189,0,382,334,0
0ebbaddd-9758-441c-943e-80b204b94f46_jpeg.rf.c921bc194ee7f3b4b23f58cb40a5cb47.jpg 124,3,291,318,0
vlcsnap-2022-03-14-23h41m28s609_jpg.rf.2df8a90fc45637cd1656a0e3b92276d1.jpg 0,1,210,416,5
vlcsnap-2022-03-15-16h37m31s068_jpg.rf.6cc4903c77941a3b711ef849948fd852.jpg 0,155,183,416,3
1fa0c4bb-0bef-49c8-9e14-985ce6b0b587_jpeg.rf.b84ef40f646c5a5f40dd62a705518a08.jpg 166,127,254,331,1
images-125-_jpeg.rf.82ded5360d9c9e030dafe7a1acda62a6.jpg 17,95,416,413,0
BK166235_74575e_jpg.rf.35880d754ebff7c3eb45fc6bbf8999fd.jpg 27,70,380,382,0
bus-152_jpg.rf.42a317ab298684ca16d2ab74eaff0909.jpg 36,60,402,383,3
00000059-2-_jpg.rf.cd745929c04784837fdd995aa5536b95.jpg 55,93,321,416,5
427905434_436519972151516_5646821035983962702_n_jpg.rf.69dc3408ec64cf4e1fd9e311b748585e.jpg 50,71,366,360,0
c34_jpg.rf.470ed07322a8c512f83538a4dc6f427d.jpg 162,2,368,356,0
LPC-07_DTP-2_DTP-2_20240310170937_20240310181125_2_1G_mp4-0054_jpg.rf.9402ec34546f436e8d9a0d78edb21fdb.jpg 138,153,254,295,0 138,79,201,160,3
Screenshot-2024-04-12-190135_png_jpg.rf.0c5794ea21f8ad65275e02138f9d8a46.jpg 25,49,129,229,2 268,23,372,207,2 161,52,238,218,2
c52_jpg.rf.81d13dd9d50a26c860cba5db66c43990.jpg 141,2,416,406,0
0eecde53-4cd4-4ff3-8409-fb23284ddbe1_jpeg.rf.5b45a9e8987ebf3047b0a009fcd1ff0b.jpg 61,1,210,362,2
IMG-20240212-WA0271_jpg.rf.c17c93c03eeefe61083501d356881dc5.jpg 119,93,387,416,0
20210520_07_29_29_000_T4CaxysrQ7W21Wgl1wZWBCtdRjE3_F_3264_2448_jpg.rf.d65250ec75fd0f0adfc917b4354e0dc1.jpg 17,42,404,272,2
c50_jpg.rf.40a5175cb1d564364a739991969a4595.jpg 84,1,325,379,0
bike_171_bmp.rf.cb5957e6b0b713b357499aba790887a9.jpg 3,63,416,375,1
0f1bb247-bc85-4498-879f-1a4a5f84dcd3_jpeg.rf.e74a5ad1b27a90b872718127af1e4ce1.jpg 120,20,321,396,0
0f34cb97-42ca-4e9a-b7ab-5acc5e5584e1_jpeg.rf.2f1a12a43e8f156e062259682a4822c0.jpg 111,14,255,321,0
vlcsnap-2022-03-13-21h29m24s720_jpg.rf.1a01816583549027da1d7a545d121221.jpg 0,246,172,416,0 161,185,214,253,0
c48_jpg.rf.cb1f9ae8d6cee3fbb006701acebdf717.jpg 96,0,369,416,0
0f314c1d-6854-4d12-a5f5-9e4fa404f9cd_jpeg.rf.69a4c0dabc6ebb379c2dbf67438f4c6c.jpg 45,0,277,329,5
bus-105-_jpg.rf.8e642e4efb61909b0ea190026822a9f1.jpg 175,83,407,339,3
c36_jpg.rf.c9a953a345b2b3847937c3b2af594d41.jpg 156,0,416,403,0
d6_jpg.rf.e80f8725a2c2f9ec4a025276f5a85df4.jpg 130,16,347,395,0
vlcsnap-2022-03-14-09h08m29s518_jpg.rf.f995a8713ccf500e6bdf9e06aa94949b.jpg 0,63,210,416,5
vlcsnap-2022-03-14-10h44m36s864_jpg.rf.d0639cbbc2dc6761adaca8fc3d25a943.jpg 0,96,198,416,2
0ee198d1-9ed1-4b95-9214-1847bf22b626_jpeg.rf.14784e4ba134b7a3c2803c0b6bca9d6f.jpg 104,1,260,356,2
vlcsnap-2022-03-14-10h51m00s090_jpg.rf.aec1beeba6c4b631cde2f237b575f74f.jpg 0,86,204,416,2
3_58_jpg.rf.a8913aedce6c465eec1bba8f2a2aa816.jpg 5,50,416,362,2
0f272607-12cb-47bb-81d7-5f5682a2a178_jpeg.rf.0317e33b09522b8189230cb05381ff58.jpg 69,0,278,293,5
0eefa818-9f81-480c-857c-e5626293d04f_jpeg.rf.e14795c8e852daee34f8a36f8c6cf2ed.jpg 128,2,271,330,2
22_jpg.rf.a5a442706b3308ed7736c00bda5248b6.jpg 17,92,409,347,0
04bd4109-32d0-43a6-b2fa-6c0e04adf656_jpeg.rf.1aff17591363b6d3c6a42250c4ebd712.jpg 85,127,188,331,1
00000062-2-_jpg.rf.65ae121280c188b6708bbf4683be1f41.jpg 26,26,400,355,5
bicycle-234-_jpg.rf.c9ee45d7aba318a9b9e666f1c482f1dc.jpg 42,9,374,379,1
vlcsnap-00041-Copy-2-_jpg.rf.b0846aa72661ea80a0fcec3f6fa197a4.jpg 149,100,416,416,2
0f301c6b-96a3-4aeb-ae1b-dfba5b8a11e7_jpeg.rf.fc7dc8e46021c11ecffc8e291bfadbbe.jpg 48,40,205,380,0
00000062_jpg.rf.27fc7f60269d4a542d23e9727becda0b.jpg 156,50,314,347,5
8Z8BSU38QWVL_jpg.rf.ffa3373fe3948076dcc5c939635e1a0c.jpg 61,36,408,380,1
0f707ca5-541f-4d27-aa88-bc4dcbbf4bf4_jpeg.rf.1f7347dfafa6dcd63c771e520bf4fe8b.jpg 41,0,200,312,0
vlcsnap-2022-03-14-09h04m43s652_jpg.rf.cbfb0fb470b0f2d48aba1218beca5c53.jpg 0,0,213,416,5
0f59edb8-9179-4133-a5ac-21e39f554116_jpeg.rf.7baf76d54c32b46c54de69bfeef8c9e5.jpg 170,124,270,357,1
images-65-_jpg.rf.2199010520c51e5578cf9d0d156f7543.jpg 139,182,256,367,4
vlcsnap-2022-03-14-11h13m16s436_jpg.rf.e3973d00a694a812c6fc62ac691f3420.jpg 0,45,198,416,2
ambulance-47-_jpg.rf.b9efb3e379093f11b23e6403f0d68a2c.jpg 155,141,323,405,4
4aa244d2-c59f-494b-a276-e8d754f2caea_jpeg.rf.18159d7ff8ec79b50b8b6a1c9ee98243.jpg 158,156,241,377,1
vlcsnap-2022-03-15-11h27m24s618_jpg.rf.09c75d9ef9706a8b41263e7ebd404b31.jpg 0,0,213,416,5
d57_jpg.rf.55d288e5997729632f8235eb21fdcb02.jpg 76,2,319,406,0
d7_jpg.rf.af64e0cf6966fdf8fbb7a51a0ea11c08.jpg 100,17,355,379,0
bus-110-_jpg.rf.5b1477358ca6ac1ed477a6848f7e072c.jpg 220,32,386,365,3 77,97,220,309,3 0,190,77,368,3
23_jpg.rf.e125c0c77f2f3a0de3934e5110110c23.jpg 89,169,349,363,0
bicycle-244-_jpg.rf.efcc03b0f0f87b767db4449829517bb4.jpg 70,204,366,412,1
0f346c22-a00b-437d-a72b-0b0717983792_jpeg.rf.25db51f4a9327347c8f045cae5ceea93.jpg 61,0,286,293,5
1ba56a32-a252-460f-884b-bd336ddafdfc_jpeg.rf.565467adccb2534e64855d2c7661b9c4.jpg 35,3,250,265,3
2-wheeler-travel-on-streets_28_jpeg.rf.c9612acef8860b2eda03d700f2b3e112.jpg 21,242,79,411,1 118,237,152,346,1 166,253,208,406,1 214,242,246,372,1 299,263,332,373,1 261,245,279,321,1
4026_a15903860165ecb5d607e7b1_jpg.rf.aa69635d0a35df107672a9daf7d61a90.jpg 10,8,409,413,2
vlcsnap-00042-Copy-2-_jpg.rf.5051daec3232b5336872b5945d0737cb.jpg 152,187,416,416,0
4209015271_jpg.rf.6f8f4d57bbb6a78fccd9908fd75f397f.jpg 64,40,382,388,2
00000062-2-_jpg.rf.b1e8f296d6205e9091f1cbb2e8f13b43.jpg 26,71,392,350,5
vlcsnap-2022-03-13-21h28m48s458_jpg.rf.f28c857234c818f7ecc3b364faff2006.jpg 0,231,176,416,0
0f1bbd31-d8ec-43c1-9815-69cea3fae8c4_jpeg.rf.a4a7ff03f1ae2ef50ef8afa75dde37c2.jpg 43,0,282,293,0
vlcsnap-2022-03-15-12h08m46s462_jpg.rf.3271bf5dee0ebed64a4e26acf91a4196.jpg 0,1,206,416,5
bicycle-245-_jpg.rf.09e7e95f72a7d53ae21c1122b98a4fad.jpg 37,2,412,353,1
5cb135df-5dd3-46f6-b2f4-2b0fde74913d_jpeg.rf.0db2af7528cae2991a312f94b8618651.jpg 92,3,331,322,3
1983-Jeep-CJ5-CJ-5-5_jpg.rf.016358ed3bca7665e9a9fd09cb6217bc.jpg 58,116,344,364,0
Screenshot-2024-04-12-190147_png_jpg.rf.140ce8726112ec50c453620e3a0f31ac.jpg 225,94,378,360,2 0,66,137,368,2
bus-105-_jpg.rf.51123ac59f26b6034cc128e4d55ebc95.jpg 175,83,407,339,3
ambulance-461-_jpg.rf.f63d04ad31f1a31fac0e653fba5c6269.jpg 39,2,326,416,4 317,66,365,283,4
vlcsnap-2022-03-13-21h29m37s940_jpg.rf.1bfab4270f290d9a96d85b6a9394d32e.jpg 0,238,174,416,0 161,182,204,260,2
0f617ef4-fc90-4260-bc29-8ef3c25a28ea_jpeg.rf.b69c9deb55b79224fa8459f286a0df3a.jpg 160,16,300,309,0
24_jpg.rf.82f9fad447e646c34031042e50158d2f.jpg 49,33,336,341,0
0f526af2-883c-4da1-a762-0000f533ae91_jpeg.rf.11fad901e06b6ed2a383d39281727aad.jpg 114,58,276,350,0
images-69-_jpg.rf.dca3964e3e044317037a1b9b9acc6562.jpg 136,89,303,373,4
Screenshot-2024-04-12-190809_png_jpg.rf.d26c8f60a0511b6a6294350983ddf74b.jpg 97,96,313,355,2
bus-110-_jpg.rf.3d228bec8320eedde408dc689a42e8a0.jpg 220,32,386,365,3 77,97,220,309,3 0,190,77,368,3
vlcsnap-2022-03-14-15h34m51s940_jpg.rf.816c5e75e61a2b216fa1e28417a9aa28.jpg 0,0,203,416,5
0f69ce97-2265-4843-8f46-79b06368e61c_jpeg.rf.88b0a3790afc486d4d600a6da2cae124.jpg 115,0,324,308,5
Screenshot-2024-04-12-190706_png_jpg.rf.51f958f5319e3bfd6345cbac4e60c119.jpg 110,87,327,376,2
bicycle-24-_jpg.rf.0326b25a05b706d22eb2184a44aab8bf.jpg 160,221,300,400,1 236,187,378,370,1 1,180,132,334,1 72,166,178,317,1
ambulance-103-_jpg.rf.981d3909b5ab58ac945ed84caea549f5.jpg 42,39,395,250,4
0f719cff-2e7e-4a86-ac6e-2b2e7fee3334_jpeg.rf.c5b3fb87c3d7d19c55c088ab9da82c15.jpg 115,4,282,319,0
d50_jpg.rf.8278024e7e70fdf9c26c1c83136d8db1.jpg 1,15,272,407,0
bicycle-26-_jpg.rf.a59444a62fd73bfe31f7df5e312ddc77.jpg 16,75,398,380,1
bus-156_jpg.rf.bff83f59a4883508436c6b8b9bddf83a.jpg 41,52,395,388,3
0fb0931d-928a-4ee0-b5e8-d049f0cfaf28_jpeg.rf.49630d818ca6d093e0ae5244ee997131.jpg 101,1,258,332,2
d35_jpg.rf.845047a1091ed2562d03bf4668fc5e9a.jpg 34,0,358,416,0
Ea7kYmxUYAAaqPp_jpg.rf.1086cc50ec3fd394cd35a7f72e6edbfa.jpg 51,59,365,354,0
IMG-20240127-WA0161_jpg.rf.b6feb10747b46e629cafd791f5e9a505.jpg 0,41,356,298,3
0f8e4b27-d65a-433d-8269-17caf924d9f1_jpeg.rf.590607bea4105e7d60443e9c24cafcc5.jpg 154,2,314,343,0
vlcsnap-2022-03-14-15h12m41s248_jpg.rf.dea9e587e702c78a1875985cf5fd0df2.jpg 0,0,202,416,5
0d4f600b-3a5f-4f18-9449-0f38fdf6ccd7_jpeg.rf.8cfca6a56267542ad8e772c8ff0d9ea8.jpg 224,145,304,340,1
images-141-_jpeg.rf.efc7973da99858a965f3600cb5b68174.jpg 8,192,212,414,0
2-wheeler-travel-on-streets_35_jpeg.rf.c5d80b9b24c8a35f7f0f08c754439549.jpg 141,158,280,397,1
bicycle-253-_jpg.rf.e8cd43daea757b5d357c4465791958e7.jpg 40,97,392,381,1
Screenshot-2024-04-12-185359_png_jpg.rf.cf560cac8a1a02a056208cdf4afb233f.jpg 126,180,316,322,2
5a1e37db78f66_jpg.rf.c03dbc8aafea316bb9a836d6028872ba.jpg 52,7,371,396,2
8c3b79d5-ca53-4d04-b8db-c88d9bcfd977_jpeg.rf.88a192fd37e0fd6d5fab317dd9e804b1.jpg 83,4,328,354,3
ambulance-146-_jpg.rf.3ca871e4709ee193df058666eddecea5.jpg 15,52,416,390,4
0fa7ec5b-9fbf-49d8-a71e-1c0c74f71d45_jpeg.rf.62e4f23da60a0f809fc96cece372f2dd.jpg 102,58,257,334,0
era-jinbei-2-2l-petrol-2_f_jpg.rf.d8d9f43ae40371621ea0c2dbe1a804e1.jpg 21,8,414,376,0
0f8d9396-7136-4092-803f-f2df261b805b_jpeg.rf.c6cdc5d0436d11cb1c464b5ab97859d7.jpg 122,28,271,326,0
9VK8D5X1I4YJ_jpg.rf.9d92fcbdca0b95c3c0da43b82062171a.jpg 38,6,391,416,1
1978-Jeep-Cherokee-FCA_jpg.rf.958445f2967d8191c6a15ed610ebda0c.jpg 14,89,397,386,0
00000064_jpg.rf.1ccdea3952a50cdcc92142cc04ee4fac.jpg 18,37,220,385,5 219,94,262,283,5 264,135,292,256,5 292,161,327,241,5
vlcsnap-2022-03-14-11h47m21s910_jpg.rf.475fe02c5d42e5fe816e8b2f0cda5421.jpg 0,85,198,416,2
vlcsnap-00044-Copy-2-_jpg.rf.66498b1d23e1df6c4ce805c535b9b533.jpg 144,181,416,416,0
g5_jpg.rf.932775f502d712735dd08cbcb56f3db6.jpg 167,5,393,390,0
00000061_jpg.rf.36679ebc1c76a34d98fabf9347f75ced.jpg 73,8,345,403,5 8,142,85,331,5
WhatsApp-Image-2023-12-13-at-16-09-53_24d3911c_jpg.rf.f76fd4f50b564f07cb6780ed10ae1be2.jpg 12,41,394,396,3
0ffeccea-560c-4014-a21f-a9016b68365b_jpeg.rf.03e73e4ee0264afa2b349678bee47f36.jpg 114,2,365,345,5
ambulance-419-_jpg.rf.2f2286a7eb931bc5068b434e3454b2b8.jpg 3,46,415,369,4
vlcsnap-2022-03-14-14h58m57s661_jpg.rf.1949b11dd9b48478a18f5f34184c4123.jpg 0,0,218,416,5
0f5f799b-b0bc-4e1f-99d3-7af8f8206c74_jpeg.rf.321f9c8a60b88b703ee0efd9682c776f.jpg 103,0,289,325,0
bicycle-252-_jpg.rf.3f630f869e42ab91732235c8884c296e.jpg 16,43,406,367,1
images-9-_jpg.rf.3a4215eadd38e408b77c2fd607c3e7b8.jpg 27,123,338,347,4
723cd80942c8d87d85c47d004764ad9a_jpg.rf.dbaf01316157fb17e98bb2d3674746b8.jpg 50,16,362,396,2
vlcsnap-2022-03-14-09h18m39s304_jpg.rf.bef1c7f1c09708edffe9f1a547faac32.jpg 0,48,207,416,5
e1_jpg.rf.5d4b1f9819ef5b20cbb7b7b587fba40c.jpg 115,42,320,375,0
1985-jeep-cj7-4-by-4-high-end-build-_jpg.rf.3d1e837cf84caf1cc790b7e6d26a0ad0.jpg 44,51,371,398,0
00000068_jpg.rf.4e27eb0227fe573d8918a75368392496.jpg 71,64,284,284,5
bus-117-_jpg.rf.4b06e2e1e324f04c845c3d15078b0123.jpg 176,130,416,298,3
1986-jeep-cherokee-for-sale-2021-02-_jpg.rf.7762d82ec2d7d48e969a1c4408e80853.jpg 46,19,386,393,0
0faf5ac9-7d1d-4ac8-ad12-2c9eec32deaa_jpeg.rf.891974765250410f8113de6c6c1ebdd1.jpg 140,1,319,348,0
bus-141_jpg.rf.14da0101e38474671b2015a997e94936.jpg 30,119,410,381,3
616269383_jpg.rf.3c70c51683df3f91ec521d67c94d53b0.jpg 0,0,248,408,2 176,0,332,273,2
1986-jeep-cj7-laredo-03_jpg.rf.49d2d3088766b4fd70844009eb3b7050.jpg 133,54,336,324,0
0fab95f1-5ff0-4148-8679-1117c1c14e07_jpeg.rf.998a2d2d40f8b4c7349aa0e6afe2ec77.jpg 210,74,358,351,0
e49_jpg.rf.7ca62481d50db73ee0c0e2879b62e013.jpg 110,17,366,416,0
Screenshot-2024-04-30-112424_png.rf.554c50b757e7e34859e4f1bdf1094cbe.jpg 0,5,416,410,0
vlcsnap-2022-03-14-15h38m44s416_jpg.rf.04b6a090a2b89e5b520df56f0a481439.jpg 0,2,213,416,5
723cd80942c8d87d85c47d004764ad9a-1_jpg.rf.20b727c27a2b0eaa4d4912ff7826be17.jpg 48,11,360,396,2
1995-Jeep-Grand-Cherokee-Laredo-1J4G_jpg.rf.bef07d25a2c9d0760092c2758c514448.jpg 31,26,402,355,0
vlcsnap-2022-03-13-21h30m33s208_jpg.rf.8190b7fdd9c9e2cbed371213ad8aabab.jpg 0,147,185,416,0
f11_jpg.rf.f7f913947626cafd56014aa46f92413b.jpg 85,24,407,332,0
vlcsnap-2022-03-14-09h14m22s464_jpg.rf.5381b0e24851d7332ef426e313d7302e.jpg 0,0,213,416,5
vlcsnap-2022-03-13-21h32m19s407_jpg.rf.d8324d93f932527191ccc14b6393caa9.jpg 0,225,175,416,0
0ffa16a8-1a29-4448-9287-50e92d39244e_jpeg.rf.a434234cb8bd5f13fd52ac65cda9f155.jpg 110,21,252,337,0
g48_jpg.rf.556d207bb9f958734a61a077e6d0f3a5.jpg 143,3,386,413,0
vlcsnap-2022-03-15-12h24m23s187_jpg.rf.1bf6b31736b35ba7374d4ba86e648ab5.jpg 0,0,213,416,5
59ae4f1e1759ef51024bbe3162d3eac0_jpg.rf.52da4ca5fda6d9486660d08af27e05f6.jpg 12,11,292,398,2 255,84,410,291,2
bicycle-259-_jpg.rf.02055170dd9a13f5193b8ffbc4b72a10.jpg 5,5,416,324,1
00000070-2-_jpg.rf.05680c8707e5a68f0bbf9ddc584b9c88.jpg 31,8,394,394,5
0ff12659-4185-453d-b8e0-7a688b724cb4_jpeg.rf.5176a2834daeb6be368397887793c858.jpg 100,26,281,388,0
4c3b0618-99c4-4b7c-86cf-fd263c90b086_jpeg.rf.c1149c19065b1c2c96190dcf03d6f99a.jpg 22,6,277,416,3
IMG-20240212-WA0272_jpg.rf.dcd23cb1f8f8d9c027c940110b4624b1.jpg 6,21,398,416,0
e15_jpg.rf.c99f423df37ed963eb1b3bc8c0656798.jpg 45,40,399,342,0
bus-117-_jpg.rf.4ea7822fe5cfb32fc5c4e5f0ba801879.jpg 176,130,416,298,3
Screenshot-2024-05-30-125221_png.rf.a003fcaa8998bc4b1a78028f8eeb8ecb.jpg 242,109,306,195,1 110,69,140,115,1
bus-159_jpg.rf.1146abc0a76019038855b3f1fe4e478e.jpg 44,75,387,383,3
vlcsnap-2022-03-14-12h01m54s078_jpg.rf.c32e37a8e3a57afb3eb53cbf592e50d4.jpg 0,114,191,415,2
bus-114-_jpg.rf.3de62ae81d2d1113a3a90328ec59ed14.jpg 51,100,416,310,3
H0a2bd23adbcf44ad80cf49ccb2442a4er_jpg.rf.b58a89e376818d6c63977b3939c2f16f.jpg 75,60,325,343,0
bicycle-254-_jpg.rf.a13ea10f012cb9ab5e9f5419615ec362.jpg 26,84,403,361,1
0fa1e445-20c8-4196-977d-49feeaf4b1a9_jpeg.rf.7bb44cd483a0f269aac2844b6abcf97a.jpg 176,2,308,321,2
vlcsnap-00045-Copy-2-_jpg.rf.61ab010fd18d01defb5a41c278a3ba0b.jpg 166,224,416,416,0 96,91,151,222,5
bicycle-260-_jpg.rf.6a8b0898d137393ec55fe71097e7c82a.jpg 8,33,404,354,1
1995-Jeep-Grand-Cherokee-Laredo-1J4F_jpg.rf.f340efc26d02aeb48cd968ba8d2ff5a0.jpg 19,82,386,346,0
vlcsnap-2022-03-14-12h08m07s684_jpg.rf.a0521754a4d1308c3a7cf41d18373f32.jpg 0,78,199,416,2
A1538I0DKET3_jpg.rf.db23cd8ba79ba2ae256c8667a3a34417.jpg 152,126,359,369,1
25_jpg.rf.17029df8040157bf893a1c07820815e4.jpg 52,86,357,334,0
763afeec320ba4926e9e0c45d457586b_jpg.rf.586ee1654c73934c2e9d99c5b849ed95.jpg 122,20,415,256,2
1998-Owner-Type-Jeep-type-818-297796_jpg.rf.b96b180dc0592e65e5b122277de31bd1.jpg 54,155,385,371,0
vlcsnap-2022-03-14-15h58m42s216_jpg.rf.ca324e236294fdab64bd3fd406a1378a.jpg 0,0,204,416,5
images-16-_jpeg.rf.1e3f2828e536a321b37b026166402cfd.jpg 19,71,315,369,0
vlcsnap-2022-03-15-20h31m34s466_jpg.rf.ff87037e7c3d451eeac3e4207873599b.jpg 0,107,211,415,3
2-wheeler-travel-on-streets_43_jpeg.rf.dbfbe4cdeddf7eed4c062c24ca3de82b.jpg 133,174,271,315,1
Screenshot-2024-04-11-110446_png.rf.49c8f032371cc27332aae7b5a95604d8.jpg 95,77,333,313,2
bus-157_jpg.rf.1d608423131ba1fe2b51a18b12b02e2d.jpg 60,47,345,390,3
14cefd60-37a9-4678-80b8-8e51d7f5fcbd_jpeg.rf.c340c66693aae9a5c6c94505837d4ad9.jpg 55,1,290,313,5
6320646c88aca-generasi-terbaru-dari-_jpg.rf.e6771e75ff27015b4f43d2779e9cf2a2.jpg 40,96,230,337,2 251,165,383,367,2
bus-160_jpg.rf.6ce5962f56401119776b8cb2b345d53a.jpg 30,110,275,245,3
vlcsnap-2022-03-14-12h12m08s758_jpg.rf.c4ed390c43c21891126a7605d594776d.jpg 0,48,204,416,2
14d8a948-33b3-45f7-b64b-aaf299b1551c_jpeg.rf.9dcc2d9bd1d300b0d782321c21d701e7.jpg 47,1,271,316,5
h7_jpg.rf.fd34853233d2ee2ca5f053f9b0f8f5b7.jpg 129,0,415,403,0
ambulance-4-_jpeg.rf.a7ea12881711329fe812ebc2e3083090.jpg 15,1,379,416,4
Screenshot-2024-04-30-112635_png.rf.fdfe03d1f107db4d30f8e16630a29a03.jpg 7,0,414,407,2
0fc86207-e26b-45d6-8dd7-b05e14e569b7_jpeg.rf.cc8b39bccb2add010b1baa44607927f2.jpg 78,23,234,362,0
ambulance-464-_jpg.rf.7aefb3582735eec7e47374a7dc88837b.jpg 2,56,394,322,4
bicycle-255-_jpg.rf.989233f0893c00b08cbbbdd8684195be.jpg 30,87,382,362,1
h9_jpg.rf.54cd5cf2b7042630069341a1f4d526f1.jpg 71,0,410,385,0
image-15-_jpeg_jpg.rf.29b9d9b27a8e6c2bc723692a390b34cb.jpg 24,30,384,377,0
Screenshot-2024-05-30-125105_png.rf.1f7f3dd55cdd4da3144487f0b8c79588.jpg 13,1,416,377,3
vlcsnap-2022-03-14-15h48m10s692_jpg.rf.6bfeb21c2c757850091077642cb9ffc0.jpg 0,0,208,416,5
IMG-20240212-WA0273_jpg.rf.06f980a1235c268a3cbcaf01046b18c2.jpg 159,203,342,403,0
bus-121-_jpg.rf.74a2cb9db76dde7a10641bd94370ba46.jpg 52,178,261,301,3 287,173,318,243,3
vlcsnap-2022-03-15-13h18m44s283_jpg.rf.ebb9dc93f1ce1350d38ea5085a467381.jpg 0,0,213,416,5
vlcsnap-2022-03-14-09h35m38s657_jpg.rf.4585b7388e9fe56ac81aaad2ffa9e9f1.jpg 0,0,210,416,5
16cbc1e2-ebfb-40c2-a34b-47e4dbd3334b_jpeg.rf.04ff262211ce33cd80ebd5c67422da29.jpg 62,1,268,302,5
18e476fc-20e8-43a6-9b21-a29cb5c9277d_jpeg.rf.c2e4857e5468ca86909befbbeb8f752f.jpg 39,0,264,316,5
vlcsnap-2022-03-13-21h33m33s116_jpg.rf.8141682607bca619ae5e088ea913115d.jpg 0,230,169,416,0 152,211,196,278,0
vlcsnap-2022-03-14-09h34m35s211_jpg.rf.34e81bc9f7566af82e3151a5753383e0.jpg 0,0,215,416,5
WhatsApp-Image-2023-12-13-at-16-10-30_fb29e5a6_jpg.rf.3cd3a81a037f2d37c662482169934a13.jpg 63,21,350,402,3
800px-FusoFighter2nd_jpg.rf.883cf27e73bf74286af0f3fb5aac7ce7.jpg 5,61,392,382,2
bus-122-_jpg.rf.d3653475b2dd8c15dddc86430ad38764.jpg 138,93,288,367,3
vlcsnap-2022-03-14-16h03m40s549_jpg.rf.e0046173eb2d5c1b639817eaad3de7cb.jpg 0,0,207,416,5
vlcsnap-2022-03-15-13h00m30s021_jpg.rf.9d3ea6208b1035f72759ae4f4012f401.jpg 0,0,206,416,5
18a5f957-f9c0-4d41-ba59-79cb93acb535_jpeg.rf.22c41476406f8ffe19bc455fa71bf59e.jpg 106,1,304,303,5
1jeepwrangler-807d_jpg.rf.eab7a3f803a95e9501a1ad6bc84357de.jpg 36,55,378,383,0
bus-162_jpg.rf.25f6e13e3314788db6a999f828324657.jpg 26,21,382,394,3
bus-145_jpg.rf.0c8ff35376c8c55c9d4ec931731dcce1.jpg 4,95,108,223,3 113,73,243,238,3 252,53,408,250,3
2-1768980360-Mobil-Jeep-Wrangler-Rub_jpg.rf.853ea2f28f54424f494bab03eab365ab.jpg 17,81,407,344,0
vlcsnap-2022-03-14-16h12m23s068_jpg.rf.84e3a298b27deeb243fe41e1d278c23a.jpg 0,0,209,416,5
vlcsnap-2022-03-15-12h51m55s381_jpg.rf.cd167fd6683474a12e1fb4bcdded009e.jpg 0,0,210,416,5
bicycle-277-_jpg.rf.1c21eb90dcf29c817487a822b487c568.jpg 2,68,360,361,1
18e5233f-3aa4-44b2-929a-a71a9940fc97_jpeg.rf.56a58a9979478803584707a29e6628de.jpg 52,0,278,299,5
00000074_jpg.rf.447461b9107f41be3612aac33614d8cc.jpg 211,34,416,340,5
OIP-cEeZS7I975RnYPE8q-IxGgHaE8_jpg.rf.af334900037ad68f4ca655cae41f2c34.jpg 247,150,354,240,5 101,192,245,321,5 14,28,204,224,5
ambulance-79-_jpg.rf.acca547b9e92b02a5e1ca4d2d64a3486.jpg 105,0,413,416,4
18ec9011-b898-4211-900f-65f3b00d6cf5_jpeg.rf.9f262af238c8c039fa62a433f38cee0e.jpg 75,1,295,317,5
854534_SAM_0695_JPG5bb2899218b4c7a1a_jpg.rf.aec1b5c40915465830a4938a50e17912.jpg 4,21,382,379,2
image-21-_jpeg_jpg.rf.6b02c3df40ffe2e1476839f89f7d9fe4.jpg 34,92,397,384,0
bus-127-_jpg.rf.b8c756b6a6665ff2ab9d4558bfc609bd.jpg 84,121,344,304,3
vlcsnap-2022-03-16-10h08m31s355_jpg.rf.c323734b7e6bb9a4d6c2fad6d604b958.jpg 0,110,213,416,3
vlcsnap-2022-03-14-10h04m03s830_jpg.rf.1fc358c3f0b6ddf1f096de80454e542b.jpg 0,66,207,416,5
vlcsnap-2022-03-13-21h36m57s913_jpg.rf.063bbb3af31e52c4aa3e97dd2a7c756b.jpg 0,253,162,416,0
2-wheeler-travel-on-streets_34_jpeg.rf.e640cdf9dcf706afed5318786b99260f.jpg 20,205,209,416,1
bicycle-279-_jpg.rf.cecd5c7a4a96e2211f8d7614c308f409.jpg 15,0,416,363,1
BB0TGOBCGD7V_jpg.rf.91725c4567e7143f340118b2cb45b296.jpg 62,68,363,350,1
bicycle-28-_jpg.rf.60e42b7fd2ffb56f92a886879ec0a413.jpg 54,214,160,393,1 169,180,209,414,1 201,213,303,416,1 323,224,402,416,1
vlcsnap-2022-03-14-12h55m09s016_jpg.rf.b7a2c26c29691321cdccc507a5279e32.jpg 0,147,189,416,2
00000079_jpg.rf.452f3fca5966ae9ff34d7e4a27359efb.jpg 153,261,194,323,5
1a69149b-f6c4-435a-8331-8409bf59db82_jpeg.rf.9a5f40af785c182bd474d8a940f2f8bf.jpg 113,38,276,323,0
vlcsnap-2022-03-16-11h18m03s138_jpg.rf.ff3cf1114c50c35b91d15ba7a7df616e.jpg 0,120,199,416,3
bus-126-_jpg.rf.fe7ac7aaebaf266e1e79a9d644c41860.jpg 201,159,377,263,3
2003-Jeep-Liberty-Sport-1J8GL48K03W5_jpg.rf.4c51e6073ce254629b297ea768ebb8f9.jpg 25,53,398,363,0
1a51bb77-91c7-4da5-aba7-ecb4752cc928_jpeg.rf.a0fb0b7edf5b780d919c3463dce1ec74.jpg 153,1,325,326,0
3caa94f9-b4bc-45c3-aec8-8fbbe8fced19_jpeg.rf.ea0ec3469adc307fa38bb829e7925473.jpg 214,146,295,375,1
1a783f9e-cfa1-46f0-a2b7-580b0f045cdd_jpeg.rf.4351979608aa4cbef5c5d4fa61a21540.jpg 114,23,263,326,0
2004-Jeep-Grand-Cherokee-Laredo-1J4G_jpg.rf.afc068704e8598f92285d63251267f98.jpg 14,90,408,352,0
vlcsnap-2022-03-15-13h37m53s193_jpg.rf.e6786e2e6c520834bddd52e110fe2992.jpg 0,0,211,416,5
20210512_19_04_00_000_PW0fpF8Cn0QICjtbdkYRu4SSCu32_F_3264_2448_jpg.rf.4f6bc51ee92e14f940085963c6d9ea0e.jpg 76,40,396,176,2
j10_jpeg.rf.c16dd478cad56f222d5df524d6645736.jpg 0,77,382,392,2
233_jpg.rf.cb03772a875e4df28a1c612e85a5cddc.jpg 38,191,363,412,1
vlcsnap-00101-Copy-2-_jpg.rf.587a230a9cd8e0e04efbab8bdede64e8.jpg 159,245,416,416,0 359,256,416,328,1
ambulance-303-_jpg.rf.92b18ca4ae01c0a337842c9e03f1687d.jpg 131,37,388,363,4
4cfe9d4a-b4c0-40ed-b0f6-75a1228bcca1_jpeg.rf.76ea95593b573cdca9bff3a70012e7b0.jpg 64,0,290,334,3
vlcsnap-2022-03-16-15h02m04s336_jpg.rf.09f8f8476c48479f3877dfb9fcd25347.jpg 0,0,215,416,5
Screenshot-2024-05-30-140952_png.rf.871c6979c05c5d605b6917f80cfceafc.jpg 32,0,282,265,0 0,2,44,89,5
00000147_jpg.rf.c673729b05e8a39e1890ac66b72fcac6.jpg 147,27,318,350,5
9aa4d0da-3fa4-4612-ba76-60361e11d54d_jpeg.rf.47e75a38cca4fcee01498c1391292264.jpg 43,0,280,336,3
vlcsnap-2022-03-14-08h33m50s915_jpg.rf.6f3c8c16aa3d48dc02d6a41697dc4aef.jpg 0,171,177,416,2
49_jpg.rf.79a86a1d37ec76fddcb8c6d4459f4ff9.jpg 17,101,404,373,0
Screenshot-2024-05-30-141004_png.rf.59a84e2fdc15fe13bcdbb03b15197b07.jpg 7,0,280,217,5
Screenshot-2024-04-30-113848_png.rf.628f91b6311c1117c9ea4de4f42522d9.jpg 1,2,416,411,0
Screenshot-2024-05-30-140926_png.rf.7960f6d74233ad66330d9acb65680244.jpg 21,2,416,416,3 8,45,24,104,0
vlcsnap-2022-03-14-15h15m53s093_jpg.rf.8699214691ca3636dbf50ac7fc30fbc7.jpg 0,68,209,416,5
vlcsnap-00088-Copy-2-_jpg.rf.0a52d054ed46f048c53a0df5947140c5.jpg 170,220,415,416,0
426556890_426034839996144_3805558286855466624_n_jpg.rf.6fd264b0d3bc59efd99e927286db4bf2.jpg 16,59,402,379,0
vlcsnap-2022-03-16-15h05m40s762_jpg.rf.f7cccfe3425c56b879afad871146b1ec.jpg 0,0,213,416,5
5d7a3aff-4be8-4470-affa-10f09f697e39_jpeg.rf.6e7f44b7291ec5f1743e4850d263511e.jpg 162,180,246,392,1
bus-192-_jpg.rf.18298bc978a1f459709f4340974ea47c.jpg 0,88,416,371,3
vlcsnap-2022-03-15-10h00m29s662_jpg.rf.265883ece75ea58b1125e6ce58c6aae1.jpg 0,0,202,416,5
vlcsnap-2022-03-14-08h34m00s325_jpg.rf.314c5fd4ab8230c4b1a13cf38df64831.jpg 0,234,175,416,0 161,204,206,268,0
00000150_jpg.rf.753aa23da7716ccefc43f9909a70cfc0.jpg 17,92,250,334,2
ambulance-307-_jpg.rf.e66c8985913a760cd93e2edd091419ad.jpg 76,71,345,389,4
ambulance-306-_jpg.rf.ed7df28d4475b593a131d9328aab4cc8.jpg 0,0,416,385,4
5fb2683d-10a7-4900-8c82-87349c522560_jpeg.rf.7635999186603f3c8552267ec69671f9.jpg 139,151,227,379,1
531_jpg.rf.8c17aebb41943e684f1c0c47fa6da804.jpg 148,134,332,416,1
3ae2041b-8e1b-466c-ad14-1730958ace7d_jpeg.rf.92fe305354fc6970e5ce8288eba39731.jpg 196,194,274,397,1
image02548_jpg.rf.fabce6a0fc64754f33b68142ed6856a1.jpg 39,97,373,368,2
Image_013293_jpg.rf.a51efa839042481dbfed2a43aa57181b.jpg 60,173,219,327,2
Screenshot-2024-04-11-110810_png.rf.353e5393c95960d51d21ed4ed1fa1210.jpg 89,95,205,304,2 66,199,81,225,2
539_jpg.rf.06476b5d072c9af9914e6bcf8e7a8f76.jpg 158,96,401,416,1
vlcsnap-00087-Copy-2-_jpg.rf.2ef7d964e65cb22369a03ab0d489d0af.jpg 148,251,416,416,0
1d9e58cd-02e2-4e79-bc51-939e84dc1a16_jpeg.rf.117151e470781b998fe6b039b6ef758a.jpg 162,192,222,368,1
5d6447e3-0078-4f32-aebb-0118feccc156_jpeg.rf.af80ea226597e87d83489a426de1bdce.jpg 267,152,352,340,1
bus-191-_jpg.rf.072d38b0794feb1870876759e0ca7b51.jpg 57,0,321,416,3
ambulance-305-_jpg.rf.87de74df0325d27fe336c5765024ecae.jpg 24,29,375,416,4
0c4ce75c-b133-4367-9212-dc6497d350fa_jpeg.rf.db407f45785e0a7d6eb7ba8e05e9707c.jpg 52,0,286,317,3
vlcsnap-2022-03-14-19h03m28s860_jpg.rf.d096731ccdf9c13b9556a00dfdd3f90a.jpg 0,0,209,416,5
5d10e6c7-b222-463a-a464-1df8d5d96276_jpeg.rf.c79c35b3394ec563acf23e494c111dbc.jpg 110,0,333,339,3
vlcsnap-2022-03-14-13h52m34s190_jpg.rf.db9ea0ffed43388210956c7f98e0bcb1.jpg 0,71,206,416,5
Screenshot-2024-05-30-141023_png.rf.900781e82e72d7f9c1f84de6c972f3aa.jpg 37,7,209,208,0 9,48,49,110,0
LPC-07_DTP-2_DTP-2_20240310170937_20240310181125_2_1G_mp4-0125_jpg.rf.d6606becb60c4077e5eb99b8ad595bf9.jpg 116,0,301,280,3
Image_013292_jpg.rf.de965a3eb686eb6c2437993d2059e5ed.jpg 59,47,365,348,2
vlcsnap-2022-03-14-18h02m05s629_jpg.rf.f53a547cf6fffb58290b31dd240b7783.jpg 0,101,200,416,2
G8PCGKS23L46_jpg.rf.48ddb99b40c370c1ea5b344ed4e31354.jpg 0,165,150,416,1
Image_013236_jpg.rf.e901dda7c558daf8f2dd7263d07e609c.jpg 0,0,399,397,2
vlcsnap-2022-03-14-18h29m43s519_jpg.rf.0c3430836df1b00261d8f1ec036df222.jpg 0,157,163,416,2
0855dff0-b172-4212-8b49-fa0d0cd43b7d_jpeg.rf.d7013b236a3167bc8aed9ea62b802c31.jpg 105,0,309,373,2
Image_013304_jpg.rf.a5eda17ca8ab8255fa3f9b1fc8cc20af.jpg 148,46,396,347,2
4f1646ba-5b07-443b-b1e9-7d08c92884c5_jpeg.rf.7d71801bf20f5c03caba4d7f3b0a558d.jpg 154,180,242,408,1
vlcsnap-2022-03-14-15h11m16s680_jpg.rf.48989c912d8771ac51bff46a8a2c7d5a.jpg 0,54,210,416,5
Cars-on-streets_41_jpeg.rf.57a7d53344e46527cedd8b9bba8af2f7.jpg 34,283,91,382,0 68,246,113,308,0 132,263,189,352,0 53,199,92,262,0 208,262,258,330,0 225,327,291,415,0 183,230,219,280,0 304,309,371,410,0 281,268,328,336,0 123,207,157,256,0 305,218,320,270,1 331,214,348,269,1 285,195,297,242,1 389,255,406,313,1 252,144,262,180,1 268,153,278,190,1 133,365,205,416,0 168,160,200,192,0 128,188,161,208,0 82,171,105,213,0 175,206,218,235,0 228,185,258,222,0 264,192,273,218,1 115,155,147,184,0
00000152_jpg.rf.139691275e8280c0003423291117fb1e.jpg 141,130,267,279,5
vlcsnap-2022-03-14-08h39m21s069_jpg.rf.a7fbdd359381d153f986df5b52ac5497.jpg 0,223,184,415,0
vlcsnap-2022-03-15-10h36m20s645_jpg.rf.ead2a422f882578c398cfc322239599e.jpg 0,0,204,416,5
bus-202_jpg.rf.f77b7cceff6a481e27e6e51d7d1bec1a.jpg 68,57,407,331,3
6fc07421-0590-4fc4-bb51-14c26bf9ae71_jpeg.rf.6962563d783afe7cc88b5467aa2b51cf.jpg 172,124,258,364,1
527_jpg.rf.c57842376009ec5f824b41682336cfc0.jpg 95,108,351,416,1
3e116532-7e9e-4ff9-8947-b8018b0f5a79_jpeg.rf.d04abd224bafa4e5ba950a2dec1f694d.jpg 107,6,341,298,3
IMG-20240212-WA0283_jpg.rf.7038384439b8f2bc87a72f7a25ce504c.jpg 58,201,415,411,0 0,187,183,308,0
OIP-5PSFlMEuR0ZaRjzUlb17BgHaE7_jpg.rf.00fabb83f9314d1fb0f99ac1792b758a.jpg 10,32,384,414,4
G9RZTESQ6H2K_jpg.rf.f468802963ac9e7f0804a38d84c545ed.jpg 43,0,393,411,1
549_jpg.rf.1a5b0242cf54b06f9d8da8b25ea619a2.jpg 107,72,346,398,1
532_jpg.rf.47d86b68cc7ed4c7767f418ee95d48ef.jpg 101,87,327,416,1
vlcsnap-2022-03-16-17h09m50s076_jpg.rf.4afef0248d2c23240caf3926b47198c7.jpg 0,110,204,416,3
547_jpg.rf.a97c014f82d9c7ddaef126c5676c1184.jpg 155,56,362,390,1
bus-185-_jpg.rf.d82c32091d026522884b6cadf040ff5a.jpg 22,87,416,316,3
Image_013303_jpg.rf.8654b18c189dfc3d7d31be5dca8ca1c8.jpg 11,4,394,379,2
ambulance-447-_jpg.rf.d8abcafd97ad91030606ae2ef319b590.jpg 191,53,415,416,4 106,106,200,363,4 78,149,116,299,4 63,170,82,273,4 47,182,66,257,4
530_jpg.rf.44231a6ef6b59a4fd13bb413c111cd81.jpg 116,101,323,416,1
vlcsnap-2022-03-16-13h44m28s872_jpg.rf.2cff4228251ae8e5c259562b86be64d0.jpg 0,0,206,415,5
533_jpg.rf.c16b9240de27c4bfe6225204c029a053.jpg 51,104,328,408,1
vlcsnap-2022-03-14-15h00m49s206_jpg.rf.f69bf5eb88d24f2e3824f23e08bdfa61.jpg 0,64,207,416,5
vlcsnap-2022-03-14-18h42m59s919_jpg.rf.4400900428d9062de5061a6d940ba44f.jpg 0,60,199,416,2
vlcsnap-00103-Copy-2-_jpg.rf.3597f1223c1526b1b3578ed4b8727932.jpg 155,158,416,414,2
0adbc85a-e769-4461-bf4c-e3864cd6a88c_jpeg.rf.e42d3fa56b9b15cc661d6a3f904887f8.jpg 232,139,318,375,1
vlcsnap-2022-03-14-00h55m05s177_jpg.rf.87577d9de0c234466281c4f2dfe59471.jpg 0,196,178,415,0
ambulance-304-_jpg.rf.2871fa485421d9637bddce0d869ac611.jpg 5,5,412,397,4
ambulance-309-_jpg.rf.c9ade4fe097a209d5c1efd71e0e5df64.jpg 61,135,388,368,4
Grove-All-Terrain-Cranes-Carrier-Operations-00054_jpg.rf.1fae417fb1c2527252e6e231aab11607.jpg 1,1,415,332,5
Image_013308_jpg.rf.412c26ae16d706df77673864301e66e4.jpg 0,4,384,394,2
bus-193-_jpg.rf.6c0c6547abd6c64b1c3ab08e29dc1f71.jpg 6,62,416,343,3
bus-17-_jpg.rf.d6b8be15f8c25f0e5223a3dca72b539e.jpg 72,68,402,364,3
vlcsnap-2022-03-14-08h34m10s602_jpg.rf.de0d381cc850b0e65d350fcac776565a.jpg 0,247,169,416,0
536_jpg.rf.a4907bd42fdf7fd0713392fb39b053f2.jpg 112,124,325,416,1
vlcsnap-2022-03-15-09h56m05s507_jpg.rf.c9b3eb5c71ea0c4709d677583618c87b.jpg 0,0,207,416,5
vlcsnap-2022-03-14-15h17m20s789_jpg.rf.1deb6f8366f6e754c217290afe6eb8f6.jpg 0,67,204,415,5
4b43a62c-a735-46bd-b4cd-cee63894073a_jpeg.rf.f87cd120a1c59c6eaefc8cbfd9635acf.jpg 209,255,286,416,1
vlcsnap-2022-03-15-10h12m03s291_jpg.rf.927c28307b95ceacdef2d8c105c353d1.jpg 0,0,210,416,5
vlcsnap-2022-03-14-15h15m17s537_jpg.rf.069790e8fb7069ddaba08eee13ffbe90.jpg 0,68,205,416,5
bus-203_jpg.rf.1cae331783101657f7b60eb9230513c5.jpg 26,15,371,379,3
vlcsnap-2022-03-14-18h41m00s292_jpg.rf.8ae8d926f58bfbab19adce641296000b.jpg 0,90,203,416,2
291_jpg.rf.6f83177132aeae5d41f1ebd6c09e7b02.jpg 83,179,411,413,1
00000156_jpg.rf.44bc5e07949d8616b4cc5b0d8a6f88ce.jpg 25,1,379,351,5
1db1bae8-9039-4209-8d01-5425ed8fcf8d_jpeg.rf.b037b2b39bf2d19bf9f6f6b8e5649343.jpg 189,132,293,340,1
9f25c037-ef3c-4feb-a75c-4f830c35db2b_jpeg.rf.571037a25bb9f5b83fadc20ff086e564.jpg 37,0,285,298,3
vlcsnap-2022-03-14-15h09m51s377_jpg.rf.ad35dbf6dbc7375afdd56a3a7c496abf.jpg 0,0,212,416,5
Screenshot-2024-05-30-125042_png.rf.822ed6c81874c62121c533f20f0356ba.jpg 199,1,416,416,6 4,1,78,140,3
1611dc38-CBT_Dharwad_2686_12_2_2022_10_38_36_jpg.rf.d715400a1a218e17e415ae136f6c2185.jpg 65,198,219,343,1 0,38,234,278,1
vlcsnap-2022-03-14-20h23m40s106_jpg.rf.187ff8bbb5ab3bdd51bfd602872cbd81.jpg 0,0,201,416,5
bus-174-_jpg.rf.e574ba6fb4187a9e0cca7b2e1063aba2.jpg 27,12,385,394,3
Screenshot_20240130_172956_jpg.rf.37a3e673d6282f6c603c829ef4b9d5bb.jpg 81,176,416,345,4
Screenshot-2024-05-30-141030_png.rf.0e22103b316d17672533dc6125e1af9f.jpg 70,0,416,416,0 10,47,68,116,0 2,1,47,78,5
bus-196-_jpg.rf.bccdb386d5896b5f0687b8601bb7beba.jpg 8,70,416,306,3
6cb5e67e-9b8b-45bd-aec9-259ef3b8aac9_jpeg.rf.48ee1569b6076ec9a7d6096761f3bab4.jpg 235,140,325,358,1
bus-192-_jpg.rf.5617a68cf5732ceb61ecd1e4ffa8692e.jpg 0,88,416,371,3
537_jpg.rf.4f641d2b89d265deca3823ba12268915.jpg 6,116,384,416,1
7f87453f-b776-4bf3-9196-c6c82d308aa3_jpeg.rf.e0167389638c5e3586a064f718f1e0c9.jpg 68,0,327,316,3
vlcsnap-2022-03-14-15h49m25s145_jpg.rf.df274f998f7d77481fd2db197bfc452d.jpg 0,73,207,416,5
image02556_jpg.rf.31b482571562c84ce5b20b0d74aaf1a2.jpg 19,0,381,403,2
3ee4cc52-c917-4072-a69d-773055eacc1f_jpeg.rf.4c9a5a0dda6ad537680f042cc2a9d83f.jpg 100,9,333,282,3
bus-192-_jpg.rf.afd817c004a8150358426603d6525db1.jpg 0,88,416,371,3
images-2-_jpg.rf.5dc816cd0fcd039d475a9cbc9b719397.jpg 22,18,331,405,2
vlcsnap-00102-Copy-2-_jpg.rf.4f22bae71e082bf7fdbb84279c9e4a65.jpg 196,223,416,416,0
vlcsnap-2022-03-16-15h06m33s880_jpg.rf.e9fded7ffcc2952b3d64f58eaa3511c6.jpg 0,0,215,416,5
581_jpg.rf.9f10c461f9b553a756ee3b56801f6e51.jpg 93,150,321,389,1
image02549_jpg.rf.2616c0ca440289a6a4eddb774145dd54.jpg 11,32,391,367,2
vlcsnap-2022-03-14-19h03m42s114_jpg.rf.527cc96a9561384dc772bbcf92bec66c.jpg 0,90,205,416,2
524_jpg.rf.daeff43b82216e3e44169f8b99f49bd2.jpg 104,115,321,414,1
00000153_jpg.rf.d29ef4596e55212b11ea32e4494f1622.jpg 156,47,317,346,5
bus-205_jpg.rf.5501478400066d1cbebac7a16f59116d.jpg 22,6,392,408,3
02f6474f-45d8-4a1a-a029-4f79aed8c9a5_jpeg.rf.8ddaf2ce3c4ab0fcb5b0a406d2e84017.jpg 61,0,300,394,3
vlcsnap-2022-03-14-19h16m17s431_jpg.rf.243120ff0c0b146e4fb3bb68d5e725fb.jpg 0,53,200,416,2
bus-196-_jpg.rf.f83383d48ca935e0a36868ee8edb2a02.jpg 8,70,416,306,3
vlcsnap-2022-03-15-10h38m42s649_jpg.rf.1f58539f6dca1ab0422f7f641cac10f4.jpg 0,0,209,416,5
526_jpg.rf.5e837f7dd1af65a021960f03219e68ee.jpg 66,99,357,416,1
0f7693fb-bbbd-4454-b7cd-da00ff0e1560_jpeg.rf.1fe1f35426c5e96a8cf6c18e495d1176.jpg 170,158,251,365,1
Image_013331_jpg.rf.1b08f1ad398c1d81bc757ea6e9eb9086.jpg 64,116,328,324,2
525_jpg.rf.6a57ad185942f3aa6d6f50843b381667.jpg 70,89,362,416,1
4da134cc-5654-49e9-b975-e93fa325e5ca_jpeg.rf.993e17351a98228cb80c4d03cef956bb.jpg 213,120,303,319,1
7e7ca1fd-9935-44b5-ae16-afa941518fec_jpeg.rf.f6d1b5d7c16242ff6004f3aed6a19a41.jpg 209,168,299,369,1
Screenshot-2024-05-30-141039_png.rf.142d1b011319570a2e94c0a9ef7dfabc.jpg 28,34,210,239,0 2,0,52,117,5
new-delhi-india-june-17-260nw-1758724742_jpg.rf.ef5510bdd760fb6292b1a61b697f87c5.jpg 102,55,283,336,4
51_jpg.rf.81127182e811f3d3f6885a605f558e44.jpg 49,149,364,349,0
vlcsnap-2022-03-15-11h05m22s297_jpg.rf.3ca2c52822ccf3986166bd0b1645bca7.jpg 0,0,214,416,5
images-2024-04-04T151930-747_jpg.rf.2882494198dbca81208f9d83baaef194.jpg 87,92,324,309,2
ambulance-287-_jpg.rf.4d61002c377a085bb3dd39c34fb99a5d.jpg 80,74,246,379,4
vlcsnap-2022-03-14-08h43m07s300_jpg.rf.07592dc0c727a909fb7cd97bf1310041.jpg 3,216,173,416,0
vlcsnap-2022-03-16-17h14m53s437_jpg.rf.e3045a6ca76e3480b7753159356e2daa.jpg 2,104,207,416,3
OIP-9AP0Yd5leSHS8V8Tuj0gogAAAA_jpg.rf.71a965b03e308430d83cba30d4f153c4.jpg 51,0,411,411,4
527_jpg.rf.24296f07fee4d226cbeda05e871432a6.jpg 95,104,352,416,1
ambulance-63-_jpg.rf.7c01e1a6221367e26468a0f7905bbc08.jpg 0,63,92,290,4 93,68,245,273,4
IFWUXH662V9W_jpg.rf.f13ca0b0a038d0e13d629fc6703c6b74.jpg 10,73,349,336,1
vlcsnap-2022-03-14-19h04m12s966_jpg.rf.fc3567bdbbc497485805d7dcf223bd87.jpg 0,88,205,416,2
bus-204_jpg.rf.0bca782e43b4ff7ee462eb7c9b4ded90.jpg 0,5,335,415,3
bus-194-_jpg.rf.da83ba0b0cac38a70638429b55e09abc.jpg 0,96,416,300,3
bus-193-_jpg.rf.454e9c8cdf88ad8e1c33ba1165f3a035.jpg 6,62,416,343,3
IP95THT1KX2G_jpg.rf.3cc972fbcbaccc407cd3767474937c49.jpg 79,54,390,416,1
images-2-_jpg.rf.6045003046b04ece76151f1661f739d1.jpg 56,124,414,358,2
bus-194-_jpg.rf.2c69c3f278cc20576c11caaf5c897649.jpg 0,96,416,300,3
525_jpg.rf.3bc969b799bf7b1142a1229880f98513.jpg 74,89,362,416,1
277728833_3303633896589526_835774170547133191_n_jpg.rf.7b21404e6d72596ff9aba228f0fd7921.jpg 0,19,402,380,3
vlcsnap-2022-03-16-15h13m19s555_jpg.rf.1bb45c3e704821936633ab79dda745f0.jpg 0,0,206,416,5
vlcsnap-2022-03-14-01h12m27s070_jpg.rf.248bed87e34a7c718a9ceda34812a64a.jpg 0,168,175,416,2 165,188,205,255,0
Screenshot-2024-04-30-113947_png.rf.3147112488aec68545c85837b965703a.jpg 12,22,385,406,0
bus-178-_jpg.rf.e2c665af8147e9f584c883e8c75124d7.jpg 29,101,416,347,3
Image_013259_jpg.rf.bfcb9bbd4f45e505920f4ef6ed0c0f6b.jpg 17,5,348,373,2
00000155_jpg.rf.76384e50fe9352314eb6a263b44165ac.jpg 129,151,329,305,5
vlcsnap-2022-03-14-15h54m43s003_jpg.rf.de6865e1abdb51c4036aea74b1a7d748.jpg 0,67,207,416,5
vlcsnap-2022-03-14-15h53m00s914_jpg.rf.f2a103a29da42e3c9fa6adeaed9b0c24.jpg 0,51,211,416,5
Image_013332_jpg.rf.1e288686b3940d4dde9fdcccb96529bf.jpg 0,7,412,376,2
vlcsnap-2022-03-14-08h40m14s072_jpg.rf.3faecae98b5e451569544861c53dba59.jpg 0,255,161,416,0
vlcsnap-2022-03-14-08h39m54s633_jpg.rf.215434a1b732b9d582d2114675188676.jpg 0,227,180,416,0
315_jpg.rf.b20d45b7f09869edf3e6e6f9a022d2d8.jpg 88,263,365,416,1
20201013239283_jpg.rf.2c0132c4c2c1f88c75ac8d58754a464f.jpg 20,15,366,376,0
Screenshot-2024-04-30-113732_png.rf.1c68966862288342a7410e52396f06dd.jpg 3,0,416,398,2
Image_013336_jpg.rf.4a79ab223593ac925f9fcf56f770a4c7.jpg 76,115,274,306,2
00000158_jpg.rf.9b02aa4999fd491fe785a7ee3871b311.jpg 77,7,294,356,5
vlcsnap-2022-03-14-15h48m42s179_jpg.rf.b8e9cb6df8b62a3ded6b9ec297011515.jpg 0,67,205,416,5
f8_jpg.rf.af448f9914737ca027e6085486f74538.jpg 10,33,395,381,2
2020_jeep_renegade_longitude_00_jpg.rf.d664c1122847a15bfb889f6fb89a4ed0.jpg 58,79,359,340,0
images-19-_jpg.rf.d1c258df3fad40ead76af7e19918a112.jpg 33,59,374,349,2
Screenshot-2024-05-30-141101_png.rf.c0cd3acfa2080744253640248ad705d9.jpg 10,0,168,153,5
0c82ea8b-e80e-46a1-8520-1eb7802763fd_jpeg.rf.f77278b975acd790c7536ba25084e6bb.jpg 46,0,287,287,3
bus-207_jpg.rf.1cce4f2d9fb06a8d2621c2f51a7b9ab0.jpg 0,6,277,379,3
ambulance-293-_jpg.rf.a61dbf3502d609e936b6f0ff9725e8fb.jpg 52,46,416,404,4
vlcsnap-00095-Copy-2-_jpg.rf.9cd17b05265123a97c7157e319e31d9a.jpg 154,202,416,416,0 124,181,140,210,1
image02430_jpg.rf.e8dd199028d35d3c5b43a2c0edeb4ebc.jpg 33,101,363,416,2
334055494_1576410176156512_7780475935238255073_n_jpg.rf.a224371dc31c2ac969f01ed26606e094.jpg 7,73,387,396,1
52_jpg.rf.84b361028af46887275b59912f01b43b.jpg 85,88,345,364,0
5ee38807-711f-4839-b040-15c42746e24e_jpeg.rf.fcfa551726a297095dcdfce33130932a.jpg 154,158,227,353,1
ambulance-26-_jpg.rf.83d5ecc16397090e63860a2d4dedffff.jpg 0,6,321,416,4
vlcsnap-2022-03-14-14h49m18s581_jpg.rf.16a60bb6e651f22e553ed015a450458b.jpg 0,0,214,416,5
vlcsnap-2022-03-15-11h11m12s817_jpg.rf.3bb8c82573f35dba65e9c77cea1ec516.jpg 0,0,208,416,5
vlcsnap-00107-Copy-2-_jpg.rf.74cfcd849474f8fffc7ec32763dcccaa.jpg 162,237,416,416,0 99,165,152,248,0 292,214,337,272,1
bus-18-_jpg.rf.6f1446d22485ce50c8a6e08347f0357f.jpg 15,21,398,379,3
vlcsnap-2022-03-16-11h47m18s120_jpg.rf.bd63d770bed316081c3c274b57d439fc.jpg 1,0,205,416,5
ambulance-290-_jpg.rf.fd55dc91a99023a1b4772452de71b8f5.jpg 190,83,365,398,4 171,134,196,311,4
559_jpg.rf.9a210c4a03b440a95ff5d879ed425f5b.jpg 213,116,367,403,1
image02559_jpg.rf.494e13e03f6ffeacaca68a6bcbd5d7f5.jpg 18,15,386,387,2
bus-18-_jpg.rf.504409e6ec4d9efe948c7215032e73a8.jpg 15,21,398,379,3
images-12-_jpg.rf.984e4066643f3d1e394ae6d8483ae816.jpg 104,24,315,374,2
3d9b11bf-1e20-4a96-bc84-b4e591dc6377_jpeg.rf.cf4f22ead38486a541ccb6b7966f47c9.jpg 182,148,291,376,1
vlcsnap-2022-03-14-20h13m08s210_jpg.rf.ea3e5ec17e34657412318fb79af6cc22.jpg 0,66,200,416,2
1e760069-b53a-4ebd-a65a-d3d8047eb94b_jpeg.rf.6cdaf01a3f08617318c74953fa17fb93.jpg 215,150,291,389,1
Screenshot-2024-05-30-141107_png.rf.638b7ec67ab0eedc8382fddd6e9052d2.jpg 17,1,416,360,5 7,4,30,110,5
Screenshot-2024-05-30-140910_png.rf.a2a883c397cc3e36d846de886dd93e0e.jpg 16,0,416,316,3 7,46,20,98,0
vlcsnap-2022-03-16-15h39m13s574_jpg.rf.c8d666fbab22ead619ede81d64d61ff3.jpg 0,0,202,416,5
WhatsApp-Image-2023-12-14-at-15-53-14_2ac2cf04_jpg.rf.eef29eaba88ba33b63f40d7c003f9ff7.jpg 27,24,416,249,3
vlcsnap-2022-03-14-08h44m03s573_jpg.rf.8a0c93e4d3b0223b0625841759ea4197.jpg 0,253,174,416,0
Screenshot-2024-05-30-140813_png.rf.a77aa9018b5dea766b04df279847c1b4.jpg 42,16,261,255,0
Screenshot-2024-05-15-174340_png_jpg.rf.440cf10e07e7eb6c9821079d4c46bfe0.jpg 115,173,348,326,2
IMG_2075_JPG.rf.ca21fc7fd3b2100ae1a0e20fc5e2f529.jpg 3,153,388,349,1
WhatsApp-Image-2023-12-14-at-15-53-13_a7acfb07_jpg.rf.b6d63eb0052124c0cf7fc421c8f81c90.jpg 0,152,416,344,3
Image_013334_jpg.rf.1ba7909c711ecbff84ad356e249c0b25.jpg 29,6,370,342,2
vlcsnap-2022-03-14-16h00m29s004_jpg.rf.542c815a3ecd20f4d382fb913858a8e2.jpg 0,68,205,416,5
vlcsnap-2022-03-14-08h43m39s531_jpg.rf.e05cafbe14036f6b5a08f5ad6e4847ea.jpg 0,241,166,416,0
vlcsnap-00104-Copy-2-_jpg.rf.46f5e4185eb8032e84d3dd81a333f2fb.jpg 158,212,416,416,0
vlcsnap-2022-03-14-20h34m55s788_jpg.rf.255323f471a15dfec4955a83987aa7bb.jpg 0,79,200,416,2
Screenshot-2024-04-30-114038_png.rf.6745f18b3231d26cdddc0eae49375a74.jpg 3,0,389,390,5
vlcsnap-2022-03-16-16h59m02s817_jpg.rf.fe588ffa3618a1675b1edf65365c1b5c.jpg 0,100,200,416,3
vlcsnap-2022-03-16-16h18m17s310_jpg.rf.c6a944b83bd99c723585ca979e332074.jpg 0,0,207,416,5
3e9d708f-1a8e-42c8-bb55-ac3e47ddfc6c_jpeg.rf.b18c1e95983593db0faa8804e900bce9.jpg 225,141,309,383,1
bus-205-_jpg.rf.9c4eacba90a0f12aea553637553f8f0e.jpg 144,38,266,261,3
Image_013271_jpg.rf.25136bb6874b77edfe9de89a0f7eb86a.jpg 44,17,383,386,2
546_jpg.rf.ebe37a9b8fec9bed04436240fa982891.jpg 170,120,296,401,1
vlcsnap-2022-03-16-16h51m30s532_jpg.rf.f51566d9020547e744392bde96522af1.jpg 0,0,203,416,5
Cars-on-streets_53_jpeg.rf.b998ac72cc3d4663a0aebd8a9b39e58d.jpg 37,322,64,399,1 83,299,164,401,0
00000159_jpg.rf.b1d712ba8e512f486eefae8330bad705.jpg 172,77,332,282,5
vlcsnap-2022-03-15-12h03m40s438_jpg.rf.272703e6294b94de5669122e4d20450a.jpg 0,0,198,416,5
00000160-2-_jpg.rf.71f1c25def55c05bd1eef815e65063b5.jpg 46,149,225,341,5 274,121,365,303,5
IMG-20240212-WA0285_jpg.rf.8392617411d347d00e9ad056cb4684cc.jpg 147,195,347,399,0
00000162_jpg.rf.5df92f39dbe59b0520179ed0ea87a79d.jpg 136,70,379,265,5
OIP-a5lx4jtxt8O2SQWoWRmhigHaEx_jpg.rf.2b9d2beb58a62a0d6d9d500649872f8b.jpg 0,2,385,414,4
vlcsnap-2022-03-14-15h02m41s729_jpg.rf.675492469781b73aa3296568ebbbf0c4.jpg 0,0,217,416,5
ambulance-292-_jpg.rf.4ddc7448dc6fc047a066f3d4f504d5a1.jpg 118,65,382,391,4
vlcsnap-2022-03-14-08h49m55s211_jpg.rf.3f64691c152659d32bc9b2212df8a736.jpg 0,239,150,416,0
00000160_jpg.rf.5804e0c900c5a49e503388592d9014b3.jpg 74,101,322,330,5
images-26-_jpg.rf.6a5f6afa7a628d20bf25c65d8cdfd6ce.jpg 118,10,376,411,2 11,111,122,230,5
Screenshot-2024-05-30-141204_png.rf.6a0bf687e0499779dc1fd364a327680c.jpg 5,3,209,182,5
vlcsnap-2022-03-16-19h51m46s267_jpg.rf.95753c83ca3ba52700525d715c9bd7c1.jpg 0,0,217,416,5
280312157_3331568570462725_4510378626846487628_n_jpg.rf.96db7cd71a5024a27de5601dbec8524e.jpg 88,48,377,379,3 375,238,392,271,1
bus-210_jpg.rf.0d12454919008459c96eda3a357c2dcb.jpg 41,40,415,416,3
vlcsnap-2022-03-16-17h11m33s166_jpg.rf.4f856a4b2ee48f4f14aa4e6ff2a02353.jpg 0,0,219,416,5
00000162_jpg.rf.2ed86e6c35dcd5b5bed8147774d14ee0.jpg 149,96,364,273,5
images-4-_jpeg.rf.da0bcddda6a236d49b157c286a1eef84.jpg 11,18,397,401,0
vlcsnap-2022-03-16-16h54m36s370_jpg.rf.d363f463365a0e10f747f90128b1fece.jpg 0,0,214,416,5
vlcsnap-2022-03-15-11h26m56s393_jpg.rf.e94141ac9ed27243cae9d9152de5f9bd.jpg 0,0,208,416,5
bus-194_jpg.rf.f497d6e1428a29062fe1363bd77107d2.jpg 151,137,286,245,3
6a8ec629-ea88-4d36-8f1b-0c48ce386ad2_jpeg.rf.554c931633906c39768b76c46709b795.jpg 89,117,206,343,1
Screenshot-2024-03-19-145645_png.rf.415235f1ae74649f5ea5ec6957ab807c.jpg 95,117,166,207,2
2021-jeep-grand-cherokee-l-exterior__jpg.rf.d71fb40dc4a650bee74c5e72190374db.jpg 16,68,401,351,0
vlcsnap-2022-03-14-16h13m32s341_jpg.rf.b0f7fe5d6ca3be94250485cf02ccb879.jpg 0,0,211,416,5
ambulance-294-_jpg.rf.df7228dca199e04fb6e7830b6bd9f653.jpg 5,22,403,408,4
53_jpg.rf.7a408aa3f1062474ab90caa01aa0a26f.jpg 42,69,395,404,0
vlcsnap-2022-03-15-11h44m37s592_jpg.rf.48b3b5ecca99594d1f1d9f596520f72e.jpg 0,0,203,416,5
K5TIC2E1N9RH_jpg.rf.8cf37d788ef55c623e527e15765a273b.jpg 85,142,352,409,1
00000160_jpg.rf.3a95d9beb4549d4436bff4058a0a7232.jpg 69,62,326,337,5
5f262c92-d5dc-4113-a263-8406adef731f_jpeg.rf.51af83b92cda6b06f4fc8b683766b5d5.jpg 238,168,320,403,1
338861b3-CBT_Dharwad_2926_2_8_2023_22_23_57_jpg.rf.f3fab76fc398b0916f7ed084a554dfa9.jpg 141,279,333,416,1 0,113,69,230,1
7be9c652-41e6-445c-a936-bcc1cc6d6071_jpeg.rf.93288d42f4e5c80fa3df59f74f1395a9.jpg 220,285,309,416,1
vlcsnap-2022-03-14-08h53m18s617_jpg.rf.5864754b502c52a3ba84f5902b8ab9d0.jpg 0,183,170,416,2
282_jpg.rf.be19421b4dd9b1c2512665aa2476501d.jpg 87,146,304,408,1
bus-206_jpg.rf.f6b755133b59a53466aca43e75af7feb.jpg 60,67,374,333,3
ambulance-296-_jpg.rf.94a77827adf6c5d1b58ba76798647c80.jpg 11,124,289,347,4
vlcsnap-2022-03-14-20h26m14s807_jpg.rf.9d7cebfc43d5cd2bdab3a95e18525f84.jpg 0,185,171,416,2
vlcsnap-2022-03-15-11h10m09s728_jpg.rf.ffc2f682fad0c8fc89b733012eb4ac7a.jpg 0,0,205,416,5
OIP-AgTKje24wWv3iIylXkq81wAAAA_jpg.rf.7291c52b10d3c9f7d5159473e9537497.jpg 0,16,412,362,4
Screenshot-2024-04-30-113856_png.rf.d7188e060bd0c2873b19ef763017568c.jpg 5,0,408,393,0
Screenshot-2024-05-30-140849_png.rf.60580a667f0a24118ceff05d2e80c358.jpg 43,13,310,293,0
vlcsnap-00105-Copy-2-_jpg.rf.7e4b8b555b037f75bb8a29b73f1728e3.jpg 166,231,416,416,0
Image_013359_jpg.rf.4674aa2b37b2a99708f0fd95a9d808ce.jpg 30,0,378,358,2
vlcsnap-2022-03-14-18h44m08s413_jpg.rf.e37da8e9b3729ba823fdcd7718a8b42c.jpg 0,96,200,416,2
00000167-2-_jpg.rf.1e0e5461adee4a2051799c82af499a66.jpg 14,0,407,390,5
OIP-6zvxsOB62GCAvb3xAx2U1AHaEy_jpg.rf.dd3c82a5f1621fef07a2e29cc8c34a03.jpg 0,0,411,413,4
bus-205-_jpg.rf.416711138966a12cc9452fa3d417969a.jpg 144,38,266,261,3
vlcsnap-2022-03-14-16h02m20s275_jpg.rf.26895c42a9e589fe5995a3c628291f30.jpg 0,31,214,416,5
vlcsnap-2022-03-14-19h08m53s360_jpg.rf.d8faf4c1354050f01138d0f23b89b0f4.jpg 0,85,187,416,2
528_jpg.rf.ec3ef95292a7e60fce7b174f176e5974.jpg 71,95,374,385,1
50_jpg.rf.de76b4002207664f9cc017939fb53816.jpg 54,121,387,372,0
1efd5c79-b2ab-41e7-b257-bd3cc3d980f0_jpeg.rf.bd90227d09200c2b602e14ec71c332bd.jpg 181,125,269,356,1
vlcsnap-2022-03-16-17h38m55s164_jpg.rf.7340f2fbf61f34228c12103cec7baa92.jpg 0,106,204,416,3
vlcsnap-2022-03-14-20h20m25s496_jpg.rf.2ebb807e2c377e1a82d2ea7df5d6a635.jpg 0,75,202,416,2
vlcsnap-2022-03-15-11h43m29s529_jpg.rf.78022df5381f6ed9c6f2ab30fbecc8be.jpg 0,0,213,416,5
vlcsnap-2022-03-14-08h55m58s211_jpg.rf.051a7e4039df675ebb18f30664a80b2b.jpg 0,138,189,416,2
ambulance-285-_jpg.rf.bd0a21035052c0fabefae159f60ea470.jpg 30,32,388,397,4
bus-211_jpg.rf.65a935c1d205b9a3d132abe4060a0042.jpg 90,149,373,389,3
bus-203-_jpg.rf.2c84cf37e4b2fbdc8d395201fbd5e90a.jpg 30,24,376,324,3
2021-jeep-grand-cherokee-l-rear-back_jpg.rf.3f80e7102ff425abbd4a90018411c506.jpg 51,124,378,368,0
bus-205-_jpg.rf.f8b11290ea41a7b4ce1692af4fd94438.jpg 144,38,266,261,3
vlcsnap-2022-03-14-20h52m12s549_jpg.rf.da79cdd38dd8789a36bb6451d03357bf.jpg 0,79,199,416,2
00000172_jpg.rf.a51e1005d17e6bb422037ae03020fc61.jpg 2,176,65,248,5 104,118,236,242,5 266,151,320,220,5
ambulance-286-_jpg.rf.ab9bbcd5dcf0b325403fc76b79126bf4.jpg 6,57,178,309,4 224,36,412,338,4
vlcsnap-2022-03-14-08h53m00s316_jpg.rf.5f75908732292c8d79b70ada55cb9272.jpg 0,248,163,416,0
vlcsnap-2022-03-14-16h19m52s261_jpg.rf.d6e976155fc36988ea3e2c01ca0aa739.jpg 0,0,207,416,5
283069087_3340969339522648_1328967475674145428_n_jpg.rf.ec21a3ce72402ffd92f0d2ca28f36d1a.jpg 62,91,373,360,3
00000164_jpg.rf.324f24f7fd13fbb48934087ac013a5df.jpg 135,185,330,416,5 333,202,416,416,5 18,165,140,402,5 4,118,60,229,5
vlcsnap-00109-Copy-2-_jpg.rf.b645f127d2f2670bca34e14b39e3fae0.jpg 173,227,416,416,0 106,152,166,260,0
images-1-_jpg.rf.96ad3330fa3837887c0814d7929b6b75.jpg 83,75,330,334,2
Screenshot-2024-05-30-141124_png.rf.176f1050c89f15f326864558ac33c8a1.jpg 24,0,387,307,5
bus-201-_jpg.rf.bc766b2e6ef662facf0bbb939d6f9f01.jpg 54,30,291,364,3
20201013142190_jpg.rf.60f8cdcb33a1d53812607fffa7a4daa0.jpg 11,80,400,318,0
images-1-_jpg.rf.c8f94c2258a8b71baa50ebca312f1dd4.jpg 73,44,346,365,2
427980371_2661010760723705_7747611972798549108_n_jpg.rf.ae26fc3fc4ad0b52c302f62e1f6b69fa.jpg 62,13,382,362,0
ambulance-295-_jpg.rf.0d745ddf9d2a4a76be1e0dcddeaca5e5.jpg 126,91,350,331,4
vlcsnap-2022-03-14-20h12m39s869_jpg.rf.77172b1cb72dcda8993b1b4cd366f1bb.jpg 0,51,202,416,2
00000163_jpg.rf.c1185c8ce64943788071a50ffaa04f5e.jpg 233,0,416,367,5
vlcsnap-2022-03-16-15h12m03s043_jpg.rf.bc5807fbc2b1107fa94e1589fe654cad.jpg 0,0,210,416,5
vlcsnap-2022-03-14-08h54m23s862_jpg.rf.31dbcf02e3a6cccf970e3f3235b972b0.jpg 0,248,167,415,0
2021-Jeep-Grand-Cherokee-L-Summit-Re_jpg.rf.75bf1a4b6ff2cfe61016f09eb2352ef5.jpg 60,170,340,346,0
00000165_jpg.rf.6e2ea1e3e968467c17db51fc7b758942.jpg 235,163,299,216,5 339,220,383,318,1 286,216,313,277,1
vlcsnap-2022-03-14-15h55m45s599_jpg.rf.cb3f04bec64306e4f20c3d85ed785403.jpg 0,54,210,416,5
vlcsnap-2022-03-16-17h19m41s498_jpg.rf.69f77cb0381ff5f3a1a3c480fef1ea8c.jpg 0,106,215,415,3
bus-2-_jpg.rf.57c7ab92b304d69468aaed5798a95d29.jpg 3,0,408,408,3
Screenshot_20240130_173209_jpg.rf.b0e580d2e98520cd42f6e225916df50e.jpg 9,127,244,322,4
images-100-_jpg.rf.777b1333adcaac2a4af4bcb2322f40e9.jpg 70,76,357,342,2
bus-209_jpg.rf.c9cf0790985d010674c2779a6aff6264.jpg 152,63,387,361,3
296-1258753227DkSD_jpg.rf.3adce0c8b0068f5211e64d9b8ff0ab2e.jpg 75,9,351,368,5
54_jpg.rf.cc43e709f0ed4fdc4aa46ecdc3437757.jpg 23,123,409,346,0
vlcsnap-2022-03-14-16h15m23s542_jpg.rf.fabfd5b13f03f7d48e7747230ea2e8c6.jpg 0,0,209,416,5
images-11-_jpg.rf.f0fdc6177d480e5b9748a7524c84d11f.jpg 100,20,309,399,2
vlcsnap-2022-03-14-16h05m30s024_jpg.rf.d089fbb9f8aeef60d65cebfc66f8c1e4.jpg 0,0,215,416,5
Image_013335_jpg.rf.cc75fad7d456952c5ab0be0a120c34e6.jpg 92,76,319,315,2
0c5dbce0-79e1-453b-9fcf-df891592cb42_jpeg.rf.d82c1eb90d9086bd61704cb3ad367f2d.jpg 207,113,294,307,1
vlcsnap-2022-03-16-17h20m39s931_jpg.rf.be3d95077a83ad2729115455703c6aff.jpg 0,79,209,416,3
OIP-BCdiaoxJXzsuftFi5b-eagHaEr_jpg.rf.9c349402f13a54b732c4a6a575ce4037.jpg 34,18,398,306,4
vlcsnap-2022-03-16-17h00m46s058_jpg.rf.0e1229182f9236cbc5628a279e4512a2.jpg 0,0,214,416,5
image02340_jpg.rf.9ec9910bd59209c259b45ccd947b2046.jpg 14,30,398,416,2
Screenshot-2024-05-30-141210_png.rf.58ca6b45c2571467480b43e6919787ad.jpg 11,3,416,416,5
327_jpg.rf.8e8ba341c802cb6c8eabb2355878644e.jpg 16,270,93,415,1 156,227,216,415,1 260,238,324,415,1 98,270,139,410,1 368,253,415,413,1
JWF3W3RSW3KB_jpg.rf.369cae006524102580c854af751e44aa.jpg 6,90,151,415,1 135,97,273,306,1 213,83,318,232,1
Screenshot-2024-05-30-141138_png.rf.e14e464e164fd6a9bd39dce00710beee.jpg 23,0,416,416,5
vlcsnap-2022-03-16-19h58m28s013_jpg.rf.e5142e1b5796b74ddb1a47f76af85bca.jpg 0,0,211,415,5
Image_013343_jpg.rf.e1e2f8cf11529a47f92f2ce904218a96.jpg 53,94,353,350,2
Image_013351_jpg.rf.6246c9a604b6aa65384379f1ddf77fa9.jpg 52,41,364,361,2
vlcsnap-2022-03-15-12h58m03s192_jpg.rf.42234bb62bd3377e9a380ab76511b016.jpg 0,0,208,416,5
images-100-_jpg.rf.8891f39ec4ea99569f58f45280e9ba0d.jpg 70,76,357,342,2
5b2184c8-99ed-4dde-a42c-2c8152806e7a_jpeg.rf.d9af11fd9e49c5bc40cec7fea6d5b348.jpg 145,0,379,320,3
ambulance-299-_jpg.rf.2e1cce817659cd03baca1c4668af906c.jpg 41,38,392,246,4
0e318844-0057-449e-a833-b0ff07965d67_jpeg.rf.d7dfc685168edc15c35ae13e181f657d.jpg 272,259,378,416,1
bus-206-_jpg.rf.c86e2c25e909fa73bc770d78e7441163.jpg 0,0,275,416,3
31_jpg.rf.b8b6456a9f92c7774fff949ba824b310.jpg 111,210,201,403,1
bus-203-_jpg.rf.6050bf65b897321d0243a9eff1ba0fc0.jpg 30,24,376,324,3
vlcsnap-2022-03-14-20h27m35s185_jpg.rf.3017416d2692716a6561c7bd60d1f46e.jpg 0,142,184,416,2
vlcsnap-2022-03-16-17h57m54s407_jpg.rf.8de150e1e5e7bf838cce03c48721553f.jpg 0,0,204,416,5
vlcsnap-2022-03-14-08h51m45s565_jpg.rf.db9c57bd43da016cee89a503cf630fca.jpg 0,145,194,416,2
ambulance-265-_jpg.rf.2723a100b7a85ea249e1cd589df81c21.jpg 98,34,416,415,4
ambulance-264-_jpg.rf.69ea3e2357af08a1027448b81380a43b.jpg 18,0,416,416,4
vlcsnap-2022-03-16-17h48m33s830_jpg.rf.279c0db386287b045fc0ce8620874c7d.jpg 0,95,206,416,3
Image_013360_jpg.rf.3859fba41e6c112692569277bca9411d.jpg 42,32,372,350,2
5edf8b77-632f-48a8-86c0-8a6e04ebd233_jpeg.rf.bafe75bdae89b1abe8c2e3749a718fcb.jpg 195,176,287,400,1
2012-mitsubishi-fuso-canter-fe160-du_jpg.rf.bb6b96b8050ad8941956944f44bdb8d7.jpg 37,46,339,310,2
Screenshot-2024-04-30-114027_png.rf.dad9b5bc673d5e6b44020986510dd0d3.jpg 2,0,416,405,5
vlcsnap-2022-03-16-17h42m54s221_jpg.rf.668b030b0c4e1890b31653d3167db193.jpg 0,114,208,416,3
vlcsnap-2022-03-14-16h12m54s424_jpg.rf.6b2a30f7247075d7e04762be045f7cf7.jpg 0,0,211,416,5
2fd853ce-CBT_Dharwad_2686_12_2_2022_10_38_54_jpg.rf.353a2779d6b87bffa454d7746602bc63.jpg 123,204,329,371,1 96,182,174,240,1 50,131,167,208,6 266,145,391,257,6
0ceb3d0a-6330-4522-a019-9c0701f37a7b_jpeg.rf.9f0168e3d3dd8efa88215931a5c684d9.jpg 101,0,308,298,5
0d07c450-190d-4f0b-b3fe-b0efcd9bb8ef_jpeg.rf.3511354a7c5c0fbf6b937d252d1c71d6.jpg 92,2,290,365,0
photo_2024-02-12_19-48-35_jpg.rf.33744ede5e75d6bdb3f754a265835785.jpg 12,25,408,392,0
Image_013342_jpg.rf.2ac56399c60d241b759b7d6a699dff32.jpg 59,0,349,344,2
352dfdbb-Bairidevar_Koppa_1514_2_7_2023_17_37_01_jpg.rf.d74b3f43547274cc8ccc81a4c8dbf4d1.jpg 126,199,391,412,1 0,150,67,230,1
image02580_jpg.rf.943bc84ef201a10716a99cc1905528c3.jpg 30,7,405,401,2
vlcsnap-2022-03-14-00h46m02s209_jpg.rf.a6c1d4051bac7a6b273345e221de91af.jpg 0,69,206,416,5
ambulance-17-_jpeg.rf.37004b379cedc8a41af162999ba70036.jpg 0,80,137,380,4 149,93,416,342,4
Screenshot-2024-05-30-124549_png.rf.b43984bede2e01ec6806a7302c63a07e.jpg 37,18,185,262,0
OIP-P1KlYzLz4HZdcghfHXqxyAHaE9_jpg.rf.b69bf6ea5a08d7ad16cb4e6e59b59b6e.jpg 21,70,415,342,5
vlcsnap-2022-03-14-15h46m32s420_jpg.rf.5cfd914ccad465097dcd590c6dfe4f96.jpg 0,1,204,416,5
vlcsnap-2022-03-14-09h21m43s382_jpg.rf.18ad3ee7a9381c55baea3dfb212c1c5c.jpg 0,145,208,413,2
00000043_jpg.rf.44eb62c427ee75bda21b92b2be719dc5.jpg 68,28,318,343,5
bicycle-202-_jpg.rf.2dbdf971a750f01d610d22c3880cc22d.jpg 69,30,186,403,1
Ambulance_jpg.rf.eba193674580b59c7bb85cb048dcfbe1.jpg 7,0,402,409,4
41728_53604_276708_jpg.rf.243bc2849afcbebdb9fc5d370efb9044.jpg 38,22,375,375,2
5dc5a1fb-1231-447c-8cd3-6620d1d998c8_jpeg.rf.662d86444971e2a9cb6401e7af1498dd.jpg 228,174,320,359,1
ambulance-208-_jpg.rf.811f5525c98a5db6a15c3972405812ef.jpg 3,31,400,384,4
vlcsnap-2022-03-14-09h19m55s751_jpg.rf.d29d7c3507f004fabd98e85016031198.jpg 0,171,167,416,2
vlcsnap-2022-03-13-21h01m50s541_jpg.rf.c16ef5a3e2fe540f98282bf4fa3add9c.jpg 0,255,160,416,0 154,203,206,277,0
vlcsnap-00112-Copy-2-_jpg.rf.1e276fe09f9ab63b4f16bbb57e716d07.jpg 164,283,416,416,0 101,160,156,257,0
bus-42-_jpg.rf.82809da6c32bd9bb48bfbd546941de92.jpg 31,0,389,416,3
bicycle-20-_jpg.rf.a3f8ad69accfa881edeabbec2d39010b.jpg 17,107,338,398,1
bus-142_jpg.rf.c8a121864c7202aae342f3bc7340add5.jpg 74,45,331,382,3
vlcsnap-2022-03-14-09h24m17s913_jpg.rf.a47ca06457bf8d1eaacc8a972bc07aec.jpg 0,149,180,416,2
bicycle-198-_jpg.rf.a9fc326c766a2fcf48e2f9489112c219.jpg 42,16,395,411,1
Screenshot-2024-04-29-172120_png.rf.abb191ac990f7da826ab66a1fd667616.jpg 19,0,407,410,0
0d25d5af-84e2-4f69-8a20-8ee360b1711b_jpeg.rf.37ad325f8f4bc24e52d44cc349f9b7e4.jpg 103,2,262,321,0
ambulance-211-_jpg.rf.afae2883f48326af4607157105562a4e.jpg 54,115,282,305,4 318,116,416,307,4 0,118,54,303,4 220,112,313,210,4
vlcsnap-2022-03-13-20h51m46s336_jpg.rf.90cde0712ea82b427806dfe5181d1217.jpg 0,247,156,416,0
vlcsnap-2022-03-14-09h26m16s674_jpg.rf.0971a1f3dee541a3c2dfc10ded20f900.jpg 0,114,193,415,2
bus-144_jpg.rf.e59e9c1732932fd363ebfe5ad02cbc5d.jpg 34,162,368,367,3
REC4frame2220_jpg.rf.28420cfd43f949a905233a704a24933c.jpg 183,139,349,416,2
vlcsnap-2022-03-15-13h51m45s163_jpg.rf.68ba5844d0b736b412e9ee17f572ba68.jpg 0,105,204,416,3
LPC-07_DTP-2_DTP-2_20240310170937_20240310181125_2_1G_mp4-0041_jpg.rf.a6d9c69039a1dd99b6b36471d40dc7c8.jpg 113,9,287,286,3
0d1ab276-4cd6-4f53-a1ee-65aa23aabbe5_jpeg.rf.d830d64d3576a56d6e6ca345f2da2938.jpg 104,31,261,320,0
Screenshot-2024-04-29-172306_png.rf.16f6a8992fb603491b8d2ac5acc86773.jpg 0,0,412,416,0
0d4ac68e-36f0-4986-a23c-450ad338b7f0_jpeg.rf.8fc8cfe1a0a950662340e42ab28c06de.jpg 66,1,247,294,0
vlcsnap-2022-03-14-13h22m31s640_jpg.rf.413368e039b928aec3484b7ea04b3b8b.jpg 0,34,207,416,5
bicycle-205-_jpg.rf.5bbc7a24573b0c24d4d339b9cff5dd7a.jpg 62,78,321,364,1
5ba10ff4-320f-424a-a7a8-bbff44b7a04a_jpeg.rf.31b3a8f390749767160c3c0b08ed9ae2.jpg 78,220,173,415,1
0d32d0c4-606e-45ba-af6b-98764a36b409_jpeg.rf.0ba2ad551a81c842e5fcfed2084af4e3.jpg 54,79,216,366,0
vlcsnap-2022-03-13-21h02m37s069_jpg.rf.6c54aef59c913af900192b835bd1d6bf.jpg 0,240,167,416,0
2010-mitsubishi-fuso-26-ft-box-truck_jpg.rf.6ca22b485a5d4404a57b4e55e83b2313.jpg 63,16,372,353,2
0da488c4-1c44-47d5-b34f-a31e3732ac1f_jpeg.rf.93527ebd10be2bf20fed2e3025c45376.jpg 105,63,263,369,0
9b39083c-5a00-4853-9efa-4d70e081bbeb_jpeg.rf.b03da58a24a31b12d6835f9aa65479fc.jpg 35,5,293,316,3
0d54abca-d185-46f4-91fd-15904bdd5846_jpeg.rf.5bf5b9d0ca31fc3e01f55169f389d35a.jpg 55,27,249,365,0
2-wheeler-driving-on-streets_62_jpeg.rf.9738c149cca720b54722f8de447e7c30.jpg 12,171,74,358,1 206,171,296,399,1
vlcsnap-2022-03-14-00h56m07s305_jpg.rf.0a710ae2f936bc4a4774f253c332b1b0.jpg 0,0,211,416,5
0d60531e-03e3-4123-9045-041436620266_jpeg.rf.730b2da883ae05a22c70bb0ab2faa17b.jpg 143,13,319,343,0
Screenshot-2024-05-30-124636_png.rf.544733fc76f41c153d4d68730f313884.jpg 20,0,339,319,5
2-wheeler-driving-on-streets_55_jpeg.rf.104755fdd2405ce258111874c04c43d9.jpg 183,195,303,416,1
7P0J0M9YAL3B_jpg.rf.a1c392deac3f347f5391d0d55c63a981.jpg 224,178,268,265,1 101,155,168,247,1 268,212,324,310,1 329,180,360,272,1 0,182,61,256,1 162,165,212,233,1
bus-61-_jpg.rf.75587e2a6fa7dc352841252525017d9b.jpg 36,42,255,376,3 280,110,313,173,3 243,94,279,182,3
17_jpg.rf.25c27ee8257179ec33a00377b6a93ed3.jpg 45,51,364,306,0
vlcsnap-2022-03-14-14h09m59s288_jpg.rf.4b17f67c3cece683e47af858f5a7fc41.jpg 0,0,213,416,5
0da9a78f-9481-4fc7-afb6-9e5db720439d_jpeg.rf.41f725d7f8ae739df9fd3dfcf45a4cae.jpg 161,0,371,352,0
bicycle-199-_jpg.rf.1818f58cf58b3bcc346eb869496fbc7a.jpg 4,9,404,415,1
bus-143_jpg.rf.6de4dd336dfdebb8c67851a5054bc2c1.jpg 2,81,359,363,3
vlcsnap-2022-03-15-15h55m13s703_jpg.rf.08cd86bed9aac87ea3bcc33f0075aa4f.jpg 0,110,207,416,3
ambulance2_jpg.rf.7b6c626b7ea79d6a6fdecd5f3ec3a417.jpg 41,97,391,377,4
18_jpg.rf.2754b06499f31e5d7a55c2af8320c8e5.jpg 25,73,408,372,0
OIP-Lk1TSgP0QnrABH9FCnsHfAAAAA_jpg.rf.36c567745f304e2171b09e11f9e19101.jpg 35,55,365,346,5
00000047_jpg.rf.009b9066359b81b99ad7ab848916be43.jpg 159,5,367,375,5
203_jpg.rf.bb32779e6234e1604daf4a95c2ae9c98.jpg 124,123,273,416,1
0cf471c7-68b3-4dfe-8b6c-122d0f941731_jpeg.rf.26e4d0c553bba7b7c6bf92904796bad8.jpg 141,1,330,342,0
0d0167a3-569f-43da-9dbc-07896b804bc8_jpeg.rf.17d9668c0cccbda0ba786142f1ddd0c3.jpg 97,18,267,337,0
Screenshot-2024-04-29-173243_png.rf.157a4a246331e4d51d8c6e350259b706.jpg 0,0,375,404,0
5b1bfab4-b912-430e-a6f1-543ed78d80a7_jpeg.rf.a97ba2448852f68193144a9cd6109eb0.jpg 178,126,282,335,1
Ambulance3_jpg.rf.021dd68ac75d30e7f304172158c4396a.jpg 99,116,305,356,4
0cf305b4-2903-4cec-afa6-2218951116b4_jpeg.rf.66e0fb1241332c6ca3af0b92b6058240.jpg 72,0,242,343,0
3fd42c98-d542-4578-a714-d66f92e66a0e_jpeg.rf.80a7ec3208e58318800534c591e040a5.jpg 42,3,296,357,3
vlcsnap-2022-03-14-01h12m53s193_jpg.rf.8a11d39fe24e18a7fa49770239170ddb.jpg 0,3,208,416,5
vlcsnap-2022-03-14-17h34m29s132_jpg.rf.887edf8b88aee0484ae6781eda882004.jpg 0,8,202,416,5
vlcsnap-2022-03-14-17h52m35s402_jpg.rf.2043f87632c278882fc626f164edaae2.jpg 0,0,204,416,5
ad-20210405095951-5_jpg.rf.80fa1557aac9131aecaaf39c851d37d8.jpg 9,12,415,357,0
0dbb7739-2898-49cf-b8b6-fb7710f424f1_jpeg.rf.13bf18e4b7fbe7e80dad99db35ab0711.jpg 57,47,212,359,0
bicycle-220-_jpg.rf.0f8a1c1cd3a9d155bf9d8fa57826575e.jpg 27,12,416,367,1
vlcsnap-2022-03-14-09h35m19s454_jpg.rf.aa625db80107e3fabe62b6e5d1cbe45d.jpg 0,92,202,415,2
ambulance-215-_jpg.rf.1a240e048e5f203803710ebfaedb3ef7.jpg 1,30,297,361,4
bus-82-_jpg.rf.107da51a6582e98b35ce683474903d0d.jpg 16,76,277,346,3 279,105,385,206,3
0db94a19-da4e-4339-b126-94bd55b720e3_jpeg.rf.3dbb43c7db2463c454221fff49063599.jpg 172,1,361,338,0
2-wheeler-driving-on-streets_58_jpeg.rf.3a1631868f4d31f396cdfc2b8c0d9df9.jpg 72,131,281,389,1
75U5G8J5DFG5_jpg.rf.3886fb56315dd0fc6add3e40e582b3da.jpg 5,77,415,416,1
image01635_jpg.rf.c22b78fa505ad71877f3db1cc7b9a7e5.jpg 0,19,405,385,2
0d1df6ba-29bb-4cf8-9f1b-74a051522df8_jpeg.rf.a3d813bc5f7592a42eaa2abe60e51415.jpg 107,0,299,364,0
bicycle-213-_jpg.rf.2b641d8326b28eb79291450a547aab38.jpg 29,5,349,378,1
IMG-20240127-WA0129_jpg.rf.0aab779b7dae8cf5a4e9bc34472d67dc.jpg 192,112,416,266,3 95,125,186,259,3
0e272ed7-4656-4404-bda7-e1ec37a26039_jpeg.rf.44b8ebad8d93212ada711d9ea8f7a349.jpg 125,1,314,328,0
a99_JPG_jpg.rf.49c66fad45012bc5c9a56481ef8c21a9.jpg 35,63,275,388,0
2465_da8fe53a59ef60c6eb3ea78b89ee30c_jpg.rf.99abad49ccccb002b1929a1bd5700cc8.jpg 9,16,375,384,2
418149862_122128853594113206_872061663914819614_n_jpg.rf.a41c3e89809b9e013c7f68d581695336.jpg 15,90,395,378,0
vlcsnap-2022-03-14-00h49m20s657_jpg.rf.3d82ff8c43e11d8e82680917cae6cd14.jpg 0,69,205,416,5
3e409288-c140-4df2-8456-9eb1e42f6505_jpeg.rf.6bdb580fe7c7c4d8a8561cedab7c8200.jpg 143,121,247,362,1
vlcsnap-2022-03-14-13h07m05s059_jpg.rf.712d6832b9cac6b4a18d1a228c7e86ab.jpg 0,0,205,416,5
Screenshot-2024-05-30-124802_png.rf.d7b88a689afb34d27c6afa73b241e5c0.jpg 7,0,314,257,5
bus-95-_jpg.rf.8182b333af242593eec1102bd2009b75.jpg 2,0,400,403,3
a97_jpg.rf.aba96fb6dca7b86b5b2db3d2ea5750d0.jpg 74,94,256,356,0
images-56-_jpg.rf.ae57f49ab119b9e1d3e25cf4494ced7e.jpg 26,120,352,372,4
4e39cfe2-ea06-48d6-acec-f02b1bd52357_jpeg.rf.7f3e74137c708ee06798ad145ccd1bf3.jpg 159,120,264,344,1
ambulance1-1472487352_jpg.rf.3d8195a70c6cdd369b5ee6fe2dffb97d.jpg 8,20,412,414,4
LCV7_png.rf.262e3dffefbb39fff4a0cd6506e43441.jpg 41,42,369,376,2
bicycle-22-_jpg.rf.204cb65bb6bcd043017c2dee1e2df1a3.jpg 18,63,416,366,1
vlcsnap-00037-Copy-2-_jpg.rf.cd97bbdc3e258475bcf3132377691586.jpg 156,238,416,416,0
1942-jeep-willys-ford-gpw-for-sale-2_jpg.rf.50be36d37a8eb6d9c1dba6dda76acaf5.jpg 39,53,383,397,0
vlcsnap-2022-03-14-08h32m42s293_jpg.rf.c2161b88c2a8788ddd4897d11cc8021d.jpg 0,0,210,416,5
0d2c9757-3a34-44b0-b48d-33d804bb00d9_jpeg.rf.122a1631a93da52e2893638a83ad2905.jpg 123,70,312,416,0
0e9957f6-9855-4ed3-93be-47db67410de7_jpeg.rf.87b2cbbe35dc1bc1e75a9c2de5ee842f.jpg 232,213,336,416,1
LPC-07_DTP-2_DTP-2_20240310170937_20240310181125_2_1G_mp4-0038_jpg.rf.4099cc941e64de039ce8c4a32259eec7.jpg 118,2,288,286,3
b9_jpg.rf.9cced75b872851797c5a56b5a828ef3b.jpg 113,29,378,352,0
vlcsnap-2022-03-13-20h49m56s470_jpg.rf.a801481f1723c94aedd39ee2cfa14362.jpg 0,247,165,416,0
0d79467f-fbee-40ff-a132-529928dca115_jpeg.rf.c176fa89fdbc3eb33a4405dc6eebcede.jpg 75,57,238,328,0
bus-147_jpg.rf.a8e0afee0a52b1245bfca7322da05a83.jpg 33,37,275,355,3 244,122,409,319,3
ambulance-452-_jpg.rf.c05a2eca7443ac1deae27512eba2ca92.jpg 0,11,416,416,4
0e2e045e-3209-451e-a878-619ff938c36a_jpeg.rf.24305a46587d3cab17228f60cb587133.jpg 197,1,372,409,2
vlcsnap-2022-03-14-18h58m53s635_jpg.rf.6ddd32f01bb903d7cde43781cb27ea54.jpg 0,1,213,416,5
2-wheeler-travel-on-streets_17_jpeg.rf.35e1f290bfdf39d2882a4cab170973fb.jpg 154,235,272,380,1 272,235,408,363,1 248,132,289,179,1
vlcsnap-2022-03-13-21h05m18s017_jpg.rf.e09a297a676483560ccdfa93c0fbd493.jpg 0,241,180,416,0
vlcsnap-2022-03-14-10h04m27s969_jpg.rf.d8bc1216799495876496e99b56858d80.jpg 0,75,202,416,2
images-46-_jpg.rf.e4aba99a2147a9e379ee5eae94900240.jpg 120,105,201,264,4
00000048_jpg.rf.a2e77d0d40bf1029f49f9e4b5ba447c6.jpg 165,64,344,350,5 39,153,178,325,5
00000045_jpg.rf.cb3362ec847f9f93f4c357625a40be52.jpg 90,44,323,352,5
vlcsnap-2022-03-14-09h28m01s730_jpg.rf.b678ba4d53130d6cd56fbc3a11c8df75.jpg 0,116,200,416,2
0e1c6008-6193-4f16-a3e1-67a00c5298ea_jpeg.rf.1deee8a4ede5a35ae54651428b680254.jpg 108,64,279,358,0
8d3f7ff4-d0d4-4ac7-a270-42568de6b237_jpeg.rf.91f7ff963daa8358d1da0549da32f138.jpg 52,0,295,320,3
bicycle-226-_jpg.rf.89d6c55d6b4d6bc7dcb750c6ce36bfbb.jpg 4,152,265,409,1
ambulance-18-_jpeg.rf.36f9bdfd2782671878fb1c5ee10c6dca.jpg 112,31,269,383,4 270,10,416,337,4
b7_jpg.rf.4079085646a7de9a52110c8fdea87b20.jpg 146,24,383,387,0
IMG-20240127-WA0137_jpg.rf.1db146fa5494fb0f6bef5b43ec1c43b9.jpg 117,128,400,379,3
bus-154_jpg.rf.304c94916453e50393ba9e011f3591d2.jpg 112,142,287,377,3
LPC-07_DTP-2_DTP-2_20240310170937_20240310181125_2_1G_mp4-0040_jpg.rf.1f1e6fd5e1fae8a724ac026808df493f.jpg 120,6,287,292,3
47fd555c-7a79-422b-9cec-c3bb201c26b4_jpeg.rf.0553760645dc3d646e95161656ee3b5f.jpg 48,5,282,248,3
0d3b7e60-82e1-4eee-8182-33cb9a0f6c73_jpeg.rf.c98f3db3cb142d4538087e52b1079791.jpg 82,1,223,330,2
vlcsnap-2022-03-14-00h57m58s786_jpg.rf.d6eef9dfdebd64dc19256f1a944dbf37.jpg 0,0,208,416,5
images-51-_jpg.rf.ad9a8c8d82cb611189003d7c324336d0.jpg 61,75,335,292,4
vlcsnap-2022-03-14-13h20m20s365_jpg.rf.4f5f986da3171db4be54a3b969fd2f8f.jpg 0,0,210,416,5
0d1f8fd2-d111-452b-9129-faa9e1a34e64_jpeg.rf.38a98882ce4ecee8117f0a6ac48fa502.jpg 97,25,279,366,0
ambulance-212-_jpg.rf.b53714ab1b52cead2670d52806419062.jpg 245,133,416,323,4 130,157,301,289,4 312,172,416,355,4
c6_jpg.rf.7d9e3801a8a5db7ca9e058168a0f79a7.jpg 131,8,361,361,0
ambulance_PNG58_png.rf.4eb21c78beb835014e225b71e4ada2d1.jpg 4,6,415,405,4
bus-59-_jpg.rf.f946de71b2a308cdb9df07945df11a14.jpg 9,35,416,384,3
1981_naples-fl-4_jpg.rf.7224d6badb63175e30fb6283c9496125.jpg 6,99,379,318,0
0da03704-a849-411f-9e9c-9e0b6beab16f_jpeg.rf.4b87f69e385cd59d3219872b4d6cc0fd.jpg 82,62,235,382,0
vlcsnap-2022-03-13-21h04m36s901_jpg.rf.77836c9c34fa5432b92f71e9dc50acca.jpg 0,216,172,416,0 164,192,207,261,0
30364-1_jpg.rf.9e2693251bfc0782d4d26af872d94e1c.jpg 0,54,401,367,2
bus-1-_jpg.rf.c30fab30c8d76ab76aa1b912503ae7b6.jpg 14,32,416,362,3
1d444448-ad3a-4b73-8532-a7142206a108_jpeg.rf.e9399f58995cfde0b53221c70fc832b8.jpg 201,149,272,336,1
vlcsnap-2022-03-13-21h20m39s514_jpg.rf.0e53a265eea7e1bb90cd4a6254cc18e5.jpg 0,244,155,416,0
images-11-_jpeg.rf.ec6d7f567e058c339abe626db2ed4a26.jpg 18,2,411,416,0
bike_176_bmp.rf.82c4c63a6ffbf70a9bc5c5f37467cf2d.jpg 15,71,404,370,1
images-67-_jpg.rf.86200df18b132cf565d881e56c4374d0.jpg 14,30,186,397,4 248,79,387,313,4
IMG_20240130_211238_jpg.rf.3dd4adb586e2acefdb15f72ce604497e.jpg 4,227,376,414,4
1e36dbad-0d82-46fc-b1d1-e0310c160adf_jpeg.rf.2702e7b5bd57106980630288e15dcf65.jpg 144,150,232,349,1
IMG-20240127-WA0117_jpg.rf.f3f322446e041fd47bf733dd051215d2.jpg 221,153,416,261,3 176,216,222,252,1 0,195,54,264,0
vlcsnap-2022-03-14-15h59m04s602_jpg.rf.374f7f56c5d635611786770062b19d5a.jpg 0,0,203,416,5
vlcsnap-2022-03-14-09h12m03s959_jpg.rf.dae2a7675009952b852c940656f93f8e.jpg 0,64,205,416,5
0e73fb9b-0ab2-4276-a9ec-ebfa4567399e_jpeg.rf.ba3f219e27dca81651f2a873365a3a6b.jpg 76,0,252,349,0
0e6b1404-5db8-4886-a2cd-957fd765a094_jpeg.rf.545d214d955beb7e71b3531064df7e93.jpg 43,1,213,369,0
vlcsnap-2022-03-14-15h11m44s343_jpg.rf.bec22433ddb1ad5a38fb022639e5f32e.jpg 0,0,203,416,5
0f1b118a-5f15-419d-bce7-74aa9ab5496a_jpeg.rf.6940b68c9e1d1e3f9cdf8d9039bcd209.jpg 100,0,337,329,5
0da16063-dac3-44c5-b204-876d0e9af470_jpeg.rf.2eb35079727cfb935ab5f09ac8b369c3.jpg 124,54,279,350,0
bus-106-_jpg.rf.c0dc03f6d32aac4a1f1af8ae555e2bab.jpg 11,40,355,389,3
427899367_7114217918673940_3241093831248442045_n_jpg.rf.0559e3f9d2f9b17a6b06620ef0ca1a79.jpg 27,92,389,366,0
20_jpg.rf.879d6b4e1674c6340d6bcd2f4e52a86d.jpg 97,69,354,393,0
1948_greensburg-pa-2_jpg.rf.393b6f1331639ca6e07ebdb9a2d53f71.jpg 32,155,379,301,0
image-7-_jpeg.rf.2c18e0d30eda3b93d0e03c56414838f4.jpg 36,43,357,416,0
1947_willys_truck_1594167150f7f52ae3_jpg.rf.0ca9ed63969e461016992940b84a9199.jpg 53,100,376,363,0
bicycle-21-_jpg.rf.472f928743f8c9c7a7f512158fdf7b41.jpg 2,209,117,392,1 121,222,230,388,1 193,208,298,375,1 307,216,412,355,1
bicycle-241-_jpg.rf.a6f83e7626c73886ae1009c9e77e32a8.jpg 151,49,387,384,1
bus-67-_jpg.rf.bdada9d3c9a42e067ef6e11c82f3eabe.jpg 11,99,377,362,3
bus-146_jpg.rf.d23edb92874ff719894d56cd48462a2c.jpg 8,176,397,402,3
00000049-2-_jpg.rf.1c6bc0dae079f451b7582fcc89aec047.jpg 54,15,367,398,5
Screenshot-2024-05-06-120035_png.rf.840926e8b00feb413b3a753a4c543ce8.jpg 3,8,399,393,0
ambulance-213-_jpg.rf.fee42b795e1ad75ffe3275ac0c6835df.jpg 12,20,352,416,4
2-wheeler-driving-on-streets_6_jpeg.rf.d54571c7cc146c79cdb9c2c7caf12462.jpg 63,146,361,412,1
7YBDT5MMY2LO_jpg.rf.3d148991a1d03b236012431b33ea33b2.jpg 60,9,416,416,1
car_107b0b4e-b6b5-4e43-aa02-939812affb19_259_170_jpeg_jpg.rf.9ff1cda00e5321baf0a4fd038323526b.jpg 35,5,379,372,0
3e2353b2-0c6f-4d67-aa57-d50f76973567_jpeg.rf.82965f45c8682a5e420684ffeeafd126.jpg 77,0,335,303,3
bf-800x500_png.rf.6b1623803ff24af463b3b33a0adc6911.jpg 0,20,413,415,4
vlcsnap-2022-03-14-13h37m56s446_jpg.rf.6e5c60d7ba6d1dfc4a212d6d64b742da.jpg 0,27,195,416,5
bus-91-_jpg.rf.7cecc4970a1e05bbe73e60446c723b68.jpg 41,25,354,389,3
vlcsnap-2022-03-14-09h32m12s030_jpg.rf.5d76d46604ebb6910c5d6e7235660524.jpg 0,43,205,416,2
vlcsnap-2022-03-14-12h13m24s332_jpg.rf.ca25282691217ae5ae45867a4e0d74dd.jpg 0,0,206,416,5
bicycle-210-_jpg.rf.3762e089585b90539922b765a0f7ef39.jpg 9,21,322,406,1
d11_jpg.rf.218eb32d885beaecd40e580dca0a81e6.jpg 15,28,414,400,0
19_jpg.rf.a0276d8d6ae9a74a54faba4b797af9f5.jpg 33,64,378,377,0
2013-Mitsubishi-Fuso-Canter-7C15-PBU-1_jpg.rf.52c768c5066d5511006022171810056b.jpg 0,0,349,390,2
Screenshot-2024-04-12-190304_png_jpg.rf.60bfafed3dd4ee33f84ffc7742dea020.jpg 194,144,258,279,2
vlcsnap-2022-03-14-16h00m58s096_jpg.rf.4fc2caf2e55e78f9ffc296ad07e0cb44.jpg 0,0,201,416,5
bus-106-_jpg.rf.3498a8cf8d1eb4727552f0c62ce6cf32.jpg 11,40,355,389,3
bus-1-_jpg.rf.88862281b73b10f7f2d543ba6cee6d2e.jpg 14,32,416,362,3
0d40f534-ef22-4730-bf0c-735abd61f154_jpeg.rf.5f4de5a147133cd17dd41330f911647a.jpg 77,0,291,299,5
vlcsnap-2022-03-14-09h24m51s365_jpg.rf.cb511cf1190e1f9902980739d42d07a3.jpg 0,178,163,416,2
0d405a65-1d7f-42f3-9466-0c06af98f584_jpeg.rf.a3495df122a1b9a0681135c6bd1a405d.jpg 114,4,297,361,0
ambulance-463-_jpg.rf.9a3c926ba51947381ffefb2881073935.jpg 3,1,398,335,4
0d8a1e76-0baa-4189-bb95-6c8ad6a5325e_jpeg.rf.cd12b86e45ebd316dbb941e7fb930eaf.jpg 53,0,286,331,2
vlcsnap-2022-03-14-00h58m20s736_jpg.rf.bc4d472216a6449d65b297faf51ba4f2.jpg 0,0,217,416,5
REC4frame2215_jpg.rf.35ba606995e60e45f36f136f0b42a993.jpg 136,109,237,299,2
6bfc2c51-5ed9-446f-aa62-4835d2949b98_jpeg.rf.180f1083d78214959e7fff65b338c20f.jpg 65,8,324,340,3
BF494139_fd3f2a_jpg.rf.6894eb9447814f507b45ed140b23e23c.jpg 38,53,365,386,0
IMG_20240130_211302_jpg.rf.53c7ac20fc393eb14c401c28d4d4e3a1.jpg 1,148,247,357,4
Screenshot-2024-04-12-190548_png_jpg.rf.546d806a5f0049d4175edb2458a92424.jpg 155,137,319,296,2
2-wheeler-driving-on-streets_8_jpeg.rf.9da63f350908818aca4ad5a806f9450b.jpg 158,213,208,359,1
IMG-20240127-WA0126_jpg.rf.c1bed09135642f00801ad9f6ffbe0969.jpg 91,97,396,285,3
0da3fc3b-b827-4d4f-b860-13a6c66bef3a_jpeg.rf.8b4601d107fa7fb2f9a6c37cb085fed0.jpg 121,9,308,366,0
vlcsnap-2022-03-14-11h01m48s183_jpg.rf.ac5bfa65c9d9d92df5e50269387f3a6e.jpg 0,110,200,416,2
2cb27a5f-a374-49b1-9e59-6b86ec96e56a_jpeg.rf.238191dc12f4334651edd2ab3a768347.jpg 294,166,354,343,1
3WHEELER_jpg.rf.fa212a73bc113264c714c5fd6b93cfe1.jpg 2,5,133,210,6 16,214,161,416,6 155,95,261,323,6 258,1,402,189,6 265,200,398,411,6
IMG-20240127-WA0125_jpg.rf.9b62b0f17a56e43b80d825ff71fc853e.jpg 127,121,355,266,3
1982-jeep-cj7-laredo-na-prodej-2016-_jpg.rf.1ba8f976107f640cadb70a331687db1e.jpg 26,72,373,394,0
bicycle-228-_jpg.rf.d18236c5c554298bd7e6cfb66a6aa3d8.jpg 4,36,416,331,1
10efddd5-58d0-4b3d-ac12-ed9d7d2caedb_jpeg.rf.bb93705ef22b6119a9ef07ec840ae66a.jpg 47,3,308,335,3
vlcsnap-2022-03-15-18h22m23s501_jpg.rf.fc593bf1b471dc96073e38a8f840e8ff.jpg 0,108,207,416,3
5f2ccd1b-b05d-4b5c-9c22-2aff65ae5fa0_jpeg.rf.dff01cdd4dd2ac2bbdc397ea12f900fa.jpg 234,127,355,379,1
Screenshot-2024-04-30-112329_png.rf.e6a01efdade81c2e3e00c5ba772abd2c.jpg 13,0,416,416,3
315884450_1493267391177903_8932220605377271932_n_jpg.rf.3c027042cb9c1acebb2dfd2ac7bdc9ce.jpg 36,90,397,397,1
0f4ea0bb-7eed-4e24-855f-c433835394a9_jpeg.rf.c724aa5084113209c29a5a0fb0284773.jpg 61,0,204,341,0
0d603c9d-27dd-4ef3-bf56-09e62d405224_jpeg.rf.a1ad003e6b6983b28c24bb6488996a24.jpg 57,0,304,339,3
vlcsnap-2022-03-14-14h44m30s772_jpg.rf.9282f9fd85c720c0ab75a89f755c6e52.jpg 0,3,206,416,5
d88c94582b92a52a90f0b84359fcee26_jpg.rf.3822f3587475919adbb3c893e541593b.jpg 25,55,400,386,0
images-68-_jpg.rf.8ad2c9038feecab5bad02589dcf5c1e1.jpg 22,40,226,402,4 214,67,373,354,4
vlcsnap-2022-03-14-14h39m49s178_jpg.rf.b902b2b25cf09b558ebeb7403dcfe6e8.jpg 0,3,203,416,5
ambulance-219-_jpg.rf.f709149ec071959d1530ccdfba1daea4.jpg 177,36,416,412,4 88,34,232,304,4 34,23,151,253,4
3059_en_43493_17596_fuso_canter_fg4x_jpg.rf.9a0791b8db6f3bcb82fa44f2c0e5de4a.jpg 28,48,376,390,2
vlcsnap-2022-03-14-08h54m10s879_jpg.rf.4fa7d45aca4beca72ce53c39f0e7eeb9.jpg 0,68,207,416,5
0f5039e7-f9e5-406d-97be-d866841184c2_jpeg.rf.286b48b4f377926638932376f528f069.jpg 151,1,335,330,0
photo_2024-02-12_19-48-17_jpg.rf.dc57199a35f0ce24395cb539427e9449.jpg 63,52,366,351,0
vlcsnap-2022-03-14-10h16m26s097_jpg.rf.c210ab1e60b895a2a886394f82fec17c.jpg 0,96,194,416,2
bicycle-221-_jpg.rf.ebb4697908f5e5aad4bfe73bada1aeff.jpg 0,11,416,355,1
00000065_jpg.rf.7e703ef6482614d18c01aff57b1c6c23.jpg 127,228,283,362,5
vlcsnap-00031-Copy-2-_jpg.rf.fcca972df1d53f295c4fb41d5464629f.jpg 168,231,416,416,0 101,154,160,250,0
0e9e8463-3393-4eb4-a6a3-79b93713348a_jpeg.rf.47bf58cb1b7af8a54c8ac1821ce96ca0.jpg 221,52,364,323,0
vlcsnap-00033-Copy-2-_jpg.rf.26d18c6aae7fba3a9e58f218fb3be51a.jpg 160,226,416,415,0 198,149,271,235,6 103,70,193,257,5
1958-willys-jeep-cj-5-for-sale-2019-_jpg.rf.9ca10c75ebd081b18726ba5905d073ef.jpg 68,25,372,324,0
0d8e415c-92a0-45cd-bf58-1c0ff17b646a_jpeg.rf.be2a61e7e7ea34687c27c1eebfc26984.jpg 160,24,314,296,0
image01373_jpg.rf.73c3bd281fc07360d3d1e409c680a06e.jpg 4,13,386,386,2
ambulanceIndia_jpg.rf.1224b9d256127b68cb726a23ae23ae14.jpg 98,99,382,346,4
BF293054_f6162b_jpg.rf.7448d6575f40381ee6cff7820368b82d.jpg 38,37,365,369,0
vlcsnap-2022-03-14-16h29m54s951_jpg.rf.7f9a9d1c6c9b67a5524799c9a70a2f68.jpg 0,0,204,416,5
0e826876-922c-4dbc-b6ed-955e29e98755_jpeg.rf.d703ebfc38353788d6a1e1c5378adf4c.jpg 116,2,284,363,2
0e1622a3-f2e8-4e7a-aa16-61c70c3b832b_jpeg.rf.af8c6f90e75897a2fe79402f6e4add25.jpg 92,42,238,313,0
149_jpg.rf.9e3256be8e336d313d0feebd45d328d6.jpg 123,121,247,398,1
bicycle-247-_jpg.rf.2e25737dee6bd650e2ecaebb327f09d4.jpg 42,64,304,296,1
0e309390-592f-4628-8e42-b5e38fc7ef20_jpeg.rf.b78cd47b2dd113cc13e5ac3471586060.jpg 79,39,246,346,0
vlcsnap-2022-03-15-10h27m41s238_jpg.rf.98cb6ff3e87a316d75b4f8153f007d03.jpg 0,0,213,416,5
Screenshot-2024-05-06-120042_png.rf.2827dd6f0ceae8032aab7cf63f22125d.jpg 8,1,405,394,0
vlcsnap-2022-03-14-00h52m27s434_jpg.rf.6375136ec5ba0c8492e6e8217530db26.jpg 0,71,206,416,5
bus-73-_jpg.rf.60bf011e1a046e98496df4a5755be434.jpg 43,136,411,387,3
ambulance-9-_jpeg.rf.5691ec4c7fa7b852228ae0ee762fa3ec.jpg 16,0,416,416,4
1942_willys_mb_jeep_1_jpg.rf.003682c114b3f8726fd8f0755f4c0ec8.jpg 31,45,354,392,0
images-10-_jpeg.rf.dce363426103e6f576a8186d5395a512.jpg 0,0,416,416,0
0dba2b73-2552-4d4b-ad66-00c6f71e4836_jpeg.rf.01a3545a5411cb41b20c35a4a6111241.jpg 91,0,265,346,0
vlcsnap-2022-03-14-09h32m30s727_jpg.rf.4ed8fff95d704d837c523a90dbe30237.jpg 0,67,208,416,2
vlcsnap-2022-03-13-21h04m42s484_jpg.rf.8911497d04d3b5caf3a0ca55c87c2732.jpg 0,234,162,416,0 166,187,208,256,0
images-50-_jpg.rf.ea332334f595d5551b46b0a4c92ad828.jpg 0,41,179,375,4 170,80,305,344,4
0e8137ff-42f5-4c5a-80ad-d1aa44b624e6_jpeg.rf.c0d45fd6d6ff8ff4473e0fda34a08fbe.jpg 250,20,412,326,0
vlcsnap-2022-03-14-20h39m55s898_jpg.rf.18249ab71b162aa89c7e00b4934a7cf4.jpg 0,0,211,416,5
17512980-large_jpg.rf.8eb09ca430e6ae520eda85bbe39c80e2.jpg 68,45,387,387,0
vlcsnap-2022-03-14-09h15m44s158_jpg.rf.6e6019c6b6fe474c7a72ddbd2a341158.jpg 0,65,207,416,5
0f18247d-52d1-404a-847d-460a1bcaa000_jpeg.rf.a37253975c735d58476ba54de2d6b097.jpg 93,0,311,315,5
2b30bdf3-a3ef-4564-a9b4-33f62d76eec6_jpeg.rf.5e2642b674b320e4c2b8b48ab689f367.jpg 38,0,279,303,3
0f18604b-e68e-4b7c-85bd-74237a2257c5_jpeg.rf.34064416b4a53aad7566608a57333a07.jpg 31,25,206,369,0
bicycle-258-_jpg.rf.f7f480cea1f59550d97eb06d75cb8e35.jpg 225,176,375,366,1 40,235,91,390,1
images-64-_jpg.rf.81fe182b1d442660302048e5eedbaa99.jpg 85,22,304,375,4
vlcsnap-2022-03-14-09h00m14s591_jpg.rf.4eab1f97dc3cd9d0f5c5af28a74fab07.jpg 0,41,206,416,5
images-7-_jpg.rf.1fbc0bf580b9be8a5c0385ec0632f298.jpg 82,20,383,407,4
c2_jpg.rf.2e58ea4eb0e31835704cba98bb2992b1.jpg 109,31,313,351,0
0d4f0eb2-5e55-4028-882d-6720bee46db8_jpeg.rf.9d54b41c49549f767597aa9be7b39f07.jpg 91,2,314,308,5
ambulance-53-_jpg.rf.12836fcb0d7dbccdbc3951c827a0772c.jpg 0,0,388,416,4
d9_jpg.rf.4bd481cbe880f270f8c875ab2a176c71.jpg 27,0,354,388,0
bus-158_jpg.rf.82fb4a15621140b4abe104cd23f69d83.jpg 27,50,406,366,3
Screenshot-2024-03-21-110846_png.rf.1a606708a6e5f2dc29fd46ba8b4c09bf.jpg 105,274,147,351,0 182,113,193,132,0 117,109,158,203,5 137,77,162,115,5 379,232,389,268,1 391,274,402,307,1
vlcsnap-2022-03-14-14h13m36s144_jpg.rf.b0337bbdf0a4fc40682db908cb58c1d3.jpg 0,0,206,416,5
9af6c049-8646-475b-a68f-8f334d79400a_jpeg.rf.f50a80480da033d781be900324bd180b.jpg 97,2,325,325,3
vlcsnap-2022-03-15-18h02m38s045_jpg.rf.f05f6b275b2b8b02a2f1e2952ed26180.jpg 0,107,208,416,3
vlcsnap-2022-03-14-12h03m58s829_jpg.rf.5aa49ea1b1df133ae603bd80e91977fe.jpg 0,101,201,416,2
vlcsnap-2022-03-13-21h30m12s243_jpg.rf.673a0ffbde2b4de6d03895d57d3e152f.jpg 0,150,161,416,2 166,196,206,266,0
0dbc20d0-d690-4029-928c-b2e4fcfa1a79_jpeg.rf.b0f7de4185abdf5c48a7ca5247691809.jpg 138,0,288,362,2
Screenshot-2024-05-30-124920_png.rf.6ae63e748d636ec166d1bcb20ea56416.jpg 8,5,291,253,5
0e9d458c-0d67-441b-9836-127c68d9ab64_jpeg.rf.2ba42c9b65f5242127fea0a05b6f9dec.jpg 73,0,243,333,2
f8_jpg.rf.1f98b433aae2c245e4ea1c1dd03fba99.jpg 141,34,416,379,0
bus-153_jpg.rf.abebde06a8c6ecf97edf16b4def8d202.jpg 122,8,355,383,3
vlcsnap-2022-03-14-15h18m59s847_jpg.rf.c7c481d75b159f400ff414be3558e04c.jpg 0,0,207,416,5
bus-110-_jpg.rf.c740fc28aee8e827d8b2a44a1805e2d4.jpg 220,32,386,365,3 77,97,220,309,3 0,190,77,368,3
9EF4RG26J4LE_jpg.rf.20b95a5cd9cb850969acde0ffb055965.jpg 277,233,397,388,1
0fecf5b0-19fe-4488-90d9-1bd43f2c10d0_jpeg.rf.5bc34ab076c61cd14d1e2ebe73471044.jpg 82,19,234,346,0
vlcsnap-2022-03-14-15h47m49s583_jpg.rf.d6380c589b327fb018b6199924e62f0c.jpg 0,0,207,416,5
c26_jpg.rf.6bf1a9ff6e43fdc70ef38a61a59f8cf7.jpg 119,0,413,416,0
ambulance-406-_jpg.rf.90204bf2738e1d721e3f92091b6f964f.jpg 123,1,332,416,4
0e142873-0582-4ad4-87a8-bcdeb2bdeb28_jpeg.rf.aaf3defcb4a67b355a2b2fa8fb181614.jpg 125,101,301,410,0
vlcsnap-00047-Copy-2-_jpg.rf.e7eaebf26637351a747eba177a3407f8.jpg 171,220,416,416,0
3U-571-1_jpg.rf.0ee6107a87e65a674a9998bb879585d0.jpg 0,47,336,408,2 339,157,382,266,2 372,159,416,260,2
00000051_jpg.rf.754e66f3c5e11bef22618a44d6c6db15.jpg 80,28,402,410,5
fitted_jpg.rf.43ce4d7fbf06ac84f8344e38ff518156.jpg 76,106,333,286,0
car_a31383b8-2d56-45f8-9b7e-36fcce7f218c_640_0_jpeg_jpg.rf.d107f5e9ea38881cce8fc9ece3ef039a.jpg 26,95,403,395,0
bus-155_jpg.rf.2ef5d95aed3237883572403016445948.jpg 55,127,328,327,3
0f4a2f47-8d0f-4c36-8b42-1ee20277529a_jpeg.rf.759126e041b23fc4821554aa45a52208.jpg 72,0,299,345,5
vlcsnap-2022-03-15-19h10m05s142_jpg.rf.dd99d475668ed7f808ae42f2d53ab298.jpg 0,106,208,416,3
bicycle-248-_jpg.rf.a1ea8f6b94d6690805549617a0af5718.jpg 240,269,299,396,1 282,281,407,367,1 10,277,111,367,1 127,283,225,371,1
0f49acdd-b9d4-42c2-b265-8448802499bb_jpeg.rf.9ee0b74cc2e1a3a35a7678357fe2aa54.jpg 70,0,263,309,2
vlcsnap-00043-Copy-2-_jpg.rf.d54b87607b12f1e1516f997be0b1112d.jpg 99,0,416,416,3
dual-purpose-vehicle-2005783196_jpg.rf.6784b58f501c98c17cc8ba816e7a9c35.jpg 17,7,413,400,0
0f4e66c8-31dc-4c75-bea1-dd1b32b260c1_jpeg.rf.8da72421043fbacfb898b246af3bd637.jpg 111,0,262,320,2
0f75cbae-69cf-4c0a-a6e2-df7fbffee495_jpeg.rf.2a8e01b26e38c292f655c12dd731dfc2.jpg 165,2,363,388,0
ambulance-1-_jpeg.rf.cb921a5844591763a1deb344d9b0e422.jpg 145,135,401,393,4
bulance-parked-front-the-gateway-of-india-in-mumbai-in-the-afternoon-2BKDRH8_jpg.rf.b5f5e9df12eb9d2bc9ce927e419ecba1.jpg 3,29,381,384,4
1983_mobile-al_jpg.rf.d27126fb2f5e74681b31ff3d2a2f94d4.jpg 60,107,362,357,0
777_jpg.rf.e686bf693925a29d35ac67f6a86c321e.jpg 199,169,315,416,1
00000072-2-_jpg.rf.c54211d6d04ad8b7bcd3a47c0f1e85bc.jpg 52,85,384,371,5
55cc67b50cae9e2b9125-432x318_jpg.rf.81e4e888ba5c9022911c2385fef9aee7.jpg 14,21,388,402,2
0f83f976-03cf-4505-be3c-424740f76f82_jpeg.rf.cf284c1fd58ad6c038b62c03d91e102c.jpg 98,2,310,310,5
LPC-07_DTP-2_DTP-2_20240310170937_20240310181125_2_1G_mp4-0056_jpg.rf.704fc4cc64f0a5da250d57d87e4ed9b4.jpg 125,0,416,416,3
bicycle-265-_jpg.rf.28ba87042ad45d8348b4f93b9f560705.jpg 32,21,397,336,1
ambulance-152-_jpg.rf.32e9061dbced5e1a308be9e24fe6e5ec.jpg 122,110,235,294,4
vlcsnap-2022-03-13-21h32m10s866_jpg.rf.c074a938d3dde9c79179b161bb261c0d.jpg 0,234,166,416,0 162,191,213,269,0
0f76fa92-708b-4c29-97f1-41a554a5dac5_jpeg.rf.9e5f9dd1528f9417ef86dd667e210b9b.jpg 125,47,290,325,0
DSC_7436_jpg.rf.ade1eb66edafd239edd17104addc29d1.jpg 35,47,364,374,0
images-70-_jpg.rf.f099a93bed1973856a96faaf71a6fda2.jpg 134,130,281,376,4
6c25ed2d-4dac-4b98-9fa8-beb568b5c6df_jpeg.rf.51ebd622dd4737114a6df060dbf91180.jpg 8,155,90,348,1
images-14-_jpeg.rf.b6f6fcd3859dd4cd2164883ed8939b28.jpg 0,0,381,416,0
dealers-0000101-G9N-MPic_jpg.rf.47112d92cc8e9554f6e7baafd9f8fc7b.jpg 56,95,354,328,0
vlcsnap-2022-03-15-11h31m26s910_jpg.rf.b395f548ca492c621669ae7cf44382a6.jpg 0,0,213,416,5
0f86bc88-6b74-445f-aed8-69d7e33e94e9_jpeg.rf.9df59a9bfbbc428ca0aa76c8774cc648.jpg 87,0,312,285,5
ATG4DASIH10R_jpg.rf.3c7bb829eb7708f20fc1d786032a6456.jpg 15,51,393,401,1
bicycle-25-_jpg.rf.532be23b29e84946aa4b58f1171bcd3c.jpg 85,46,354,312,1
1c16594d-1387-4665-b644-132c092385a5_jpeg.rf.aa04ad54df31606348c1a50733abbf40.jpg 216,172,299,378,1
vlcsnap-2022-03-13-21h32m53s784_jpg.rf.3a51fac8dad136513ba3aaddce923901.jpg 0,207,154,416,2 174,173,213,250,0
vlcsnap-2022-03-14-09h23m45s928_jpg.rf.05d52ecdcd25c905e982bac00cdd5de3.jpg 0,65,206,415,5
bicycle-270-_jpg.rf.4aa21b79eee5d24adf5aa1dba31b159e.jpg 66,39,416,328,1
57877d_jpg.rf.279691322e1e466c019803cba9c7d1e8.jpg 18,55,394,396,2
e11_jpg.rf.2f8d9a1070fe9e4e492d48f8618ddc51.jpg 95,24,394,354,0
vlcsnap-2022-03-14-11h13m58s239_jpg.rf.de70f5bf1f35493bc804b21fd0c60217.jpg 0,147,183,416,2
0d4515e8-ec1b-4037-ba6b-bd5dbd5ea3a1_jpeg.rf.d5667c1e64f0f2d074406b7df3ec8b50.jpg 289,161,369,376,1
316169920_546213160650725_5375996978641238560_n_jpg.rf.5d03e2a6e0baef6cfa38231800ea5d30.jpg 15,151,395,358,1
0fd979d7-cbfb-4d04-a119-abaebecdf975_jpeg.rf.3f899d30be229360759388e09d810b98.jpg 108,10,279,352,0
bicycle-242-_jpg.rf.0ab1d085f14568136cce49972592201f.jpg 29,75,397,369,1
LCV18_jpg.rf.85b05c7fbdce97f4aeaaf7044a9aae38.jpg 0,1,203,195,2 0,206,195,404,2 203,15,398,202,2 196,211,406,405,2
images-74-_jpg.rf.6b95e9bca05dc4a9d77e288a106e75da.jpg 5,100,212,344,4
vlcsnap-2022-03-13-21h30m21s611_jpg.rf.a8621242989ae55891edf3f46c0d19a2.jpg 0,220,162,416,0 151,158,205,270,2
HTB1584MQVXXXXcTXVXXq6xXFXXXy_jpg.rf.fdce2f6d985c019bb7369b6a40a5ae9c.jpg 25,24,364,380,0
0f7b37fc-e892-4a63-a058-280cae3128d8_jpeg.rf.ebe79ffa90521dd2ac1b05591b238f34.jpg 94,60,243,330,0
Screenshot-2024-05-30-125304_png.rf.717bc2e2128694bb6ac568f1f7a894c6.jpg 19,7,160,234,0
830005_1_original_jpg.rf.53a60552a92b69adae55ec0a7645215f.jpg 0,76,399,320,2
bicycle-264-_jpg.rf.2c95c4cb0e84fc6c75960a6ca5f51b84.jpg 122,28,415,416,1
vlcsnap-2022-03-13-21h35m10s361_jpg.rf.324c1d1d9a6801c0d3b19ecead161e9d.jpg 0,215,176,416,0
bus-115-_jpg.rf.7e2956dd2cec09fa8aeae00195ee5d59.jpg 83,69,253,269,3
Screenshot-2024-04-30-112644_png.rf.3ffd06507807f0f59e7add90cc2212a8.jpg 0,0,416,409,0
Screenshot-2024-05-30-125052_png.rf.c1f240856db8324730ab5e1c6860ed80.jpg 6,0,311,310,3
bus-163_jpg.rf.8ca7f7c6e7538c49172931336b3086aa.jpg 12,23,390,399,3
image1_png.rf.0eaee2155d5829677903199fc96df2e6.jpg 321,150,329,172,1 49,132,113,252,5 293,174,325,216,0
bicycle-256-_jpg.rf.324cf64f903990170b78e5f0267d4ef5.jpg 32,67,416,375,1
f1_jpg.rf.eeab48757f129aa8708543e613bc6c04.jpg 109,38,296,363,0
ambulance-72-_jpg.rf.c42340809523d9c6b389be9800b9af66.jpg 243,106,402,247,4 184,107,272,238,4 102,106,212,266,4 13,91,150,278,4
LPC-07_DTP-2_DTP-2_20240310170937_20240310181125_2_1G_mp4-0065_jpg.rf.93ea5afcd74416dd3b6d3017d67dda58.jpg 123,6,285,266,3
bus-120-_jpg.rf.109a7f790aac0ba6f10c0cc71bdec8bf.jpg 113,104,366,326,3 0,155,169,416,3 222,68,356,160,3
vlcsnap-2022-03-14-09h17m36s507_jpg.rf.ecbcd32745a76720cabf3d4536c497a2.jpg 0,0,217,416,5
bus-111-_jpg.rf.88ab86190b47c89cf8d849d9c315eee8.jpg 23,214,193,375,3 193,225,259,363,3 256,236,305,349,3 306,244,343,336,3 344,255,373,331,3
vlcsnap-2022-03-14-09h29m50s639_jpg.rf.6ea187e52c24c5b56fe777451ed8f93d.jpg 0,66,214,415,5
0f86cae3-573f-409f-9434-c1b43b5aefbb_jpeg.rf.c67433ca7a04e5cf26189077ed101622.jpg 20,105,177,395,0
vlcsnap-2022-03-14-12h16m56s724_jpg.rf.af9c780f6b4cb174bafaf0c732b83d52.jpg 0,77,200,415,2
3f852e99-5ca2-4d19-985c-def1fa4000d4_jpeg.rf.c62cdeda67f5b5e7c3523af72104c6f8.jpg 220,159,290,338,1
AIBB8RXWZXZ9_jpg.rf.abcbb9f78bc19efe9c9e8b86016d1381.jpg 32,48,385,384,1
vlcsnap-2022-03-14-09h08m09s997_jpg.rf.44f3b8fd457e16c358dd6e5e7860c259.jpg 0,63,206,416,5
f26_jpg.rf.f647986cba8dab69fa47551a7731b685.jpg 145,0,389,398,0
emergewncy-ambulance-service-in-india_jpg.rf.777db6a086a78488347d7993df91b71e.jpg 60,116,352,341,4
image01376_jpg.rf.21f9900858e43de246a022fe9ec15540.jpg 55,84,371,350,2
bicycle-273-_jpg.rf.5099ae4808398c23bf6bdcebaf4887c8.jpg 90,133,310,380,1
hiace-van-and-minibus_jpg.rf.b4367e416038ef1fd58129aa41e5ad67.jpg 34,32,387,376,0
bicycle-271-_jpg.rf.85d5146a2e399a2190aa99a359fafd2a.jpg 4,26,394,384,1
images-15-_jpeg.rf.f56630cf2025421c67d95322c0ab385b.jpg 14,2,392,416,0
vlcsnap-00049-Copy-2-_jpg.rf.e8a13db9ac0e2eb09d89d6344fb8d8c8.jpg 161,219,416,416,0
2-wheeler-travel-on-streets_45_jpeg.rf.3e33984415aabee948dde44e3b9b328f.jpg 30,271,66,400,1 107,268,139,403,1 79,268,100,395,1 140,274,171,377,1 274,274,330,405,1 102,187,143,266,1 33,194,75,276,1 77,192,103,271,1 270,203,317,286,1 301,205,323,276,1
i6_jpg.rf.50f342ac49f8d42252a31b89ae9c2f16.jpg 121,15,358,406,0
6a5763ec-75b3-4cfa-8631-c37e5b0cad43_jpeg.rf.a78c473598cca9b675283a5bc9ac8baa.jpg 134,136,208,349,1
2002-jeep-Willys2_Concept_car-deskto_jpg.rf.2e4ea938ff8aeac070bbfb5fa611bd14.jpg 8,42,409,395,0
00000069_jpg.rf.89dbb91cac02a50fee502b3bb88db4fa.jpg 133,205,292,416,5
f46_jpg.rf.917398f067c02288a56d8bf6b654278b.jpg 73,0,302,394,0
15f5e3b8-baf9-4516-961c-df51259434f5_jpeg.rf.2eff1145add9224ee1912ccf883980fd.jpg 74,0,299,311,5
3a_PNG_jpg.rf.bdef9fe115de44e956cb0bcfc20bbd0d.jpg 226,170,354,335,2
m11_jpg.rf.136c5aec227a7b81ac3ce8f3d8326977.jpg 33,79,376,333,2
00000069-2-_jpg.rf.cee9831c7c3ca86085610c1de7a5eea2.jpg 196,105,317,363,5 298,119,392,378,5 336,177,416,397,5 86,172,208,355,5 36,186,116,351,5
IMG-20240212-WA0110_jpg.rf.e3cb3007a04be83f3ce74a1fcde83716.jpg 54,143,401,413,0
ambulance-145-_jpg.rf.834c406531e13d15f98135cfa5c585fd.jpg 113,68,311,378,4
2-wheeler-travel-on-streets_60_jpeg.rf.2d15d2cc9eb938dc0d8eb7d4ab00e0e5.jpg 247,114,355,323,1
1a1d5c93-0c1c-4895-8c89-6dcc08414db7_jpeg.rf.f3e5502063da3c61f28e7b5d35086513.jpg 73,89,231,387,0
image01757_jpg.rf.8acb88f7dbf81b5656bcd4dd1bbdaef0.jpg 23,39,384,395,2
1a2de4d5-a9b7-4bde-972d-3d5a8824429d_jpeg.rf.723d4b87c4a75000d2f888421d54d9c1.jpg 17,54,161,341,0
00000077_jpg.rf.cff11a8dcf902b5d0e2f1831db527789.jpg 202,142,265,271,5
bus-122-_jpg.rf.9b46fe095f81ab3861ed4b529c185058.jpg 138,93,288,367,3
bus-122-_jpg.rf.d122cdb753de57d2035c8b52bda9e284.jpg 138,93,288,367,3
vlcsnap-2022-03-14-09h39m09s882_jpg.rf.0f3f68ba2919a7a3441bb90d73123f77.jpg 0,0,216,416,5
ambulance-91-_jpg.rf.9166643a9011b587d207b7fab33190ad.jpg 72,38,389,370,4
ambulance-346-_jpg.rf.e0f8ea583e7dda2cb8f11fc8cf29d2af.jpg 190,239,322,368,4 344,235,416,371,4 317,212,397,282,4 233,214,302,247,4 82,229,187,349,4 159,206,223,276,4 25,224,97,310,4 113,206,162,245,4 10,216,42,278,4 91,201,120,238,4
ambulance-170-_jpg.rf.113b0ab94a40129aa2a48f9ebb0e4a69.jpg 32,32,277,340,4
Screenshot-2024-05-30-125329_png.rf.f5c03d1a1e412be0e319c626fa393296.jpg 46,14,224,238,0
bus-120-_jpg.rf.ceec7735b7d03d78bb3188d650cd9f12.jpg 113,104,366,326,3 0,155,169,416,3 222,68,356,160,3
0fdadbe9-d5f9-4db8-8a5b-3da8ecf2b423_jpeg.rf.cfa086dfaa49755c6d53af54a5c44d68.jpg 125,0,310,354,0
vlcsnap-00054-Copy-2-_jpg.rf.6c1cc8dc42054fbab955354f579f9f45.jpg 158,232,416,416,0 101,76,167,239,5
bicycle-275-_jpg.rf.e0bc54204da41ffc1101145c56079d21.jpg 13,0,415,373,1
1a0922f2-c739-4661-9838-874ac754ae85_jpeg.rf.6ef68ead29364d0eae60d3d5a6105bb4.jpg 99,63,248,334,0
i1_jpg.rf.7a7f15803c0a1ca1571a7caa43f83596.jpg 92,0,327,386,0
vlcsnap-2022-03-13-21h36m45s989_jpg.rf.ca35480ce160b91b2325668dcabc019e.jpg 0,209,178,416,0
bicycle-280-_jpg.rf.8f88626d931ff492ec1e3f3655acc1c7.jpg 6,20,416,374,1
bus-164_jpg.rf.cba487f8b9e3fa1537c78f2bd03839a4.jpg 35,131,229,375,3
vlcsnap-2022-03-14-12h52m43s903_jpg.rf.a26d94c491a22a43b1775114dc21d549.jpg 0,89,206,416,2
vlcsnap-2022-03-14-13h08m31s811_jpg.rf.a1f3e11e23672a06db6cd7653e4ac699.jpg 0,45,211,416,2
bicycle-274-_jpg.rf.010696063faf7729ad75c671f537f029.jpg 17,153,399,361,1
bus-161_jpg.rf.96640056cd93332846c50592e4ad17d3.jpg 102,26,255,297,3
1a163f0d-b8c9-491d-b099-f1349e1afe6f_jpeg.rf.a862b80106c8fd1d58eeeaa66303ef3a.jpg 103,18,288,353,0
vlcsnap-2022-03-15-13h27m05s363_jpg.rf.beac0875a9cf5763fa7d91e8147f2833.jpg 0,0,213,416,5
1a801c89-ea5a-40a0-94c4-82335f0fb291_jpeg.rf.c00d271a1ca7c9a615ae8a8b5cc2eb49.jpg 65,0,281,299,5
27_jpeg.rf.565e8626bcd66d55478c041afd034a89.jpg 89,60,354,387,0
bike_197_bmp.rf.d737bbabf6781a03dc8bc0a23b9ab8b2.jpg 20,73,382,361,1
2004-JEEP-Rescue_Concept_pictures-07_jpg.rf.15d31d8ebd27410d7cbe03579ca83cab.jpg 17,55,399,381,0
ambulance-196-_jpg.rf.1fc2ecc517b5c8fc3f06e4c9b7e8f024.jpg 160,67,271,279,4
bus-124-_jpg.rf.9d36d9e7b28e64311e0aee1c6674c080.jpg 106,44,391,378,3
vlcsnap-2022-03-16-11h17m11s100_jpg.rf.1c941d040ad64574ef24c35899a4c25a.jpg 0,121,202,415,3
2003-Jeep-Liberty-Sport-1J8GL48K03W5-1_jpg.rf.672140cc563b800af4fe1b5217fd58b3.jpg 36,14,416,367,0
5ad5edc0-3beb-4b98-835f-e50a259c4a76_jpeg.rf.d2a83cf747718d2fa765438eff042e90.jpg 218,136,303,361,1
vlcsnap-2022-03-14-09h44m45s282_jpg.rf.df1c3f0e3b63d9e5aa112c854a067e44.jpg 0,47,208,416,5
bus-127-_jpg.rf.4c5a23feec1355d9e678eb3f0439fac4.jpg 84,121,344,304,3
1998_Jeep__Cherokee_XJ_front_jpg.rf.3260173abda00314fa773f6086e2189a.jpg 29,133,337,390,0
0a231fde-96f9-4d8b-b574-576c89175650_jpeg.rf.592ae6d8661b0d4273d4fef525bb3a45.jpg 49,0,317,383,3
vlcsnap-2022-03-14-16h18m57s604_jpg.rf.973f79cb25d568aa829dc51c1023f0fa.jpg 0,0,209,416,5
vlcsnap-2022-03-14-12h54m52s004_jpg.rf.7a5d1b3c09620d9d97eed302e70a8e74.jpg 0,77,207,416,2
1a2e19fa-07fb-425d-a65e-36ceb0ce77d0_jpeg.rf.570fc364a7858bb7879ec218d1d20eae.jpg 116,0,293,356,0
bus-98-_jpg.rf.aeb51f8c122ff69673accc9882fb0f64.jpg 38,158,323,363,3
1a2f814f-e9de-4b3a-9f63-5dbf12512abe_jpeg.rf.00c5567b4a41eecbea53596972ff40bc.jpg 100,35,265,337,0
00000313_jpg.rf.d4fafb730c13ac5b9053d39b4c294283.jpg 23,57,213,272,5 212,53,403,265,5
0aaf0584-32f1-41c5-b362-affc562eb7a3_jpeg.rf.30e17cad7a0055548c6a1a6b404428ef.jpg 99,206,184,416,1
2003-gold-jeep-tj-dusty-summit-08_jpg.rf.53bd6568a2d184b7986b8cbea2a98086.jpg 91,163,278,326,0
f6_jpeg.rf.1bf900067157d8654d22e162bbb9e1d8.jpg 79,49,323,338,2
vlcsnap-2022-03-15-15h56m52s006_jpg.rf.1cf73cb9515f5fa3e1f99a795e64d132.jpg 0,142,176,410,2
vlcsnap-2022-03-15-11h37m07s557_jpg.rf.008153014e1e79e28c7196190da763b7.jpg 0,0,213,416,5
B6BOS0MN3IO1_jpg.rf.ae519b51efaf1a9c5c19627b0a0b9535.jpg 31,71,211,290,1 226,96,378,356,1 208,50,302,220,1
mitsubishi-fuso-tv-truck-hannover-ge_jpg.rf.2d8626bc8ec4b4c137be5266b3e5c1dc.jpg 58,11,339,363,2
vlcsnap-2022-03-15-16h00m58s027_jpg.rf.76d7b2f51ee946bf2b0d3d60b58da147.jpg 0,48,203,416,2
vlcsnap-2022-03-14-13h39m05s025_jpg.rf.13a62d500b1026681c53e29bf7e296eb.jpg 0,252,158,416,0
92182b_jpg.rf.efb4aa89840d590f96b7ce90bfe47542.jpg 55,32,370,382,2
IMG-20240212-WA0299_jpg.rf.23edb420614c6bdb73729ec2b4245474.jpg 0,162,416,414,0
ambulance-359-_jpg.rf.486a17fb4516388cd094a720b79527a0.jpg 19,2,313,416,4
sddefault_jpg.rf.a734e6b2c9beee43270d63b7f3e09525.jpg 57,54,346,346,2 341,91,416,160,0
VIQ7SV7VUU8K_jpg.rf.7652c9a08f2ed46b9571d215768c480c.jpg 0,166,411,388,1
vlcsnap-2022-03-18-11h52m19s994_jpg.rf.b2a3ba73923a574c0d5e146950f13909.jpg 0,0,213,416,5
vlcsnap-2022-03-20-09h04m32s026_jpg.rf.9e1904c00b3cf085a4a16dc4125dbb31.jpg 0,118,211,416,3
ambulance-407-_jpg.rf.ae3a548d77100e470b11de67e46f6074.jpg 113,153,193,295,4
0fea449e-dd3d-4e69-890c-d7e52bed33d2_jpeg.rf.3fe464b54b14312508d6e270381b92ad.jpg 93,10,260,385,0
4e6b3aee-9c16-4bb1-868c-196faa7a201f_jpeg.rf.4fafae1faa117994d8df97682ac0d1d7.jpg 53,0,276,317,3
vlcsnap-00174-Copy-2-_jpg.rf.33ab400defcc9e16dbb41abfe6cd1bc3.jpg 171,231,416,416,0 102,150,161,254,0
vlcsnap-2022-03-15-11h37m57s798_jpg.rf.f3e7322fe51b4e8d172322e72716e19c.jpg 0,0,215,416,5
vlcsnap-2022-03-14-13h37m36s257_jpg.rf.0d166234c6577c9ca879f7397aee45a1.jpg 0,214,172,416,0
rear_end_jpg.rf.c217493ab3d09f01c50f1d8bd7bb6119.jpg 25,5,412,416,0
VOYF1K4KFNG5_jpg.rf.5dfd55005e4843fc7c7fcca7039b45eb.jpg 161,148,301,357,1
bus-124-_jpg.rf.53f6e0b25664fbabdb159434642ffc61.jpg 106,44,391,378,3
b3_jpg.rf.15b66668e9bdf19cff17482529c6a695.jpg 159,45,385,347,3
vlcsnap-2022-03-16-11h14m03s462_jpg.rf.1f5f12efe7f20a9fa8f900f6db6ad44c.jpg 0,0,210,416,5
vlcsnap-00175-Copy-2-_jpg.rf.e9b261ae43890de152f6eede879656a7.jpg 156,186,416,416,0 103,174,113,202,1 131,169,147,209,1 115,161,124,184,1 160,171,171,200,1 169,147,210,190,6
132_jpg.rf.73d436ad352888c8fb0b06366e6e3ea0.jpg 50,97,316,394,1
ambulance-116-_jpg.rf.8b1543aaa134c0a3e745ddadb94ffb59.jpg 264,233,396,367,4
vlcsnap-2022-03-16-11h20m39s827_jpg.rf.eba566517f7e4c5e5cf47d3074f159fe.jpg 0,0,207,416,5
image0750_jpg.rf.0b9a3ee369aef865315302c3359e999c.jpg 0,0,394,416,2
vlcsnap-2022-03-20-12h28m36s301_jpg.rf.2564f11d3cec2b13a83bd6df424ffd34.jpg 0,130,204,416,3
vlcsnap-2022-03-18-11h53m38s073_jpg.rf.84ea74837c2f764a076c9f9b14c81d95.jpg 0,1,204,416,5
LPC-07_DTP-2_DTP-2_20240310170937_20240310181125_2_1G_mp4-0223_jpg.rf.c070ad41deca93c77c012b0564f4a065.jpg 124,0,314,276,3
Mitsubishi-Fuso_mp36_pic_105517_jpg.rf.98deeb35de9d3416a5fc69be20dcf720.jpg 90,59,385,373,2
LCV1_jpg.rf.82fa28da15c806140b57dbb9223723ca.jpg 39,25,375,396,2
LPC-07_DTP-2_DTP-2_20240310170937_20240310181125_2_1G_mp4-0224_jpg.rf.db8748e88c1737ccabd4b8322150025d.jpg 125,0,296,260,3
0f0b5da5-fe80-48cc-9ac2-f9aed5c171b5_jpeg.rf.b9bf669e88bee452cd2d220c322d7d67.jpg 123,296,213,416,1
00000315_JPG.rf.0a66d914f4aadc53662d08bea3ea0aa0.jpg 1,29,283,377,5
87_jpg.rf.c968e8b4fa129efebf3653ed07d07283.jpg 89,82,389,369,0
Suzuki-Bolan-1-_jpg.rf.95a60a0ece39338d5383e3c633477cb8.jpg 138,14,288,409,0
vlcsnap-2022-03-15-11h39m22s655_jpg.rf.1b8e4097bca8b9c29e54521e5a14d66e.jpg 0,66,206,416,5
ambulance-408-_jpg.rf.8089ded6e59d65d7791892210ce22808.jpg 144,78,355,416,4
b4_jpg.rf.41f219447b16b02f39e54e58ae7c976b.jpg 241,271,294,346,3 77,284,108,315,0
3a75501a-92c2-40be-841f-da1019138623_jpeg.rf.d115ec6a3639df4d31b0af9536202671.jpg 57,0,281,300,3
186_jpg.rf.e0a0ccd9ac079cd4c3d370fde9941ed9.jpg 122,82,356,408,1
mitsubishi-refrigerated-trucks-cante_jpg.rf.ad85ca3cbbdddb787044854d6fce0cd3.jpg 77,16,357,356,2 357,130,416,244,2
bus-270_jpg.rf.aabbfe2469434839fe2a752e802906c3.jpg 1,166,272,352,3
images-64-_jpg.rf.9d5b3835ab31b62ea5caa5ad9961b0ee.jpg 193,138,301,304,2
Mitsubishi_Fuso_Canter_Mk8_FE7_FG_Wi-1_jpg.rf.80b48d6009deff5e4202cbcdf4fad6e8.jpg 17,81,398,338,2
vlcsnap-2022-03-18-12h22m53s614_jpg.rf.399bce2eeefb7ccd31d6ee39f6320f51.jpg 0,0,202,416,5
ambulance-362-_jpg.rf.658d6abebca8f8db3eeb0735eda63c9e.jpg 28,31,372,411,4
1ace582c-aa87-4d6a-9f4e-c36863d43972_jpeg.rf.7bcf132920384ca9b18c08ac07930f7c.jpg 121,50,288,362,0
2005-JEEP-Hurricane_Concept_pictures-1_jpg.rf.a5091bb52b19aaedaf3bb0cbaf573dee.jpg 11,65,400,389,0
bicycle-158-_jpg.rf.b6ef09901695442cd10c033d04b9027f.jpg 99,98,223,398,1
OIP-SJwzCf2YSUpcoX66565t7gHaE72_jpg.rf.9445aec48b13307e392fde539f9f7d3f.jpg 2,57,415,382,5
OIP-O9FzGKg23piIec7h-ELA-AHaFj2_jpg.rf.729dcf43457fbe0896b38434b32113c8.jpg 46,4,415,414,5
vlcsnap-2022-03-13-23h31m12s999_jpg.rf.6e9424eff9c1e0277a219d2e252fd0ea.jpg 0,61,210,416,5
vlcsnap-2022-03-15-09h59m16s962_jpg.rf.fd779a18cc7d112561ed64c3c04b1b7b.jpg 0,114,200,416,3
00000023_png.rf.532fea59172dd3856d0bccc87bcc93e0.jpg 18,43,387,355,5
vlcsnap-00017-Copy-2-_jpg.rf.fc84e4687118ece2dcc9021fc639f952.jpg 160,244,416,416,0 108,177,165,276,0 98,139,131,206,2
vlcsnap-2022-03-13-20h35m43s247_jpg.rf.a50d76d8cbf3513eff9b926efa861fb9.jpg 0,247,164,416,0
ambulance-19-_jpeg.rf.72a7f97d9ecf36b773b38097c17791d1.jpg 24,1,412,416,4
0b00358a-981d-4b32-8040-8e927a4f9870_jpeg.rf.99743222513244887e1a09ed673843a4.jpg 225,4,400,325,0
38faa134-ff7f-4562-81ff-c84154f044bc_jpg.rf.2b409c47b4ec05205e95d1aaa12165fe.jpg 14,31,404,357,5 345,0,416,170,5
00000022_jpg.rf.aa0bf2bb91452da6cab6d8a9186a5230.jpg 45,143,353,348,5
0b0bfae4-0e9e-4953-a52e-d9b7362eccb7_jpeg.rf.5122c5af8fb2b86d2d3b6cfabbf00871.jpg 107,19,261,330,0
7891_jpg.rf.dfb4ed49cd2d3ab9153013e30ec218f4.jpg 11,1,408,416,5
vlcsnap-2022-03-14-09h21m07s464_jpg.rf.26bd1c193611cb6c4f36a124d9187128.jpg 0,0,204,416,5
IMG-20240127-WA0071_jpg.rf.56e0509b473992ae8067a7f360c39749.jpg 39,74,416,395,3
2-wheeler-driving-on-streets_36_jpeg.rf.ed340cfa422cca9b5a77fd60144c5101.jpg 129,196,219,374,1 13,181,120,294,0 247,243,293,293,0
0b20886a-e9c5-4e7c-be6b-86cee028f7ac_jpeg.rf.d766b69b16182a5a725097fe68072185.jpg 78,53,226,326,0
vlcsnap-00018-Copy-2-_jpg.rf.f3fc317c1e0390eb3d0713da6e942c40.jpg 162,232,416,416,0 103,145,165,261,0
0b0582b5-ebaf-4e94-a9c3-9232dbda781f_jpeg.rf.47c92430597b2c32e93f5ab2d8963a5a.jpg 79,46,220,310,0
ambulance-1-_jpg.rf.6ed7f37c4875f8a42b9324999cdb7b84.jpg 0,62,70,255,4 40,75,165,238,4 136,87,242,228,4 214,94,301,219,4 276,99,342,207,4 323,110,405,194,4
00000023_jpg.rf.0802e31d610edd04ace8830797f818b4.jpg 131,98,292,301,5
bus-179-_jpg.rf.aeb427260370308a62248626a38acc57.jpg 204,58,413,307,3 168,147,209,251,3 146,165,182,237,3
bicycle-159-_jpg.rf.e4e58b49add553c5bac7658fe4577cc1.jpg 148,208,341,416,1
0b1ca728-c511-4381-a423-f102dacb4345_jpeg.rf.3fd46f7f9df8791b635e57796888433b.jpg 76,0,241,324,2
20210515_14_28_43_000_Db2I2d17GLf53JzlQRSP28hD4Ml1_F_2592_1944_jpg.rf.49362b60e2b0525c119fd2f76fc882c4.jpg 39,55,408,274,2
bus-18-_jpg.rf.6492aaf14629cbaf105f64be6f88c5de.jpg 15,21,398,379,3
Screenshot-2024-05-30-123931_png.rf.13f9384aafb8b9fa8b7b7fbf770898df.jpg 61,0,416,416,5
0b009c70-95ea-4cd0-8c82-a1a0185fa9da_jpeg.rf.457a2e149a0732fa36d32cd85fc5b5af.jpg 82,1,245,324,0
vlcsnap-2022-03-14-00h13m36s307_jpg.rf.5d6e92d46767b533b2ec95ba6797cbdb.jpg 0,48,195,416,2
vlcsnap-2022-03-13-23h23m44s082_jpg.rf.fede9261ff2a7fadfe2c1887ad701563.jpg 0,1,208,416,5
1997-mitsubishi-fuso-fh211-20-ft-box_jpg.rf.fea303e40ffa35a6faee6ae280cbf82e.jpg 30,83,381,288,2
bus-126_jpg.rf.b0e06018d82c1753cd614b85522d5ed0.jpg 83,51,299,397,3
0b01bb9d-41a5-46df-90ca-a6ff13ed3b90_jpeg.rf.cecf45a8e8e1fe48f2656a79b7f9637b.jpg 15,38,184,373,0
0af7ad01-31b7-4141-b2ec-e85d62053d71_jpeg.rf.722959e6a8f3663aad5eb64b3aaed515.jpg 96,1,332,295,5
LPC-07_DTP-2_DTP-2_20240310170937_20240310181125_2_1G_mp4-0023_jpg.rf.8f34c8e1004f5395787b1e46c48a7c94.jpg 117,101,194,242,3
0b1b3190-8384-4bbd-874f-658962bcb102_jpeg.rf.c9f3deffa1d31c7fdf8d3158914a4b4d.jpg 44,0,238,286,2
IMG_20240130_211014_jpg.rf.0d24b509965c259d18063858296f6f18.jpg 0,193,354,369,4
th45_jpg.rf.2c1c781312c4eaee3c8e99f3660b7d6d.jpg 3,8,413,383,5
bicycle-160-_jpg.rf.dab75e8c2ac61c0656c4daa2163630f8.jpg 39,155,99,320,1 101,200,264,396,1
mitsubishi-fuso-canter-4x4-chassis-t_jpg.rf.f8e5dec467da06e91b6e8ec8d64a29b5.jpg 35,24,382,391,2
ambulance-20-_jpeg.rf.b9006923018f31207b0a5c12c4527f1a.jpg 21,78,209,393,4 209,127,321,349,4 314,148,370,316,4 367,158,416,296,4 1,105,43,327,4
LPC-07_DTP-2_DTP-2_20240310170937_20240310181125_2_1G_mp4-0024_jpg.rf.65cba2504409a6fdecb7446f6f5a3b81.jpg 128,28,280,278,3
Screenshot-2024-04-29-161805_png.rf.5a7c516731d2d4c9aecafb76ab3e6f90.jpg 27,0,416,416,2
63292771afd5a6585dfdafa208e77bd4_jpg.rf.40a902068b204ef6f0d018198fc5832a.jpg 36,14,383,394,4
vlcsnap-2022-03-15-15h02m12s373_jpg.rf.0d54b066dc89bd1c8a24a45acf389af6.jpg 0,185,167,416,2
00000304_jpg.rf.383b0c7d8e68ec578abbc193179b34a7.jpg 10,94,413,376,2
vlcsnap-2022-03-13-20h36m45s693_jpg.rf.6026e61d65d77cfd93ad509a574544b9.jpg 0,255,163,416,0
ambulance-132-_jpg.rf.d20e644dc8d1ac3ae6d7216a8e22904f.jpg 143,111,270,361,4
3ETMPND979ZO_jpg.rf.9831251cb66a844406f1f1f506bc7c66.jpg 224,166,303,256,1
LPC-07_DTP-2_DTP-2_20240310170937_20240310181125_2_1G_mp4-0220_jpg.rf.6958becd3958b1e89a3532be9ba381dd.jpg 127,0,292,256,3
bicycle-161-_jpg.rf.e39de922d0691b9e1bd15ed45de36d9c.jpg 39,175,207,386,1
istockphoto-172637322-612x612-1-_jpg.rf.3c3a06a8145405de1dc476c3b85fd327.jpg 22,35,386,358,2
vlcsnap-2022-03-19-07h34m34s114_jpg.rf.d660a8f6ee179cd73f9dac5241330c27.jpg 0,101,205,416,3
0ad0e456-24ce-4c86-bb31-ec70fa3e8ef3_jpeg.rf.364263168a9d71f53fb4f65c87a551d8.jpg 136,1,320,342,0
bus-96-_jpg.rf.8e87466cae1e157ba59398b6a1d98cbb.jpg 253,71,416,366,3 5,92,264,346,3
photo_2024-02-12_19-48-49_jpg.rf.5769da95ebeae90d204bc3cc8c14db33.jpg 36,88,320,340,0
b14_jpg.rf.91304a33284d9e3d197b43f5cb999415.jpg 49,106,393,370,3 8,180,46,274,3
0d9cde93-eec2-49ec-b0de-b3e6446aca7a_jpeg.rf.e94a3c432af76331fca94ff77050fa83.jpg 119,158,202,365,1
vlcsnap-00172-Copy-2-_jpg.rf.1252ee6c9e5066e00a99f5c07a1f5aa3.jpg 103,0,416,416,3
Quester-Tangki-BBM-bertematik_TruckM_jpg.rf.95cfef9635727966e0f1001491c5d2a7.jpg 11,8,412,393,2
ambulance-167-_jpg.rf.4e17a7a2b7b4ba406cae347448b066dc.jpg 0,11,375,416,4
bus-266_jpg.rf.d5a61895d0911fac3a5cdade69aa628d.jpg 164,188,266,364,3
V0VINA546AK4_jpg.rf.ba6735335434a4d4eba5a3fef1a78a64.jpg 13,6,416,399,1
OIP-xRNbxcyPhVMdxqEbAUyHdQHaFc_jpg.rf.db92f92eb0260f2b223bad7eb43c106f.jpg 11,37,410,372,4
0afaf325-f411-46af-9ba3-c9061d0c8c1a_jpeg.rf.022238000ab1974426b3fdb5a494fd5c.jpg 98,62,264,360,0
vlcsnap-2022-03-18-08h48m28s763_jpg.rf.854936d1ea4b908eae99b34e8bfe7a01.jpg 0,3,198,416,5
V0F1AVA5PT7D_jpg.rf.870ab6e4cb015128144f171889e4550e.jpg 36,9,389,395,1
0ad99e1e-0c50-4a2c-b831-6ab1891871e0_jpeg.rf.f466fef4810cc26d9f61c4033f139308.jpg 151,36,304,341,0
vlcsnap-2022-03-14-13h31m49s885_jpg.rf.f07a5726875f1526c5380881c7268313.jpg 0,234,174,416,0
bus-167_jpg.rf.f09d77347970c4e4789c8ccbab1d916a.jpg 153,116,303,332,3
vlcsnap-2022-03-15-11h36m22s215_jpg.rf.da33a2e862c681f02de247e7246c6b1b.jpg 0,67,206,416,5
vlcsnap-2022-03-16-09h49m50s440_jpg.rf.8c2372f73521c894dbc73f43c86b78d9.jpg 0,0,208,416,5
vlcsnap-2022-03-14-00h16m34s093_jpg.rf.41ff1958b5d1cd958f73e1ba7759395e.jpg 0,47,200,416,2
bus-96-_jpg.rf.1370b5f86326354e903768ad4a0b7088.jpg 253,71,416,366,3 5,92,264,346,3
Sejarah-Palkun-2_jpg.rf.6b83a080e8a7c7938b5bf3c7ddbdaeae.jpg 28,3,392,401,2
ezgif-frame-076_jpg.rf.62e8875b384341a09a5b8c2fbec7d170.jpg 72,187,382,319,4
vlcsnap-2022-03-14-13h35m47s876_jpg.rf.421a4992eca4a1ebc7d75774ec1e6398.jpg 0,168,174,416,2
Screenshot-9-_png.rf.56be824d815761e77e37d8b7339106dc.jpg 69,215,111,292,2
xe-tai-mitsubishi-fuso-canter-12-8-4_jpg.rf.a416e110ab5cc1f05efd5d4a42725194.jpg 53,10,401,400,2
vlcsnap-2022-03-15-15h53m28s788_jpg.rf.96b5f3bd12d6fdd20a4c8ae34d9bbfae.jpg 0,197,160,416,2
vlcsnap-00171-Copy-2-_jpg.rf.e4b515ec7a6ce2cabe6c84208134e425.jpg 157,241,416,416,0 95,94,183,233,3 205,194,236,242,1 300,149,416,334,6
vlcsnap-2022-03-14-13h31m39s596_jpg.rf.d712eb306df250eef48fed89c129b34b.jpg 0,237,180,416,0
bus-94-_jpg.rf.16e59d9a1ca21a03835b6b9d9d6d9512.jpg 24,44,416,365,3
vlcsnap-2022-03-16-10h20m10s026_jpg.rf.06b2bc272b03b6b0b8e079088ee025f8.jpg 0,0,216,416,5
0af478ac-c6a6-421b-b0f9-f2329625415d_jpeg.rf.8486641ad42a6f7c0226bcf045906cc9.jpg 108,32,270,319,0
vlcsnap-2022-03-14-11h34m19s613_jpg.rf.cae6d57cbebfe11076560b8d20f6e9d6.jpg 0,0,213,416,5
vlcsnap-2022-03-15-11h35m08s008_jpg.rf.18d9f3d0f404ac035495c4b9d09d970c.jpg 0,68,206,416,5
LPC-07_DTP-2_DTP-2_20240310170937_20240310181125_2_1G_mp4-0219_jpg.rf.f37cc3efed74a34541654b2e8b53ef19.jpg 118,0,296,282,3
bus-267_jpg.rf.9e2db0ccd410cbc885132d78625cce9d.jpg 53,0,367,414,3
vlcsnap-2022-03-15-15h16m50s437_jpg.rf.0170ac09d47063b1f8a38eee0700e54a.jpg 0,82,198,416,2
1a8d580a-866f-49da-87dd-cfc935de85d1_jpeg.rf.a99bbf18cff12c7edffecb1029a5b479.jpg 60,5,230,376,0
mitsubishi-fuso-fe-180-182716081529-_jpg.rf.59262fac9ddb9204de65424e54adbacf.jpg 27,72,405,392,2
08d3aa39-8fd4-4c96-8662-565e74527c51_jpeg.rf.d3e1b825d3e468f830b305d608c20ae0.jpg 58,4,350,331,3
sawai-madhopur-india-march-1-260nw-2140086935_webp_jpg.rf.5412991a9910c3175d5f56a2c77a8123.jpg 93,64,348,329,2
ambulance-136-_jpg.rf.d8b0ce91ec9fadc9a6aa9e3bb6b3f613.jpg 93,127,265,376,4
bus-95-_jpg.rf.3a32157b9df1bb27ce3bb25711915290.jpg 2,0,400,403,3
bicycle-16-_jpg.rf.68bffc5ac72f252a2ec9a2cda4046e82.jpg 31,21,370,408,1
07c5c668-d1ec-4823-a854-0197da782492_jpeg.rf.77de36d5d06c472a64a2d3055b8b155e.jpg 197,138,270,369,1
b2_jpg.rf.6c1924577f790190cdd6fc3d11874bd0.jpg 52,172,191,363,3 198,93,330,360,3 0,256,53,376,0
bus-127_jpg.rf.24c9441fc2058f4301fcc039b03bfedb.jpg 192,124,335,353,3
00000024_jpg.rf.786792c45c4c189a426690212f904de7.jpg 70,156,316,348,5
0e988e6a-0d73-4b0a-b5be-a79f13fd407f_jpeg.rf.188918308d8b7e45e25c976890e59e75.jpg 142,159,222,383,1
0ae6ed99-cd98-4826-8b48-598c239a1a1f_jpeg.rf.47242faff65b1a547f626fbce2368c79.jpg 164,2,340,286,0
7a57965a-0a38-4e7b-8249-9b874e0b5a14_jpeg.rf.98e8b6803df8c20c35adcf0f4c387e5d.jpg 205,186,270,354,1
85_jpg.rf.962d65e012fc8cccbcd57906b085ec39.jpg 104,148,345,376,0
images-25-_jpg.rf.132ee030aa1ba2d15556ec79c2e285be.jpg 110,166,259,348,4
0ad9e229-e0da-48c2-9b98-48caba11a0e8_jpeg.rf.b34bcb9b4cd91c4f815a3026685b2f84.jpg 76,33,241,343,0
mitsubishi-fuso-fg-4x4-manual-low-mi_jpg.rf.8ef229479b528f4c0b274cd1f01d9ad8.jpg 34,127,403,371,2
vlcsnap-2022-03-15-15h07m05s631_jpg.rf.8509e6fabec0f2e754494320f07aaf89.jpg 0,103,188,407,2
5d174c21-27d5-4219-94ef-f0eb57cc4515_jpeg.rf.40533e9c6a578faa1761e743d47bc89e.jpg 64,0,350,380,3
bus-183-_jpg.rf.cfa2e1968e45d8026b7548920c2662fc.jpg 20,9,416,416,3
image0493_jpg.rf.a3dbbeaaa64754c13c287a939bdfdff8.jpg 32,41,324,389,2
ambulance-331-_jpg.rf.36cc892d8d110166fe8078e4876c3768.jpg 230,117,396,345,4
1996-Mitsubishi-Mitsubishi-Fuso-Grea_jpg.rf.5a514fdc9779ee176b9ad077627608f4.jpg 4,16,416,415,2
bicycle-163-_jpg.rf.51664360a124101047562a678de58204.jpg 11,32,402,391,1
vlcsnap-2022-03-16-10h03m20s102_jpg.rf.044948840540fee4ee2b5c3119caeb5c.jpg 0,0,208,416,5
0b3b1108-6f19-41a2-b5f6-8dff97a955b6_jpeg.rf.9c1b26fb18625f8a2d9b45a22e4316f0.jpg 122,35,275,353,0
bus-268_jpg.rf.484a9ee5c5996b1a5090ff6a88924c82.jpg 135,177,397,355,3
vlcsnap-2022-03-18-09h38m02s690_jpg.rf.a339f4112e3063c55bb342b28159c1be.jpg 0,1,202,416,5
2-wheeler-driving-on-streets_37_jpeg.rf.814d34638f566328415356d20d22b650.jpg 47,161,137,376,1 262,152,316,296,1
vlcsnap-2022-03-14-11h56m18s886_jpg.rf.d123cfeb498647e20dc244bd2afff3ea.jpg 0,0,204,416,5
news-1631778919-3697_jpg.rf.44164b12e49580c99f8f61e917adde8b.jpg 116,197,300,345,0
05ee3e19-3b00-4743-aed2-ac0908ec46e9_jpeg.rf.2f0c76992cd897a791257528ff453e8c.jpg 253,148,317,335,1
Screenshot-2024-05-30-143253_png.rf.47ca17a54bc8207a147f1ad3897bb376.jpg 15,1,323,248,5
OIP-FA1zdX-_pZv-LIitN_NwBgHaE8_jpg.rf.10435e04dce93dbe05390e357f8cb733.jpg 76,29,399,379,5
bus-186-_jpg.rf.6b93750c0d2d411306981255943eb886.jpg 159,72,288,321,3
1999-mitsubishi-fuso-fg-beverage-tru_jpg.rf.5558e30773079f0739b84bec80e1df18.jpg 8,29,382,413,2
LCV8_jpg.rf.62a1d18e1f8b2bcd74c1de944581f2df.jpg 46,20,358,367,2
0b12d5a0-c220-49ab-8d93-2e9a72bddc14_jpeg.rf.f12a936f5c9f18100e080c6d061d5e4d.jpg 68,3,305,297,2
0b4c4e81-a6fc-4395-b4f5-2e9c3eb4bebc_jpeg.rf.76c58eeda3234c30e1e906b741dfc6bb.jpg 69,2,281,313,5
vlcsnap-2022-03-15-11h35m28s463_jpg.rf.9b5a05ee0d4e3dad36a7a3f90adaea92.jpg 0,44,211,416,5
IMG-20240127-WA0079_jpg.rf.62e6b63b376082b4e25f44c148884922.jpg 149,104,416,274,3 22,207,61,243,1
11_jpg.rf.6156b6842cfa24d9f088c64986581424.jpg 118,162,288,336,0
0b3bb4b4-feff-47d6-87c9-750fefdeafae_jpeg.rf.b87ee78d5040f6fc68854801166dbe44.jpg 126,1,313,372,0
Screenshot-2024-05-30-123943_png.rf.76089b3e18b7af8e4a288763f47be298.jpg 268,162,328,270,1 36,28,57,106,5
bicycle-165-_jpg.rf.8a22445535e12fbce09a3a061696944b.jpg 53,230,326,416,1 254,137,290,236,1
0b568f72-1f73-41e4-8bba-d7f3f508f37e_jpeg.rf.dbeeaa2c0951557c229193b9c44040fe.jpg 73,32,244,378,0
vlcsnap-2022-03-14-12h16m29s727_jpg.rf.538f058a306e89acdac3bf508281783c.jpg 0,0,199,416,5
00000026_jpg.rf.589fd25b49edc998a04061165c379869.jpg 163,178,201,251,5 199,70,414,357,5
0b56aa57-32ef-48d2-8e6a-f3486d10eb3b_jpeg.rf.10a916352e8956a5bf55edab9fe4b74c.jpg 106,36,254,319,0
3cbf2eda-8c05-485f-b068-e101b7ce16ce_jpeg.rf.b4aa2e927b03131ff1214e646906143b.jpg 44,1,297,353,3
8209339137_84bae5d908_b_jpg.rf.1dfc3dba6881bd0c7b1eb4748c3be5fe.jpg 53,101,306,403,4
0b339de4-bb65-441a-a4f5-67a8c13823a5_jpeg.rf.2c9f0b224bed5e71b735a49f79f16337.jpg 104,1,249,313,2
0b4842f8-4730-4a87-8b7b-1510e94d37b0_jpeg.rf.cb27e9400b5ea37e2ab95cc86adec5f0.jpg 81,1,317,335,5
1_1_jpg.rf.92ac398bc06df2f6b4998819582bbab9.jpg 108,169,269,373,2
vlcsnap-00020-Copy-2-_jpg.rf.92949e63c52bc7e1be7c85b31dca5da3.jpg 143,166,416,416,0
vlcsnap-2022-03-14-09h25m10s031_jpg.rf.e1c625708d014ab33a08616e15336530.jpg 0,6,213,416,5
vlcsnap-00019-Copy-2-_jpg.rf.00b221496bebbf7295eca9b59a7a1358.jpg 151,164,416,416,0
OIP-BTD71UJDi0yXpZBl79rGJAHaE7_jpg.rf.6d758c9a31dbf39b5264c7b3e51e30bd.jpg 71,44,379,414,5
ambulance-24-_jpeg.rf.d2a002b4105c4d7b1fce6af3a4ccba6a.jpg 44,0,416,416,4
00000025_jpg.rf.d289389c3ceccca4ccd042ed7ec954d6.jpg 60,0,284,215,5 13,96,60,267,5 319,0,416,294,5
IMG_20240130_211041_jpg.rf.3b0cb953227a900a1a132fa8f2cae2cb.jpg 83,192,416,376,4
07e59bb2-8afa-4d8e-b879-d5fa3e71dff3_jpeg.rf.553e6d58c045962c90da3830a254c540.jpg 61,0,292,307,3
vlcsnap-2022-03-14-09h25m33s220_jpg.rf.f06e2310d992f49aaba8ada1afc1de43.jpg 0,0,209,416,5
bus-187-_jpg.rf.ffae7a6dd6f3129e2d67c7cd9089f413.jpg 52,0,349,416,3 0,63,66,354,3 355,88,416,248,3
vlcsnap-2022-03-18-09h18m16s779_jpg.rf.263787a1523d28a1415e4763ab992cb4.jpg 0,0,203,416,5
0b3952d2-3ddb-4781-8738-980d16b5fa53_jpeg.rf.ea0615b4aa4602346dbc1d8dc431b9b0.jpg 91,1,284,292,5
th62_jpg.rf.f09e9f476ae42b8441ac15d74a58d5b0.jpg 3,11,413,413,5
94_jpg.rf.c8b46fc2d1c0512caa3184ba7ec0ab44.jpg 33,93,396,355,4
34333675_4_jpg.rf.b623c1a02abbcfaed0ad12bdfd9ebf26.jpg 86,9,342,410,5 12,251,78,346,5
mitsubishi-fuso-FE180-gas-engine-fea_jpg.rf.271d47438c5da65cf1332d52e7046ded.jpg 43,0,376,414,2
bus-118_jpg.rf.b192a0dcb78ca075e8df2f0b82ac4e23.jpg 15,111,162,332,3 251,105,396,338,3 160,133,257,329,3
LPC-07_DTP-2_DTP-2_20240310170937_20240310181125_2_1G_mp4-0026_jpg.rf.7b6a1d05da6023a7a3379479948187f3.jpg 115,0,293,267,3
vlcsnap-2022-03-14-00h33m22s247_jpg.rf.7ecf3db6a14333af0034be5681f592f3.jpg 0,127,178,416,2
171_jpg.rf.a73d8e4ef43cb5a2480d20dc1cd5d160.jpg 29,21,359,300,4
2000-Mitsubishi-Dump-Truck-688-36322_jpg.rf.ff1e499c2b96a3d1d1e2072e702eec3c.jpg 42,0,364,384,2
bus-187-_jpg.rf.65cc38cf682c9d4415cff110a46f7aa4.jpg 52,0,349,416,3 0,63,66,354,3 355,88,416,248,3
images-28-_jpg.rf.0e8eaef78ec9f4d854a7fedafa8d512e.jpg 227,109,416,340,4 131,174,222,252,4 57,185,123,250,4
417577502_122128853792113206_7458963569434201220_n_jpg.rf.7eb92de1eb94e0a70a945a0cb0187a98.jpg 15,135,399,357,0
rear-3-4-right-197907723_930x620_webp_jpg.rf.9e2e205cb28d0c4697293325c8af5aae.jpg 64,95,349,303,2
image-15-_jpeg.rf.db6b511b7a1bf2ca06043dec6c7258fd.jpg 12,16,389,414,0
7bc08e6e-e5c4-4b62-b067-f0e4a680365f_jpeg.rf.eedd51ebf9a04de9285ec2a38a20fe41.jpg 48,0,284,302,3
0b5f030b-403a-443f-90b9-7085820a1892_jpeg.rf.8165d75d7dfa2497786e56470d159ed0.jpg 113,17,302,368,0
ambulance-158-_jpg.rf.d71987df4bfe7f5c1896ca0c17b23815.jpg 100,112,329,343,4
vlcsnap-2022-03-13-23h31m39s571_jpg.rf.36eb91e5912dbf2ed62c8811c419f204.jpg 0,70,205,416,5
0b5eb469-84bc-4d58-8b42-dca6acda55b4_jpeg.rf.fe6385ec4b24a474a0f78f086640bc10.jpg 75,26,231,327,0
0b39cbd2-2ebb-4d61-af07-9c13a4198a29_jpeg.rf.481650fcb354ccc1455652451677f869.jpg 86,1,248,315,0
vlcsnap-2022-03-13-20h37m37s474_jpg.rf.825129d450511c16e1441d5a689f76f5.jpg 0,205,175,416,0 0,207,176,416,0
00000196_jpg.rf.6be2974aedff18de77ac54f03af30728.jpg 139,51,314,370,5
00000197_jpg.rf.20c67dd7bf080c12ae590da043e78d82.jpg 56,0,226,365,5
fels-komatsu-komatsu-wa250-front-end-loader-0-id-42070849-type-main_jpg.rf.380c50bab5222c503bb66a809e259d55.jpg 49,20,382,383,5
398_jpg.rf.2e0b6a320beab5d3aac50e8315b410ba.jpg 157,175,217,381,1
vlcsnap-00122-Copy-2-_jpg.rf.033df66d7048210c1503531a8c99674e.jpg 156,232,416,416,0
bicycle-168-_jpg.rf.1784cfff6f91fb172789511ee6b5fb94.jpg 113,175,251,416,1
2007-Mitsubishi-Fuso-Fighter-FK600_5_jpg.rf.81e8e77de3f82bf318f575bf9d083543.jpg 55,89,364,355,2
Screenshot-2024-05-30-123956_png.rf.b61e861b07f6d634b934a32f6a87e2ac.jpg 60,21,291,234,5
432_jpg.rf.1ee75fc6cd2a6d96f252cac98612e60a.jpg 162,100,261,400,1
IMG-20240127-WA0082_jpg.rf.5e5dee3b5826b231259cca93d1f053c8.jpg 101,76,324,298,3
2000-Mitsubishi-Fuso-68-3886156_1_jpg.rf.52940b4ba1b07864594c161bf8992d69.jpg 42,5,415,415,2
vlcsnap-2022-03-15-09h56m36s171_jpg.rf.42d0a1b10fd77e99599fb2b7c56f5391.jpg 2,61,201,416,2
03c5a424-2c17-418c-a4c4-5c3b96e1bd6e_jpeg.rf.deb5feae0fb2999c3cf822fe83d35640.jpg 120,134,178,299,1
download-21-_jpg.rf.b93317346c832da2b6c95c66eedead91.jpg 46,59,308,294,2
1c0d3c1f-9840-4589-8b04-d1cb77fe889f_jpeg.rf.e548ed20694d51dd9d4e6b7aa4b9c2b7.jpg 105,149,203,384,1
427982872_7168057253243837_5904904445101498492_n_jpg.rf.2d3e16d6472af2010424a93ae11b8b90.jpg 42,61,386,352,0
00000200_jpg.rf.4ef3c5616e5a8ff70ca67ea6fc96832e.jpg 0,56,104,298,5 95,65,199,281,5 188,80,300,256,5 282,98,342,244,5 333,104,409,245,5
2012-mitsubishi-fuso-fe160-16ft-dump-1_jpg.rf.90f49cc976fd22544171299c1b3f4d13.jpg 47,38,376,366,2
ambulance-23-_jpeg.rf.633bb69c5ab96ea635214188bff677fa.jpg 59,122,378,399,4
bus-128_jpg.rf.f664002597a578bdb506c69c39affeea.jpg 93,92,316,388,3
image0305_jpg.rf.a3382ce6da134801891503bc6819f086.jpg 20,29,367,383,2
bus-218_jpg.rf.8f1990f662fb785c2c526d1a86caf5f6.jpg 46,42,366,304,3
image03180_jpg.rf.be42f6d5cd3f52eefd617722ab7fd50c.jpg 41,1,416,394,2
bus-30-_jpg.rf.c5fb1a494e60090737105374b14fbcf9.jpg 5,165,166,323,3 215,203,285,298,3
vlcsnap-2022-03-15-14h32m23s671_jpg.rf.d2874f2a477a6f5a1343d9fd35c97acd.jpg 0,40,205,416,5
Image_013458_jpg.rf.83d289eec15f5a7bbea5d40575feb4a2.jpg 33,0,370,321,2
vlcsnap-2022-03-14-10h08m26s099_jpg.rf.c6586a63bb1a718303fbfabecda076a5.jpg 0,241,162,416,0
vlcsnap-2022-03-16-23h45m55s662_jpg.rf.b0e6c0010aec814845692cd07fcb8811.jpg 0,2,217,415,5
403_jpg.rf.46584484e4ed54a02ecd21d2efac398d.jpg 143,105,323,347,1
vlcsnap-2022-03-15-15h01m54s954_jpg.rf.805e954e769a19ae64acecbea8d7b9c6.jpg 0,0,208,416,5
00000207_jpg.rf.0066e10c846921a601f746ea1ef6eb8e.jpg 72,136,154,307,5 237,0,405,362,5
62_jpg.rf.b2cf024848cec8c5320c1785d0b77404.jpg 64,49,371,390,0
0b4432ce-b1c2-4114-b4ea-603ad25fc71b_jpeg.rf.33611161b21d02c4ec3da0b3caff63c5.jpg 109,75,262,384,0
vlcsnap-2022-03-14-10h03m04s738_jpg.rf.f23cbce54bc336d2018b936b7956e0bf.jpg 0,148,174,416,2
Image_013438_jpg.rf.ecb180f269728d054ddfe5b4a34fcebf.jpg 0,0,396,394,2
image03185_jpg.rf.b6957d737279b6f861fb6dabb1b1adfa.jpg 15,0,384,353,2
OIP-HM_hsaCnBb66tQAYxMQh_QHaEc_jpg.rf.ceb8b0088e8aa8419a99f6204be11f36.jpg 0,0,414,407,4
download-15-_jpg.rf.269b75ad0385c22ca8d141df46150b87.jpg 33,80,384,339,2
IMG_2076_JPG.rf.83504229bf3e15fd9981a51bf2c66341.jpg 41,171,341,321,1
bus-40-_jpg.rf.94527741d1df2446ec2fc6d735287c40.jpg 26,23,233,333,3
j5_jpeg.rf.c4e68f6d169f81dd42dd0e61e95c0e19.jpg 16,56,329,350,2
0b4478df-e7c2-4582-9c92-6829a3ea8139_jpeg.rf.98ac3d809d8e6b30b68cc9df55c1c0fd.jpg 76,0,220,362,0
Screenshot-2024-05-30-141619_png.rf.5487bc768b904d6d7ee8af8971e836a4.jpg 9,0,154,155,5
64_jpg.rf.570c931d1dc1f3e2358988e9f1ee6908.jpg 36,152,345,414,0
vlcsnap-2022-03-15-10h39m01s145_jpg.rf.c2531d09b1bf40cc27a497ae98627117.jpg 0,196,170,416,2
WhatsApp-Image-2023-12-14-at-15-53-18_eee57c32_jpg.rf.2bf575935e46537b75397ad9988f55b0.jpg 18,56,416,339,3
vlcsnap-2022-03-15-15h56m03s925_jpg.rf.7f563cc44654cc0bd7243a939d31235a.jpg 0,0,202,416,5
vlcsnap-00130-Copy-2-_jpg.rf.b8b394c9afde5cd7ec7672fe66e569ae.jpg 135,136,416,416,2
453_jpg.rf.46a581ef94635108ae4b7a18d4fa1968.jpg 52,123,327,392,1
ambulance-27-_jpg.rf.42e1323a8882e3eebc965ce78001c7da.jpg 28,0,297,385,4
79836725_2590611401225116_5468563884111560704_n_jpg.rf.7c838375ea387e15c458dbea4aeefd5b.jpg 65,34,215,352,3 0,117,69,282,5
164_jpg.rf.358f3c4a4b7cdd899d7da52215d162fc.jpg 156,112,349,387,1
2_57_jpg.rf.30bd077a98311637015730db57f0dfc3.jpg 17,19,400,334,2
2-wheeler-driving-on-streets_39_jpeg.rf.1e595dc7ac63655fb71a394fd299aa54.jpg 57,159,353,416,1
59818206-CBT_Dharwad_2926_2_8_2023_22_18_06_jpg.rf.3fb1404fab5865195ca897685483f609.jpg 0,241,371,407,1 191,35,412,195,6 95,28,209,161,6
vlcsnap-2022-03-14-00h23m32s235_jpg.rf.bfcb7cf5cddcce65fc528e03a168d85b.jpg 0,46,198,416,2
154398-6_jpg.rf.45874f90c8336ff39a720e513a0208a6.jpg 15,9,387,415,5
vlcsnap-2022-03-15-11h41m02s571_jpg.rf.095770c9eeae52ef91ab07906b31e8a3.jpg 0,0,213,416,5
09a4a0c4-7536-4af9-8e9a-8418fe092229_jpeg.rf.9b8f0ef978f151071e37e07f0093559a.jpg 73,5,321,312,3
ambulance-259-_jpg.rf.bd5567cf9b68d8fc9c37591cb3af0cf1.jpg 5,3,405,416,4
M1ZHV6VFCATD_jpg.rf.1bd4a67c29a4cfc3c9950019efbbbbac.jpg 156,134,416,416,1 0,265,183,416,1
modifikasi-2Btruk-2Bdan-2Bvariasi-2B_jpg.rf.88d19a06edcb8303009c8549ce01d874.jpg 18,43,389,404,2
vlcsnap-2022-03-18-14h10m45s661_jpg.rf.8c78bb79dac55710413aafb6e55f9063.jpg 0,0,203,416,5
Screenshot-2024-05-30-143446_png.rf.835c691e8cd7972582d1ac2289ee5681.jpg 40,8,281,279,0 28,23,70,125,0
00000216_jpg.rf.1f3391124fe8efb00aaf3c30c823474c.jpg 57,186,416,389,5
161_jpg.rf.742c85b0968f9d6818b6c6428021c808.jpg 146,160,252,380,1
OIP-fuQbT5aQ2jDGCQ5JNoKM2gHaEV_jpg.rf.29a828e5f9a9af121fbd2409f8a845fa.jpg 3,5,414,405,4
IMG-20240212-WA0300_jpg.rf.a2e048ee73c00113c16bc77b75c23314.jpg 7,179,416,391,0
product-jpeg_jpg.rf.d760ee859897c097013cebb96b6e639f.jpg 1,21,416,397,4
vlcsnap-2022-03-15-11h41m23s938_jpg.rf.8fd908952c6d2b46c2580fe9e051136c.jpg 0,70,206,415,5
vlcsnap-2022-03-15-10h29m35s073_jpg.rf.12d64fa91bdf214c607941a015b7cbba.jpg 0,103,191,416,2
vlcsnap-00179-Copy-2-_jpg.rf.584a8b64611f2c26fff29c9475fb3f42.jpg 143,129,416,415,2
bus-41-_jpg.rf.40e0d0f7819776c217f8b216f1997d56.jpg 31,23,373,363,3
2e8cf707-e1e0-435e-9135-1a83e0d5d30d_jpeg.rf.c0a800b024d675adcf95b052fc65dc35.jpg 45,0,289,358,3
bus-22-_jpg.rf.5f9a0a6eaad565ee96c227eaaec133ad.jpg 114,169,321,299,3
vlcsnap-2022-03-15-11h12m08s563_jpg.rf.eed0b53e28e8f877597d4ebabf66f4bc.jpg 0,77,198,416,2
vlcsnap-2022-03-13-20h37m12s802_jpg.rf.4ac5c77d9d1715a2cb628467d5fc8040.jpg 0,204,177,416,0
Screenshot-2024-05-30-141428_png.rf.54e72ad2ca0badc4985d0bbb48225051.jpg 22,4,330,260,5
vlcsnap-2022-03-18-14h28m26s078_jpg.rf.38492055b304ca535093f85f28c91c15.jpg 0,0,212,416,5
100-original-from-Japan-used-komatsu-d85_jpg.rf.5145483562f028945339b4a55c44f31c.jpg 90,19,398,373,5
download-17-_jpg.rf.afe78a5b7f44598ebe298e630912bb6f.jpg 32,66,376,356,2
2_jpg.rf.f090f6ec068d4094460610c817c46459.jpg 11,30,415,370,0
460_jpg.rf.2d21853f5cb4619da986d781a22d636e.jpg 73,139,359,397,1
download-14-_jpg.rf.9e080dfe694322f2600de4f4c6ca8413.jpg 25,41,407,395,2
vlcsnap-2022-03-13-23h02m21s080_jpg.rf.52119bebb2e05fdaa1d4f78efc7da90c.jpg 1,0,214,415,5
vlcsnap-2022-03-14-17h57m25s715_jpg.rf.1c699b07c951cdba9577783450c348c1.jpg 0,0,210,416,5
bus-165-_jpg.rf.f3819d0db1de04c9c4f9f4a393a96fc9.jpg 21,28,381,404,3
OIP-HUmTvwRTiuxDzxBzO8AeUQHaE8_jpg.rf.013d8801b40dadc61823afe620a2b90e.jpg 95,125,323,372,4
0b4db38e-c3c1-4ffb-9c92-f099d47f88ef_jpeg.rf.f3b33021ba3401fd5242afe214349f8d.jpg 81,3,281,335,2
00000218_jpg.rf.00f371243b4ca5b7e06e78608ee0003b.jpg 10,120,404,363,5
ambulance-104-_jpg.rf.e2b6e9959da55411fcc90feedabe3c39.jpg 42,38,395,256,4
65_jpg.rf.a68bbbe0720ea3b29e1b75b3cd8952e3.jpg 31,39,394,394,0
bus-42-_jpg.rf.45c4b6596f4da8d72aebe0ef9278dde0.jpg 31,0,389,416,3
vlcsnap-2022-03-17-11h02m44s914_jpg.rf.a4f9280ed986a5c488a9e7d3aea694c9.jpg 0,1,217,416,5
00000208_jpg.rf.3f19a11f4f504ae353b0c6cf6fe3aeb4.jpg 28,82,178,358,5 236,68,396,372,5
00eb9b11-d9cf-4757-a0be-1a324440d4d5_jpeg.rf.59344dd56c639f3ac305b994a968b45a.jpg 99,111,258,402,0
vlcsnap-2022-03-14-10h17m00s940_jpg.rf.651ed414a0afbe7cdafdbb2bf2a5eedf.jpg 0,246,177,416,0
ambulance-110-_jpg.rf.ac6f87a3ea3bd9863ba6cb75ba78632c.jpg 42,71,374,335,4
vlcsnap-2022-03-15-11h29m20s671_jpg.rf.2f4a298b81a7e09ff3980adb6caa39d0.jpg 0,90,208,416,3
316036365_3497906727162241_1833478784085601436_n_jpg.rf.7b2d68e5ddf8875388cae04dc96f26a5.jpg 69,71,379,366,3 0,223,82,376,0
00000308_jpg.rf.a6a037fc6c75b0d16328a27d86d0a6ed.jpg 0,20,281,359,5
download-13-_jpg.rf.bea84c5874f0668eed4fefbe9097be62.jpg 101,101,316,329,2
WhatsApp-Image-2023-12-14-at-15-53-19_55fb3bd0_jpg.rf.f9dd907f1c5b44db10136416526b2463.jpg 42,67,358,229,3
89950818_2691621117790810_5071519059816742912_n_jpg.rf.03e9a7a492e8b7280c9d5f34daaf69bc.jpg 37,35,373,382,3
3acff0ba-77c6-4bfd-bd1e-b2c4435c6a3c_jpeg.rf.300a1c9cce5d8235141c1831543d6e86.jpg 213,111,272,294,1
download-13-_jpg.rf.0cc26660bcfb680c2abd23da617e5868.jpg 98,93,318,330,2
2d4445d8-83c0-46f6-a301-bacb1d574789_jpeg.rf.1830d8358ccdf76f828b2b85d9c25238.jpg 80,206,166,410,1
LPC-07_DTP-2_DTP-2_20240310170937_20240310181125_2_1G_mp4-0160_jpg.rf.09ecf64a37ac8328b0b9cda260d19912.jpg 124,0,319,289,3
image03184_jpg.rf.09bf20ca7e601f97bd7f448fac898200.jpg 2,21,367,391,2
bus-43-_jpg.rf.318ea38197e5560f7a0e0ac33665a7a8.jpg 54,88,312,373,3
409_jpg.rf.b81527e286b8912bbf074ede3b757aaf.jpg 183,120,254,357,1
464_jpg.rf.2b78a60f245c6ffe0b09bd07f7faa11e.jpg 50,143,377,405,1
00000221_jpg.rf.5844e9b9c3b7dbfbe5fa146d312d63d4.jpg 1,43,360,360,5
bus-102-_jpg.rf.5c1ef8a35f33313884bf7b189749085a.jpg 44,79,355,389,3
j7_jpeg.rf.d03770c65df8bd00a7df678d92bb93c4.jpg 60,40,359,369,2
ambulance-143-_jpg.rf.7adf91dcde0df78fdcbedbbed5a443b3.jpg 144,96,306,290,4
vlcsnap-2022-03-15-11h12m27s585_jpg.rf.e1e742dde156184cdf4845f7fa726930.jpg 0,192,174,416,2
9fce427b-7d67-4ff1-b583-6e90a8f97af3_jpeg.rf.4ccf2f9b4edb72a6d7824a134f8a8339.jpg 64,0,324,340,3
Image_013439_jpg.rf.0bbdc141747fa74357ef37814564b923.jpg 45,0,347,328,2
vlcsnap-2022-03-15-17h06m18s374_jpg.rf.83697c456ca78e2c787c821ecbe2433a.jpg 0,0,207,416,5
IMG_20220117_114225_jpg.rf.7146123981c26e3a8ecd00fe2b646b7e.jpg 11,112,413,303,4
00000002_jpg.rf.2ed64ad1107589edd579c8c14269343f.jpg 15,6,380,403,5 364,51,414,329,5 0,125,41,279,5
463_jpg.rf.6c775cbcfbfe246af05f3c824d201806.jpg 57,172,291,406,1
428_jpg.rf.7e8efc5c34d29ff46c6cd70cd7b8d269.jpg 231,188,297,405,1
bus-227_jpg.rf.b89250d5e7f7246762829f6fb5ac1924.jpg 1,102,315,318,3
1fb40a08-22c8-4433-87af-9c12681da0b7_jpeg.rf.2d0ff04f0a06aab85fd2b58f160074ac.jpg 117,0,345,364,3
3_jpeg.rf.1bd69f590a1177d6639091dedba26f1a.jpg 17,37,385,344,2
vlcsnap-2022-03-15-16h50m26s925_jpg.rf.229af0d0c129464090a8fa475bb6f4e9.jpg 0,0,205,416,5
00ecb36b-8115-42a3-80dd-18f1bd626e8f_jpeg.rf.71df1953542b63a4ccb64aa0ecfb48d0.jpg 40,1,263,303,2
vlcsnap-00003-Copy-2-_jpg.rf.fe5ee65b9cb13fca69bc0d49fce3f7cd.jpg 135,124,416,416,0
Screenshot-2024-04-29-171850_png.rf.e80c33fd88df29f801562a6df271469c.jpg 25,5,404,401,0
vlcsnap-2022-03-14-10h54m49s602_jpg.rf.e8b120e65c61cee6a0510536407239c6.jpg 0,256,155,416,0
vlcsnap-2022-03-17-14h10m09s147_jpg.rf.5c4afa7d3d45a18282c3bac3d198aca0.jpg 0,105,208,416,3
ambulance-171-_jpg.rf.531d6a232bf915ebc9a53ba75faf4166.jpg 75,63,331,382,4
Image_013479_jpg.rf.a3ecc9b87606f5773999c4686b9993f2.jpg 44,0,362,323,2
bus-129_jpg.rf.db12c0ff7fca57fd709dd694ab3e18c0.jpg 153,128,268,312,3 0,141,144,298,3 277,140,399,305,3
00f9b5dd-03e8-470b-abcb-5eeecb5ed1c4_jpeg.rf.ffd4ec91b820777e420a57e7f704f644.jpg 89,15,248,313,0
vlcsnap-2022-03-14-00h02m38s325_jpg.rf.df076c34351ac5d273c47d59c774a64f.jpg 0,0,211,416,5
vlcsnap-2022-03-17-00h16m36s607_jpg.rf.5f3b6282106633ddc46139a3aa12886a.jpg 0,0,211,415,5
bus-225_jpg.rf.b59f0963e149cf6e56d4fb3ebb07188b.jpg 28,107,382,386,3
bus-43-_jpg.rf.cfad9a34a5a3cd6b44bb6d93d3f98846.jpg 54,88,312,373,3
vlcsnap-2022-03-15-17h09m11s982_jpg.rf.b39e34f4bdde7a120535826f827aa472.jpg 0,0,206,416,5
00fd881c-caa7-47b6-b731-929cff313143_jpeg.rf.91cded0d2144e50d315778d1a6abbd77.jpg 171,1,315,332,0
Screenshot-2024-04-30-173116_png.rf.4da0b343eca52a14adb1be9e38010f32.jpg 1,0,398,402,5
Image_013480_jpg.rf.269fb985d2e701758bff583c6f5c49ed.jpg 61,67,344,349,2
5a82c480-3c45-4400-8610-79e5cbff4afc_jpeg.rf.0b1d1507fe85ae4400a5641cc8825026.jpg 157,140,245,367,1
0eb9b6b6-ae94-4187-b5ae-19fa9bbfe749_jpeg.rf.91a1cb69713cf747b1141cef20fc4d1f.jpg 76,0,364,341,3
bus-228_jpg.rf.acc6a6ddc51fec8eeffbcffed5d730ac.jpg 36,45,318,362,3
467_jpg.rf.fbeda15f96491369d8a3ccaf7f70e324.jpg 71,147,329,401,1
vlcsnap-2022-03-17-09h32m55s340_jpg.rf.1cb193ecf09bce9dc4cb03b6cfa22812.jpg 0,1,207,416,5
bus-104_jpg.rf.10128aa645b278d85a69edbba7ca189c.jpg 19,23,388,388,3
ambulance-209-_jpg.rf.a18ae2911162b96374a38ec2422512e6.jpg 37,68,172,314,4 129,90,238,283,4 212,141,302,283,4 304,122,379,277,4
WhatsApp-Image-2023-12-14-at-15-53-17_4cab08c2_jpg.rf.025bd79d12e388177498e0a72c45089a.jpg 0,27,410,241,3
city-bus-1_jpg.rf.86959d09e09798100990472151eca97e.jpg 28,97,406,369,3
download-15-_jpg.rf.8d73cac75ab6277034e2815971087047.jpg 89,115,319,301,2
00f2733c-538e-402c-9b9d-89467b57a6c2_jpeg.rf.2e2ea8d9920d51aafcfe973441a0bd42.jpg 26,10,199,328,0
vlcsnap-2022-03-17-10h05m12s213_jpg.rf.a0a7885cecc42ed5b75af271547140c1.jpg 0,59,206,416,3
447_jpg.rf.2f1e784c40ca3d8ad2f8aa17f7a38aac.jpg 10,105,330,416,1
vlcsnap-2022-03-14-17h32m42s651_jpg.rf.361b0542bcb43111c311f48d7999d7e2.jpg 0,67,205,416,5
vlcsnap-2022-03-15-11h45m08s111_jpg.rf.38301feb5a3ae674791e0b98d441ad9e.jpg 0,71,205,416,5
MIKJODLGOAXH_jpg.rf.3aca394be112bd7c61598cfc5746bfa1.jpg 85,285,185,405,1
bus-19-_jpg.rf.f4b407f2f2f18ea03e7d6ba3b99a728f.jpg 42,161,385,345,3
7df91751-f581-45c3-ad52-2915a0c3e565_jpeg.rf.e44e9bb3de28412efe2f28b1abd7051a.jpg 65,0,318,363,3
bus-44-_jpg.rf.b9068d6cc875a5dc509476683957e0b3.jpg 79,88,321,380,3 316,172,358,286,3
bus-218-_jpg.rf.3bac6509131d8c2912ca5345b7d6d058.jpg 134,64,184,186,3
0ZA2OW1522U1_jpg.rf.ca7276032f869ecdeecae176cfda2211.jpg 114,156,379,379,1
download-15-_jpg.rf.0cd909af3127265c8c92d4795e98e608.jpg 33,80,384,339,2
vlcsnap-2022-03-15-11h21m30s616_jpg.rf.6f5abf36c168741d038b7e909b97fb59.jpg 0,89,203,416,2
ambulance-258-_jpg.rf.65bb66cbcac7d4cb7ec41b06aa20dc12.jpg 50,34,361,390,4
vlcsnap-2022-03-14-09h34m51s450_jpg.rf.cd4aaeb65595c3d26c20106045c21949.jpg 0,201,163,416,2 159,142,204,262,5
Image_013417_jpg.rf.ab0f04e6c9cea65b06d6dc78ef6d8fca.jpg 54,0,349,356,2
-peoplefor-an-illness-or-injuryhospital-medicalambulances-1701527408333vias4_png.rf.ddc3e262ff5a5bc388c676313b89a515.jpg 97,125,308,374,4
WWZ2NSAG2847_jpg.rf.95c280d72699ce292371a1128ee14348.jpg 12,23,413,415,1
vlcsnap-2022-03-16-23h39m30s390_jpg.rf.bb4380263267283aa44e73993debf412.jpg 0,0,216,416,5
471_jpg.rf.10734b8eacaed41a6956072ba651df66.jpg 59,118,360,394,1
66_jpg.rf.9ee3bfafc2a6723112430fcae6fc3dfb.jpg 21,160,402,370,0
999589157_7_jpg.rf.34c68be07b7fa3e54aaab537ad0ccb59.jpg 0,58,409,357,2
ambulance-180-_jpg.rf.11083d56de6e3fc1c83f6da998904c9b.jpg 323,22,416,388,4 189,66,333,338,4 99,97,199,320,4 72,118,114,289,4 31,132,82,273,4
vlcsnap-2022-03-17-09h46m57s136_jpg.rf.de4db523fb0f28165b5e656cf329f116.jpg 0,0,212,416,5
vlcsnap-2022-03-15-16h47m09s888_jpg.rf.94e9e3e01ec60324f2809e70e6ab9322.jpg 0,185,174,416,2
vlcsnap-00183-Copy-2-_jpg.rf.f216419a40ca5f07d839230f4a0c0c8b.jpg 158,231,416,416,0 99,146,153,252,0
4e3d2cce-36cb-4c4c-b1de-de08063de442_jpeg.rf.8027824875705a335a850c8450fed96f.jpg 58,3,305,335,3
download-17-_jpg.rf.ef88fea348ee0278317bf361e4212643.jpg 32,56,376,356,2
451_jpg.rf.29b23c9f9fd6380c374d93888576500d.jpg 135,164,326,408,1
vlcsnap-2022-03-14-17h40m10s881_jpg.rf.246b7aea4bad5f25344c031d3928460f.jpg 0,0,215,416,5
bus-226_jpg.rf.84dc5a0e72624de3c9e6fe73f9921aff.jpg 29,64,293,366,3 141,79,390,388,3
8d28c837-bb5f-4ef5-aacb-ca7bb0b4d1e6_jpeg.rf.476ebc94175364798430a421f498de6a.jpg 52,0,314,304,3
20210517_13_33_27_000_4oHLB4sdYebHTovExBnsxr8pufR2_T_3456_3456_jpg.rf.0a771f00c3b2e7288862ab6cbdefab80.jpg 45,24,416,311,3
Image_013461_jpg.rf.caa315a09e97ed2c5bfc7f6f215a6abb.jpg 39,0,413,413,2
ambulance-428-_jpg.rf.bd9634df631d9be644bffc25fbb2c41c.jpg 44,176,255,376,4
vlcsnap-2022-03-18-14h08m55s848_jpg.rf.67f26389c810f0dbbd27b4a06cf20025.jpg 0,0,215,416,5
vlcsnap-2022-03-14-10h08m35s618_jpg.rf.508b21262ca882839165439474968733.jpg 0,231,169,416,0
vlcsnap-2022-03-14-14h23m56s299_jpg.rf.63e8aac6464e19e0af26a5c27717d333.jpg 0,239,163,416,0
ezgif-frame-179_jpg.rf.fdd1a4f4e867302ec59ef76407125e0d.jpg 0,129,256,331,4
vlcsnap-2022-03-14-17h51m26s009_jpg.rf.9863e7fa666decfaac87f603fddbc212.jpg 0,0,209,416,5
LCV13_jpg.rf.b8c7a89aa81d23d3035b8eed163e5110.jpg 58,16,411,404,2
Screenshot-2024-04-10-223115_png.rf.4d9a1f01cbece95bfba5eb8231583e09.jpg 70,81,294,271,2
vlcsnap-2022-03-15-11h56m00s133_jpg.rf.95b64fb40693a7677bda575b22f46789.jpg 0,68,204,416,5
00000334_jpg.rf.cc4391910f3f8093c0fd20e293833599.jpg 357,111,381,167,5 280,203,315,248,0 69,202,104,232,0 193,136,213,162,0
vlcsnap-2022-03-14-17h43m07s450_jpg.rf.192d811e907ee5e804fb2e48fe07d258.jpg 0,62,212,416,5
00000335_jpg.rf.4f1a5b994685bd716b9fa58e0f14d28d.jpg 24,20,401,405,5
bus-157-_jpg.rf.42cae0b394e937b39aea717d041516fb.jpg 40,129,409,369,3
vlcsnap-2022-03-20-09h50m33s095_jpg.rf.3563c05cedc6bd169f1f9d1f5ee1a417.jpg 0,108,209,416,3
vlcsnap-2022-03-15-11h40m31s525_jpg.rf.07b7ee1f6ca62230830d24cdf7a7253f.jpg 0,9,218,416,5
vlcsnap-2022-03-14-09h37m19s458_jpg.rf.13f6e52811f1d8175002cd2d77f4ffdd.jpg 0,152,173,416,2
bus-190-_jpg.rf.ba595a190a7d381ad9af7c4aad00aa7e.jpg 2,12,208,309,3 236,131,261,206,3
photo_2024-02-12_19-48-51_jpg.rf.e2d8fd832392bcaaf123c054be847d3a.jpg 53,10,386,416,0
IMG_2074_JPG.rf.2918f8cb071f0cc1094b1d0f5d7b0d45.jpg 45,105,368,316,1
153_jpg.rf.6bf772af87f796a9fab3720b82e2c79c.jpg 58,104,341,416,1
modifikasi-2Bbak-2Btruk-2Bcanter_jpg.rf.c12b943a7290c0079c26043786c3b573.jpg 0,68,415,367,2
Suzuki-Bolan_jpg.rf.325f9220c8bc3fa81ee2987aec93210d.jpg 63,13,348,409,0
Screenshot-2024-05-06-120254_png.rf.13c2a8060dba77d5df15e2b642a88f0f.jpg 1,2,405,385,5
ambulance-327-_jpg.rf.6cf3e53a56c3d3e00e8336d114d0bbdf.jpg 119,123,323,298,4
2010-mitsubishi-fuso-fe145-12ft-box-_jpg.rf.fdfacfbf2f8e2b99fe92b2835bc12c45.jpg 30,103,367,381,2
vlcsnap-2022-03-15-10h01m08s833_jpg.rf.12670279c284adaf845fecac97844af8.jpg 0,175,170,416,2
5c488d54-5ffc-4a04-897e-2183cb80fa02_jpeg.rf.f7cf8de934f9d8574118e210114a2ef1.jpg 233,187,310,370,1
vlcsnap-2022-03-15-10h33m47s823_jpg.rf.c85e3df913bb9e06e5aebab67a723192.jpg 0,122,195,416,2
bus-194-_jpg.rf.c270b146a5430dee75c48f91c59709b9.jpg 0,96,416,300,3
modifikasi-2Btruk-2Bdan-2Bvariasi-2B-1_jpg.rf.db6e90b87a339bf138c11f1928dd5a74.jpg 2,49,416,399,2
vlcsnap-2022-03-20-09h27m01s683_jpg.rf.28890d13ae91bf1e2cd1241bc19323b5.jpg 0,109,204,413,3
vlcsnap-2022-03-15-14h39m09s859_jpg.rf.637a4f807af0c44075a62f9cbaea130c.jpg 0,0,202,416,5
89_jpg.rf.828c132dfe698e8ee7effe81f204f256.jpg 57,151,369,395,0
152_jpg.rf.5a2799213048f8fde4e91380dc36eafb.jpg 73,71,312,403,1
bus-276_jpg.rf.0cde2c9e82673f828d7102d9ee205680.jpg 58,119,416,416,3
bus-162-_jpg.rf.f9f51e4a26800d7e7c310ab7cd5921a1.jpg 33,53,386,388,3
ambulance-451-_jpg.rf.3cbf6114f326616836a27c871e0d4973.jpg 235,106,355,355,4
vlcsnap-2022-03-16-14h18m15s855_jpg.rf.4dc15b801eba5d945605e26cb1a4947d.jpg 0,0,201,416,5
428184455_1797219407446861_4030455726736384716_n_jpg.rf.ebfc37c07cf1fd6542a1f81b692a0e0e.jpg 2,17,410,416,0
vlcsnap-2022-03-16-13h23m36s455_jpg.rf.855ec7b818bdb8eb616bc2ee2130c0eb.jpg 0,0,204,416,5
5c5e45c3-c437-4d0b-8ebb-f842ee1d5db3_jpeg.rf.f6d4839a1911ab9a524df6d9b17eccbd.jpg 135,185,228,363,1
91_jpg.rf.e42abc772ca34288b45604d6136bf891.jpg 45,121,388,407,0
vlcsnap-2022-03-15-16h48m27s838_jpg.rf.f69c3a2c7a428fcb06d814231afab028.jpg 0,66,208,416,2
vlcsnap-2022-03-15-16h31m41s678_jpg.rf.fc0da10cda5e7617cd0d3f7630d77da2.jpg 0,106,198,415,2
00000327_jpg.rf.3f3eb6e53626de959bf34346de619a9f.jpg 1,158,273,386,5
two-wheeler-on-streets_23_jpeg.rf.a65b9311c1a2281996ed252c8a55eb69.jpg 183,247,211,356,1 140,246,166,356,1 107,244,142,353,1 215,246,241,353,1 245,247,275,357,1 280,245,306,354,1 305,238,334,355,1 339,240,377,358,1 72,245,109,354,1
ee94a855-90b0-4227-b0ab-7fcb357ee317_jpeg.rf.c9a0aae1d84268a0c86ea423ffdc64b6.jpg 164,0,340,331,2
bus-168-_jpg.rf.4ab1da60450c79b1c96be7edec6d4924.jpg 0,86,136,303,3 130,89,291,302,3 273,115,353,278,3
suzuki-carry-main1_webp_jpg.rf.87ca0bb07e6f6bc65aa0c597ce1ca853.jpg 7,14,408,402,2
Screenshot-2024-05-30-143508_png.rf.c8831f3439222bb823e8ef3a649511b2.jpg 46,0,196,205,0
vlcsnap-2022-03-14-14h46m27s601_jpg.rf.9678aef2551453cf8204d95074fa671e.jpg 0,248,169,416,0
bus-272_jpg.rf.4ad8d1e38d3537b6cb68ead887b77a56.jpg 170,224,244,340,3
vlcsnap-2022-03-14-14h10m46s408_jpg.rf.80bfcf71ab3902903fb6fabcc61bfb70.jpg 0,226,175,416,0
vlcsnap-2022-03-15-16h32m12s201_jpg.rf.b06525c31627eeb7c486b3f6c43d520c.jpg 0,81,200,416,2
ambulance-70-_jpg.rf.3900a0f5f56beb37b46c849fe0357659.jpg 1,0,400,416,4
484_jpg.rf.355d75112565f87b18592ca814f5b9b3.jpg 68,168,345,399,1
vlcsnap-2022-03-20-09h59m14s009_jpg.rf.d0dca535c162f624ab113ec491e2b5d6.jpg 0,112,208,416,3
XM7G9OE72VNQ_jpg.rf.73523e34cf01e08831ffd6446e48bd68.jpg 212,169,416,416,1 230,136,416,260,1 104,157,287,305,1
bus-24-_jpg.rf.a67a8fdc1f018b88cf0b00f24d13df6b.jpg 47,31,387,386,3
image0999_jpg.rf.db75daa0779d726666c94467339744a0.jpg 28,16,395,397,2
vlcsnap-00131-Copy-2-_jpg.rf.7886d0525a5f4a2831eca41214368eda.jpg 149,196,416,416,0
vlcsnap-2022-03-15-12h17m23s737_jpg.rf.b08e7801c1bf4267e7ca18c75a3745e1.jpg 0,68,203,416,5
3096_jpg.rf.8c37e359ee480be38e6ab372d8c091a8.jpg 23,51,398,390,2
modifikasi-2Btruk-2Bdan-2Bvariasi-1_jpg.rf.0473a55667d3bdb13aa200eeb25b2e0a.jpg 35,50,407,405,2
1fed238a-18ab-4c56-b83a-57e0cfb91b13_jpeg.rf.fcfa38e56d4370c492618a2ea1020041.jpg 227,158,322,354,1
vlcsnap-2022-03-14-17h33m12s260_jpg.rf.1c0be9ec42ef1b16b7182311c810915c.jpg 0,0,226,416,5
vlcsnap-00124-Copy-2-_jpg.rf.1622c59271c87044c8b9006c7c8438e0.jpg 109,2,416,416,5
image0759_jpg.rf.9eb95b075d310a4b7a9fc84d517f8931.jpg 13,3,405,414,2
vlcsnap-2022-03-15-16h36m15s689_jpg.rf.11086fe3bd8e52e85bc07d788b3cbc05.jpg 0,96,192,416,2
bus-199-_jpg.rf.c7e743d6902d147b2190d8fab226c0bd.jpg 235,104,356,314,3
Image_013498_jpg.rf.d2a28dba3e9ae3e4df67eac5e54f607a.jpg 0,29,393,412,2
bddbc7fe-Bankpur_Chowk_2453_4_17_2023_10_47_10_jpg.rf.e45206c6f7e7dd8b4f63b5dff6f574c2.jpg 27,179,216,337,1 192,135,279,188,5 276,145,323,190,6
Suzuki-Bolan-Van-Carry-Daba-2016-Picture-Specs-and-Shape-Rat_jpg.rf.06feb4107445a1ec8a318e21021b00e0.jpg 3,7,412,407,0
vlcsnap-2022-03-20-09h45m14s209_jpg.rf.ecfe375ec31cafff817b395d249190aa.jpg 0,104,208,416,3
vlcsnap-2022-03-16-12h54m54s821_jpg.rf.0bc2396c80192caf33612a6b0878a943.jpg 0,0,208,416,5
vlcsnap-2022-03-15-11h12m35s809_jpg.rf.af0cf88a336a4335326fd6e754857094.jpg 0,191,153,414,2
vlcsnap-2022-03-18-23h45m57s112_jpg.rf.20480a21525d331def267108bc0f6af0.jpg 0,0,211,416,5
bus-277_jpg.rf.9db2782f560bb92303a3be1a64c534e6.jpg 28,19,409,388,3
download-1-_jpg.rf.43fdf4690e910a3b05e0e5fc4ed27fe1.jpg 108,7,307,406,2
vlcsnap-00134-Copy-2-_jpg.rf.cd8b4174009bb7f538e6a519f523c12b.jpg 162,225,416,416,0 99,164,139,233,0 187,179,211,223,1
3a8e7488-9b23-46ec-aa52-21e93cbaecd3_jpeg.rf.28b6ddd56cff1e6154cbcf114e6a293b.jpg 56,0,329,364,3
vlcsnap-2022-03-17-13h57m14s702_jpg.rf.f679f611dac028775bdcd04f2d65bc45.jpg 0,111,208,416,3
vlcsnap-2022-03-14-10h08m15s954_jpg.rf.20dda703c0a87a1ddefc41af6a1778ec.jpg 0,218,175,416,0
Y23AV2NN3EB2_jpg.rf.155b515afd48000f58a27c486fbeb9ca.jpg 13,153,136,396,1 98,161,201,368,1 170,184,241,339,1 233,203,343,316,1
bus-229_jpg.rf.db086ffad8ab8c905cad0af1aac1cbaa.jpg 30,93,410,327,3
vlcsnap-2022-03-15-11h22m04s273_jpg.rf.320325ebc7a626322aa143b55ddea7c2.jpg 0,183,163,416,2
45_jpg.rf.03cd7c8bf34c7b7dfee712161d1326d2.jpg 126,154,339,351,1
NZ1W0TX4H7NS_jpg.rf.e19a377c465f2713a8203f000e9dd07e.jpg 79,8,383,413,1
IMG-20240212-WA0290_jpg.rf.253610ceb43a6262ce0f5cb5f7bb20a8.jpg 162,174,416,416,0 0,211,167,384,0
bus-37-_jpg.rf.fd6bd8090abe44488480c18e7693cbe0.jpg 211,120,416,373,3 13,117,209,394,3
vlcsnap-2022-03-14-18h07m17s247_jpg.rf.b2fda5103a5160281df8edeeea248edd.jpg 0,47,204,416,5
vlcsnap-2022-03-17-11h41m58s305_jpg.rf.fa020c8700ad0e5adcf536d45c37e1fe.jpg 0,0,203,416,5
vlcsnap-2022-03-14-10h03m31s460_jpg.rf.58601a2341aa239e56b4217b81c251fb.jpg 0,246,166,416,0
vlcsnap-2022-03-14-10h15m16s663_jpg.rf.7776cb71fd1ee9eaa96abe83078c69b7.jpg 0,231,177,416,0
vlcsnap-2022-03-14-17h42m52s243_jpg.rf.ad79846c5a95400c5dda719e47b8c563.jpg 0,0,217,416,5
download-12-_jpg.rf.b55f6fdcdd5a96f1fbc1cac111497d5e.jpg 28,7,383,386,2
ambulance-181-_jpg.rf.d290fcc234c31ac4c732358652ca142d.jpg 56,130,104,295,4 95,114,138,301,4 128,89,250,338,4 223,54,403,349,4 373,28,416,376,4
vlcsnap-2022-03-17-14h18m47s412_jpg.rf.4479783703d29376251e63dd21876bbe.jpg 0,101,203,416,3
vlcsnap-2022-03-15-15h43m58s195_jpg.rf.70b7dd1c74ebb9c826b5fd78db8745c0.jpg 0,0,208,416,5
vlcsnap-00185-Copy-2-_jpg.rf.ebc61a8da8339c4b295f8e746c8135d4.jpg 150,194,416,416,0 97,160,151,248,0
Cutting-sticker-truck-canter-kuning-_jpg.rf.450294fe8ca8eb70c050ac6fac41024f.jpg 73,26,416,392,2
ambulance-434-_jpg.rf.1c880730525315d5849e3cc318ae4acc.jpg 187,63,329,308,4 98,93,193,288,4 74,112,104,269,4 31,126,74,264,4 324,22,416,360,4
Suzuki-Bolan-Ravi_jpg.rf.90bec9d29eca073e93bd3a8458d1f58a.jpg 220,102,413,304,0 3,117,210,305,0
bus-45-_jpg.rf.918dfc77f6e28e403664d57874eb719a.jpg 279,115,390,233,3 386,166,416,227,3
Image_013474_jpg.rf.5593676fa22c86894bf6c24a4d8388d1.jpg 0,0,366,345,2
vlcsnap-2022-03-14-18h14m14s017_jpg.rf.e42eb517556fc2cd021d3e8f53b2e5d6.jpg 0,0,213,416,5
OIP-Il9KX9IWH9WYGKp0CLjyyQHaEN_jpg.rf.1e31af2c15dc69d031d3e652c8c7479e.jpg 23,31,401,398,4
Screenshot-2024-05-06-120650_png.rf.74a1fc58fa1c29426b68010389ae4336.jpg 47,40,383,346,0
67_jpg.rf.4e9b9bfe0cd68623cf39782ea0460848.jpg 116,134,307,369,0
frame5660_jpg.rf.f0e29207dfcaf4bb8fa3af587aad0985.jpg 323,140,378,224,2 194,175,269,277,0
vlcsnap-2022-03-14-11h01m09s987_jpg.rf.f178fdc677a0f1c97451755ffb8a17a9.jpg 0,246,161,416,0
ambulance-435-_jpg.rf.e1676869dafc658a91d50d7ed1f70252.jpg 371,25,416,360,4 229,51,379,329,4 128,81,241,307,4 96,110,136,280,4 49,127,102,272,4
vlcsnap-2022-03-14-18h11m16s836_jpg.rf.fa695be662759af537c5f40d7ec5ecac.jpg 0,0,209,416,5
00000228_jpg.rf.54d0e152e5bf65287c641e9f7bda26fe.jpg 41,45,403,350,5
vlcsnap-00133-Copy-2-_jpg.rf.a8f418cc679b89c61cb7f165bb600ab4.jpg 147,169,416,416,0
bus-46-_jpg.rf.8373e1ad849e86e7091bd0b6192dbbfa.jpg 13,42,414,352,3
vlcsnap-2022-03-17-12h14m14s731_jpg.rf.ecaefedfcd2df0668d8375877bc1dcad.jpg 0,0,215,416,5
ambulance-369-_jpg.rf.8af24581eff6425e124df2b12013e86d.jpg 143,93,305,273,4
FK417E-001_jpg.rf.892ce4274b6b4cd2d4a21779723e7a9f.jpg 0,0,387,415,2
vlcsnap-2022-03-16-12h22m21s328_jpg.rf.5f0d1ef778bcf98455ab66953f5de814.jpg 0,1,211,416,5
vlcsnap-2022-03-15-17h47m04s166_jpg.rf.b743eb6002bd07108339e2187af56063.jpg 0,0,209,416,5
Screenshot-2024-05-30-141826_png.rf.bb7099aaea734a1b21599b29e7f5d8f8.jpg 87,0,416,416,0
vlcsnap-2022-03-17-12h08m03s487_jpg.rf.de1806abad6605d38d5cf0993e850ecf.jpg 0,1,203,416,5
OIP-NhpHk2dlEtmS_VSNJZUKNAHaFj_jpg.rf.8f47b4c7a06bd35e274f80fa8a83bb7d.jpg 0,22,414,390,5
bus-45-_jpg.rf.94c27d5fea2e629156fb4dec0d2ce1a9.jpg 279,115,390,233,3 386,166,416,227,3
vlcsnap-2022-03-17-13h45m06s422_jpg.rf.0f7e66d383ef460d9c72fae13049e294.jpg 0,103,198,416,3
Image_013503_jpg.rf.253c176f00ecd2b0a3780ec576efb2e9.jpg 45,23,331,334,2
WhatsApp-Image-2023-12-14-at-15-53-19_9e580e0f_jpg.rf.bfb166c0d4d81559d7282afc92355943.jpg 6,55,416,262,3
vlcsnap-2022-03-15-11h34m06s869_jpg.rf.4595622731eb74889bb5d02af31c0a2e.jpg 0,127,178,416,2
531b09e8-Bairidevar_Koppa_2642_4_6_2023_16_06_27_jpg.rf.e044bf8ba740a5f77518990ea9770b54.jpg 38,47,95,103,6 190,62,240,91,1 260,45,416,134,0 120,94,215,171,1 0,46,39,97,6
vlcsnap-2022-03-14-13h54m19s083_jpg.rf.cdf92fe177fc4793f574fff62f6610e3.jpg 0,226,161,415,0
two-wheeler-on-streets_19_jpeg.rf.a473aec7047791c9a4bfd8e8ab1b9967.jpg 208,161,312,409,1
vlcsnap-2022-03-17-12h15m49s667_jpg.rf.ab02f7d102e2093224284edf64642b27.jpg 0,1,208,416,5
vlcsnap-2022-03-15-11h42m08s998_jpg.rf.97d97deade320b69a602c432e96d1ae6.jpg 0,103,195,416,2
bus-273_jpg.rf.3d7099057d5b4867b23554a7bed2b535.jpg 130,128,289,292,3
00000229_jpg.rf.53ae93cdaeb4474e43a99fd5fec84c20.jpg 120,102,257,373,5
vlcsnap-2022-03-14-14h14m47s359_jpg.rf.ed40ea14e5cd18ce896beba40a41012b.jpg 0,241,169,416,0
image6_jpg.rf.70ccaf642c855179f8a0b4dc2a5356e2.jpg 27,220,254,373,2
bus-46-_jpg.rf.92a4bd759b70c00b6385d1f6e2213dd4.jpg 13,42,414,352,3
Image_013508_jpg.rf.3c4b7684404792d1c52eb7ac51c119ad.jpg 21,0,371,342,2
bus-160-_jpg.rf.8786286b9be0120ce7e80d166f80bc49.jpg 18,32,409,385,3
501_jpg.rf.2b3b59873d2a2a0e615dbac12bfe9845.jpg 188,175,244,349,1
vlcsnap-2022-03-14-14h45m06s749_jpg.rf.34826eebcb6ab0216ac5d73ec20d272c.jpg 0,220,171,416,0
as_10_jpg.rf.6795e4870efa98f87a4edae257f1dcfc.jpg 31,4,396,409,2
144_jpg.rf.4a23a684a4a7df111ab37cf16b923a70.jpg 43,54,244,416,1
image03197_jpg.rf.b6da8e6e974ec41b7adbb1b87dfa4020.jpg 16,21,405,398,2
428125868_2752293171585887_7196819883854270665_n_jpg.rf.847302ca9d90f0c3c3f98a5a902e264c.jpg 32,170,406,392,0
LCV3_png.rf.2d41a6c720a91288804e808af5e2af52.jpg 15,8,406,398,2
504_jpg.rf.a3e0bd2c9a88cec9301a2fb816b52bc6.jpg 105,143,199,404,1
510_jpg.rf.a0caf6eba2e17dc3d087814c42b4ec0f.jpg 156,137,292,400,1 334,83,415,255,1 8,65,114,250,1
frame800_jpg.rf.c48b42838b741af60171b1f2bd5bde73.jpg 367,150,411,224,2 344,179,390,238,0 182,103,281,286,5
bus-274_jpg.rf.7ec10f97ad5ed5fea8eba9fc4da16f11.jpg 11,125,315,328,3
vlcsnap-2022-03-15-11h56m42s892_jpg.rf.735a906f454490ac19f6f77ae023a271.jpg 0,60,211,416,5
Screenshot-8-_png.rf.80f0f37fe20104bf2a03197e33d7784a.jpg 127,319,146,360,0 176,308,195,334,0 139,289,158,326,0 162,281,176,307,0 186,277,200,305,0 155,257,166,278,0 173,250,183,271,0 205,237,213,256,0 225,302,234,325,1 205,272,211,285,1 185,246,198,268,0 168,232,179,248,0 192,232,200,246,0 216,233,224,247,0 137,228,146,242,0 113,218,127,239,3 79,288,85,303,1
00000328_jpg.rf.830908a76de29ce9bd97e1eaa6127d75.jpg 76,8,362,403,5 12,136,98,336,5
ambulance-330-_jpg.rf.a98c9c243ce30c86b510b1fc444f3e37.jpg 194,28,359,370,4
Screenshot-2024-05-30-143513_png.rf.7131487a2426fac4dc155a7417966bc6.jpg 82,0,416,416,0
vlcsnap-2022-03-15-18h19m05s115_jpg.rf.437ec1a51b2865e44e1058d2f8112da2.jpg 0,4,202,416,5
vlcsnap-00184-Copy-2-_jpg.rf.f4242e0fa31f698ee27afa2be76a044d.jpg 156,172,416,416,0 110,158,122,186,1
vlcsnap-2022-03-15-18h19m31s411_jpg.rf.54d57befd9c7a558b8426f6b95641784.jpg 0,0,204,416,5
5ebbc938-CBT_Dharwad_2926_2_8_2023_22_23_22_jpg.rf.8cfb397e6e71cd9f3148efb26282090a.jpg 201,90,275,160,1 0,233,338,416,1 57,29,188,118,3 364,103,416,162,1 324,102,370,147,1
vlcsnap-2022-03-14-18h00m13s656_jpg.rf.3d233cfe94ee312209409488ffb89ce7.jpg 0,71,206,416,5
vlcsnap-2022-03-14-11h09m47s608_jpg.rf.ee41facff2bb1512596ed8c5173ae8e1.jpg 0,256,151,416,0 150,198,204,262,0
OAFH2IVUVDGS_jpg.rf.87e322536c939f3ac94cdc768b6540bd.jpg 25,14,416,416,1
two-wheeler-on-streets_31_jpeg.rf.2314450b56cf6ff921f62b0e1015043f.jpg 129,134,372,380,1 1,122,178,282,1
bus-43-_jpg.rf.032e4b9066045c891341023ee921f7ee.jpg 54,88,312,373,3
2d7cb6e4-f645-4606-b7df-0a26f64610bd_jpeg.rf.f7977ee08270e08a7d7f61040ab2d993.jpg 3,0,218,340,3
WhatsApp-Image-2023-12-14-at-15-53-20_3ca9a8b0_jpg.rf.68a76ae9efdd1c40b771e2d03ad339c3.jpg 57,103,331,229,3 35,159,77,206,0
ambulance-144-_jpg.rf.c79a2e4eb2ec97b19f4352606a3f626c.jpg 129,120,261,242,4
SL-JPG_jpg.rf.2a9bcbf281c0fa12f0378933f9c701ef.jpg 1,4,412,404,4
Screenshot-2024-05-30-143459_png.rf.78e1346673d90627a6640228945fd20a.jpg 38,13,73,128,0 52,2,373,354,0
vlcsnap-2022-03-17-09h58m46s510_jpg.rf.2785d291dfdf856c3139c26cc1195029.jpg 0,0,207,416,5
image-65-_jpeg_jpg.rf.20e55136dd6cf01628ee11ec8608e7f8.jpg 30,0,395,390,0
989280-1948-willys-offroad-4x4-custo_jpg.rf.27b1af34c0b110cb9c0dc5423b1a052e.jpg 35,127,333,380,0
6fc22a73-5ccb-4057-b637-d1f201eb5473_jpeg.rf.528e71a9718670b6f504eb9b36ab8951.jpg 228,149,304,338,1
OIP-koCT-qRNJ0N1dfsmYdwMAgHaHa_jpg.rf.0324956623c89e41b6e3dc38f637bdc5.jpg 0,104,413,407,4
download-12-_jpg.rf.222f3e6a2e1fc02e298b6dd8f63cff64.jpg 21,10,388,390,2
b8_jpg.rf.79607745b422588978602865c33b5e63.jpg 135,182,205,243,0 0,174,106,266,0 204,114,341,260,3
Image_013511_jpg.rf.d1d968469cfbcbf4eb80ac147f7d92ce.jpg 25,0,336,322,2
369_jpg.rf.9f18027decd73e53be95d12f64c37fb5.jpg 141,157,288,389,1
Screenshot-2024-04-30-173730_png.rf.31e26b6bb48800d373581f77fe33af37.jpg 1,0,416,394,0
Image_013520_jpg.rf.ccec9693699cee386f32ad5f57046fe8.jpg 28,42,414,414,2
vlcsnap-2022-03-14-11h11m29s058_jpg.rf.1079f407d7259a54256e9c94a3a2674b.jpg 0,248,163,416,0
bus-275_jpg.rf.f279b33b5ac5f87d48fd27aa63144189.jpg 80,0,339,414,3
00000084_jpg.rf.5ad855f9d21c4b74d940058475a8cc0b.jpg 78,51,360,311,5 31,184,209,349,0 348,241,395,365,1
1af9e392-f119-47c5-9a16-247f40c122cb_jpeg.rf.94c611eb4c1812b4f9ac38ade99d77ec.jpg 125,1,278,336,0
bicycle-288-_jpg.rf.dfbc460c05f318087039264c8d4fdce3.jpg 170,195,285,373,1
used-mitsubishi-fuso-tadano-fighter-_jpg.rf.d25d7562d73fac99402f1f7b8e7d33ec.jpg 74,0,345,404,2
00000223_jpg.rf.311c1dbe6b8fb88e84725a93a08597eb.jpg 24,52,387,314,5
4d09c7b1-d5c7-4005-a7b3-65a9fd55f467_jpeg.rf.f850774712b314bddacd7b636a4fda28.jpg 0,0,254,398,3
vlcsnap-2022-03-16-14h08m43s291_jpg.rf.1bcdca43b313212640b82b4e5eb280d5.jpg 0,0,209,416,5
00000230-2-_jpg.rf.8dc39b989845f2cd790eec94cd1b48c6.jpg 82,17,416,378,5
vlcsnap-2022-03-18-14h29m55s514_jpg.rf.cd1d1ae24286a96f0b79d78a874eef97.jpg 0,2,203,416,5
Screenshot-2024-05-30-141947_png.rf.e880077b8a53f8a150c74e3ff2ff636e.jpg 13,1,295,210,3
images-81-_jpg.rf.772c32471cc5f489dd7f8feb3758b074.jpg 11,82,400,357,2
image0310_jpg.rf.c2ea4ec282812222df6980a1c9d27feb.jpg 11,0,416,394,2
vlcsnap-2022-03-14-10h56m43s695_jpg.rf.83d4051939426aad920650d738a69f5a.jpg 0,153,190,416,2
bak-2Btruk-2Bwarna-2Bkuning-2Bmerah-3_jpg.rf.b5197905b990d9cda5944e2f31127f27.jpg 69,6,400,384,2
Screenshot-2024-04-30-173621_png.rf.1fb569bbd3473d5365c5c69992c1da07.jpg 0,0,416,397,2
vlcsnap-2022-03-18-22h12m29s579_jpg.rf.ae9d30467e632ec54ed659cf57e572c4.jpg 0,0,205,416,5
vlcsnap-2022-03-17-14h20m24s329_jpg.rf.a8b9dedadda7bf882027892bd7337ff5.jpg 0,97,211,416,3
delhi-india-july-20-2023-260nw-2335745887_webp_jpg.rf.6674ad1694de08a3d7481f4875c98ebc.jpg 122,28,391,355,2 5,133,30,173,6
images-79-_jpg.rf.b56965a9c5f20ae684a10ea1b89320fd.jpg 39,16,404,371,2
vlcsnap-2022-03-15-11h41m39s206_jpg.rf.a3704979de5fa04f65b4a5caa2da712b.jpg 0,76,204,416,2
65974d47-CBT_Dharwad_2926_2_8_2023_22_23_40_jpg.rf.6d8628702d72bed0bfe14ac2b0d0b5a4.jpg 71,234,341,416,1 256,91,327,164,1
ambulance-12-_jpg.rf.21efc69496c9cc6eb045ffd653402aa0.jpg 61,11,416,382,4
vlcsnap-2022-03-14-13h13m33s278_jpg.rf.269eb186b3b111bdf42982df63081edc.jpg 0,107,199,416,2
2-wheeler-travel-on-streets_69_jpeg.rf.cb0d49b312cf1be056422b2753d0a991.jpg 80,159,271,372,1 55,123,114,247,1 308,114,397,245,1
vlcsnap-2022-03-15-14h21m25s554_jpg.rf.13e341a6dce0a3e4cf904970732cd813.jpg 0,185,161,416,2
Screenshot-2024-05-30-141705_png.rf.8e77c7a71adf953293383eb1a28305b1.jpg 26,2,416,415,5
c7e244b4-34_54_20231112123103_jpg.rf.cf363ec1c209d259316e4fa0d8d2e4f1.jpg 181,59,196,80,1 261,56,282,79,1 308,56,333,76,1
1af59dc0-7e2e-4bb3-9a30-78d5cef5441b_jpeg.rf.54d1205eefe80b0489f9ed75fdb1f9e5.jpg 70,62,229,360,0
vlcsnap-2022-03-14-10h15m55s955_jpg.rf.549c4fb6c6814d0fe3efd3d740c18eea.jpg 0,0,217,416,5
1b11fecb-f0ab-4615-b254-0b4b2d93b4dc_jpeg.rf.881f89d385ffa20f391fd8e3675d7691.jpg 82,30,251,353,0
bus-47-_jpg.rf.eb4a87268d0ac7478fc6215bb16558c4.jpg 0,63,378,396,3
bus-47-_jpg.rf.52405f8e86c2fd40aae043c8c0068ada.jpg 0,63,378,396,3
vlcsnap-2022-03-15-17h11m07s183_jpg.rf.01c46caa1ff9dc1e1ed3828399fb9541.jpg 0,91,193,415,2
20210519_06_22_13_000_wadXq0wFSqZtAe6KeW5TCRyhQ0R2_F_3120_4160_jpg.rf.3d5e51b7abceb4692aa4ec3f2116a402.jpg 39,33,353,286,3
2006-Jeep-Liberty-Limited-1J4GL58KX6_jpg.rf.948bec0f56958f1a2d1c4d26f5c63161.jpg 18,43,399,342,0
95_jpg.rf.a144600de67aad5fc85ea26eb6657f5a.jpg 52,71,369,414,0
vlcsnap-2022-03-14-11h01m25s426_jpg.rf.6a4a0c26ad22c6018d7affde67e64fbe.jpg 0,234,162,416,0
image-68-_jpeg_jpg.rf.2c0eff895e8ac1d4d134277e07107f5b.jpg 43,2,416,393,0
IMG-20240212-WA0274_jpg.rf.72cef12cad686465827913267224e282.jpg 39,121,353,386,0
336343793_596989539151353_7867020838737898024_n_jpg.rf.22d6d81fc7552a4f6532d52f2cbc4431.jpg 2,117,416,325,1
bus-230_jpg.rf.47b3f5777db2d04a0047fdc4e873bda0.jpg 149,2,328,398,3 384,92,415,413,3 323,148,404,358,3
ZD56M0XYLY8Y_jpg.rf.b671f800852122918a06aa6857a79ac4.jpg 33,178,196,310,1 203,158,400,318,1
vlcsnap-2022-03-14-18h21m19s212_jpg.rf.429eb9bb02eaf25a606d1c69ed73ac7b.jpg 0,65,205,416,5
delhi-india-july-20-2023-260nw-2335745887_webp_jpg.rf.a9c1ae9ebb562cad1aefc501b97d1679.jpg 122,28,391,355,2 4,138,28,169,6
vlcsnap-2022-03-20-14h06m07s895_jpg.rf.5dbe87083fb76805e18aed2adffc53b1.jpg 0,0,215,416,5
Screenshot-2024-05-30-141638_png.rf.b91a8ff262bddefa873f8513b9722d87.jpg 15,11,116,154,2
ambulance-109-_jpg.rf.9fe38088d8837bef4198e5b3a4a39fa8.jpg 44,69,376,329,4
Y8INI17WHEXI_jpg.rf.c0a48e43216419754ec0917df2158817.jpg 32,10,404,367,1
vlcsnap-2022-03-13-21h39m06s358_jpg.rf.22c263067290bcc76aa92c9c9a91bfb1.jpg 0,242,170,416,0 162,194,210,266,0
vlcsnap-00137-Copy-2-_jpg.rf.5981544c9115b9c1cfda6349c3233722.jpg 153,107,416,416,2
images-186-_jpeg.rf.1fec9d8156c9ab1bf8700dee7ec89e88.jpg 35,37,395,376,0
00000086_jpg.rf.7663599302472db4317117c5410c716e.jpg 95,1,412,336,5
00000230_jpg.rf.76450d70c78b168d3a1fc59308017f24.jpg 149,148,268,400,5
vlcsnap-2022-03-13-21h37m59s523_jpg.rf.40346fb6ad31947a3fcfa1750b3ac676.jpg 0,230,172,416,0
bus-195-_jpg.rf.fb46dd653544a4c10c435505650a90f8.jpg 184,27,258,258,3
vlcsnap-2022-03-15-13h53m18s335_jpg.rf.27139589b2c6f502e78685328475399a.jpg 0,1,211,416,5
Screenshot-2024-05-30-141650_png.rf.9f149baa0f11ed1e9344778f41ca8669.jpg 1,0,148,142,5
bus-130-_jpg.rf.9475453465ab019f05d7a776f5cf831f.jpg 34,110,239,386,3
vlcsnap-00191-Copy-2-_jpg.rf.bf45c27fb52952fb893e32acf3ab4e86.jpg 152,140,416,416,2
ambulance-29-_jpg.rf.6450405e9f4fb71f3df4c64df2d613fc.jpg 0,155,217,360,4 168,160,309,317,4 261,171,407,302,4
vlcsnap-2022-03-15-18h28m41s935_jpg.rf.87b2de7236f08286418af44c388932e0.jpg 0,0,213,416,5
image02163_jpg.rf.0edf4a665499ed9c23f0618c349287e9.jpg 42,52,377,414,2
vlcsnap-2022-03-16-09h34m22s771_jpg.rf.bcba063cb2aa737cf66c29d5284840a7.jpg 0,0,206,416,5
LPC-07_DTP-2_DTP-2_20240310170937_20240310181125_2_1G_mp4-0074_jpg.rf.403ff8706162d7ef9aaccd974dc79c00.jpg 134,57,258,288,3
LCV6_jpg.rf.938e9b4fd613b8978d13d55159b3a322.jpg 14,40,411,367,2
images-94-_jpeg.rf.d6e0c8426b42db796499a378e0f285db.jpg 191,114,380,332,0
1b08e815-23b1-4c7e-9525-02424501271f_jpeg.rf.c858d9fe3cead60e0217b949c44cad4f.jpg 169,45,318,337,0
vlcsnap-2022-03-14-18h23m40s712_jpg.rf.5d3b8ee0de5b36163e45cba4b02c11af.jpg 0,58,211,416,5
b76f7be8c721c2ecf6850165ab3c696e48fd_jpg.rf.3aca66290205afacf0b2e7af3c4399bc.jpg 7,5,410,415,0
ambulance-338-_jpg.rf.9bfeaddafcf987061fdaa617094575e8.jpg 0,0,416,386,4
maxresdefault-1-3-e1628853062387_jpg.rf.3d17c1561e136f97de8b490956614613.jpg 97,1,378,407,2
1aec7b40-1798-4dcc-9cad-92fece41ebf1_jpeg.rf.0fc28cb8cecaa815361c7cb951796d18.jpg 84,70,238,354,0
IMG-20240212-WA0297_jpg.rf.45b1cebf52f56ca74c82ab8247d94ca0.jpg 8,189,247,353,0 203,204,385,315,0
bus-47-_jpg.rf.079607c9220de40646c36ac648327735.jpg 0,63,378,396,3
1b0415cc-54c0-492c-a9e4-1af8c80dc91e_jpeg.rf.84dd049b4462ff4ef7cc121c0f72d130.jpg 25,4,178,319,0
vlcsnap-2022-03-15-10h53m03s144_jpg.rf.3d0d27fcd11af01536bb43b168603e17.jpg 0,0,217,416,5
Screenshot-2024-04-11-110549_png.rf.0106d83ea4e48199127cb8d61362011e.jpg 213,85,325,196,2
image-61-_jpeg_jpg.rf.11e3d1cf05c33b5a1913d6021908864a.jpg 34,11,374,373,0
2006-Jeep-Liberty-Limited-1J4GL58KX6-3_jpg.rf.e125e2bcfb3d01cf615ef71524346594.jpg 8,77,391,308,0
vlcsnap-2022-03-14-18h30m00s905_jpg.rf.5aceae403e654af923c3be63b3a7a67e.jpg 0,3,215,416,5
ambulance-355-_jpg.rf.7618ef1a1240900042a9f9568312a9c7.jpg 134,105,383,357,4
00000293_jpg.rf.9e83074e306e27273fd24ba258210f6f.jpg 38,155,280,314,5
ambulance-425-_jpg.rf.320d4eb6cca6083db87f1131004b49f3.jpg 149,92,327,290,4
vlcsnap-2022-03-14-16h28m24s866_jpg.rf.c972ec8416b559683a11d0ae9253c55f.jpg 0,0,201,416,5
image-71-_jpeg_jpg.rf.e8cdb08d85f65d00ad52cbae0da5dfd0.jpg 26,15,387,401,0
3d2e362b-6676-4d47-8390-175f7841ec75_jpeg.rf.b845bf1352ba08da194302a7e7dac435.jpg 170,100,263,358,1
small_Bada_Dost_i2_5efb083d36-1-_webp_jpg.rf.23efd30407c85b493c7b7c657860f35f.jpg 25,45,392,401,2
ambulance-99-_jpg.rf.ab57d272653814ae8fcd395c8fc1514b.jpg 1,148,179,406,4 206,157,239,228,4 263,14,416,416,4
vlcsnap-2022-03-17-22h51m16s585_jpg.rf.1b4c1fd3f29758076dcddd4d3ed862a8.jpg 0,0,217,416,5
1affb672-e3d4-478e-8ee9-45868eb11302_jpeg.rf.0607b69a51286cffc94a07e178dfed3c.jpg 132,78,282,342,0
vlcsnap-2022-03-14-13h16m37s472_jpg.rf.39aae164d9068c04283ea5ded7b45e74.jpg 0,148,181,416,2
1ad059a5-626b-4b10-b040-9f878167a5af_jpeg.rf.60d48ab4b3d485c8231d5a8d2a3f1c56.jpg 143,1,331,336,0
vlcsnap-2022-03-14-10h42m00s929_jpg.rf.2cb58c96ec9ed04757d8d4791a43d7d7.jpg 0,52,211,416,5
8ba24906-acda-4983-91dd-85a12b26df11_jpeg.rf.59b40e0a83c083db1bdfacc4d2b59882.jpg 33,0,343,416,3
bak-2Btruk-2Bwarna-2Bkuning-2Bmerah-6_jpg.rf.4a39dfed4731d2f29a26e44eb519bb16.jpg 116,30,321,362,2
Screenshot-2024-05-30-125608_png.rf.d7824c280d8803c8884c6e075e1c596d.jpg 48,4,234,241,0 239,104,301,188,1
1682252179305_jpg.rf.223cdc24aefa009fabce1e6e09188efc.jpg 41,5,415,388,1
vlcsnap-2022-03-15-14h02m40s502_jpg.rf.c8aee8a65537c73ca0c369e9a093d246.jpg 0,0,213,416,5
bicycle-289-_jpg.rf.d29ac65937398f6d946705bd07e8236a.jpg 154,177,231,325,1
bicycle-290-_jpg.rf.55cc16c38be8e70d49d5e740e528f0a2.jpg 154,212,261,364,1
vlcsnap-2022-03-14-13h14m27s723_jpg.rf.63f88846653fe065088e59c5bbd7312b.jpg 0,81,201,416,2
1aea35c9-4c02-4289-9b36-00ec1018eedd_jpeg.rf.08e62dae154adf38a7f3ade2a5b8abca.jpg 72,1,242,316,0
1b1e134c-9906-4532-8eaf-dbabd342788b_jpeg.rf.ae7b64ea1f2532495319388d1b3638d8.jpg 58,42,207,324,0
vlcsnap-2022-03-14-13h12m07s389_jpg.rf.0ef4fddb15a3e75e4400cc4c68830538.jpg 0,147,184,416,2
1a9e479e-5dd3-4bb2-8c7a-48f21ddbb905_jpeg.rf.7dd5e7ec6a3f40f8bd37697a67f56fd1.jpg 39,0,303,298,3
vlcsnap-2022-03-14-15h14m13s474_jpg.rf.ae9e2cd4a31a5355799e55133349ea7f.jpg 0,222,181,416,0
vlcsnap-2022-03-20-13h57m44s258_jpg.rf.5aff003342f3863d3a2e2c10aaef8509.jpg 0,114,215,416,3
1b2350ec-5de6-4668-ab8f-8f21a3d7d033_jpeg.rf.f106b4e33eb0a0f7ddc7dda46485638a.jpg 97,43,256,324,0
vlcsnap-00166-Copy-2-_jpg.rf.fb0a288b560962b349ad0bcc28db2800.jpg 179,232,416,416,0 97,173,166,281,0 183,178,209,230,1 159,165,175,209,1 294,205,334,246,1
bicycle-287-_jpg.rf.7fe4fcf05281efb6d525b0ce06c58995.jpg 122,167,218,341,1
vlcsnap-2022-03-17-13h22m32s810_jpg.rf.9c4fc16f1af06e68cd6f9fe294976847.jpg 0,0,218,416,5
Screenshot-2024-04-30-112725_png.rf.e77fd3afc6b22b957027f3d7ec8072cb.jpg 2,1,416,416,3
00000356_jpg.rf.1a8542f4e14f3c7d0ebf1bfe8f0f123e.jpg 4,2,416,400,5
2d95edfb-ba4e-41b8-9927-d1a0d5529ba1_jpeg.rf.dac6ca9117dfe14292b720733d3ae0a1.jpg 141,144,231,374,1
6b88dbd9-16da-40fb-a46a-a0efbe106b2f_jpeg.rf.cddc6de62af2f0d4dca12d6eb11e5c48.jpg 209,159,295,374,1
bicycle-29-_jpg.rf.e93097ef0423759f3a0fd4b84dcaca06.jpg 40,173,140,387,1 206,220,279,399,1 156,163,206,302,1 301,168,352,289,1 27,179,72,287,1
1b18ef9f-0d0f-4e0c-8f20-8b013ddebc66_jpeg.rf.235a7e8beb5c3fb3a899f45c827fb155.jpg 111,32,267,322,0
1b1ba599-b151-47f5-bb3c-7def7f8c2e16_jpeg.rf.f2c61a145525a797890d5bf6e072121a.jpg 79,1,312,311,5
2005-jeep-Liberty_Renegade_37_pictur-Copy_jpg.rf.fad58a91da4738b2283a4febb95d7af5.jpg 7,119,409,387,0
1b1e3f6f-3807-48fa-b8f8-9e92e54df9cd_jpeg.rf.1f6ef0230cec97a4bfd9ea3b51c49b1b.jpg 104,0,292,310,5
ambulance-36-_jpeg.rf.d5519a3afc69618072961b775f417bdd.jpg 24,1,412,416,4
1b284ec1-817a-4eb9-9817-a21b7ff7ec7d_jpeg.rf.d2677940b1aeee0ff17fb650c678e857.jpg 43,26,219,378,0
vlcsnap-2022-03-16-11h24m14s098_jpg.rf.57533d67799558cd860a9c663bd86d41.jpg 0,96,207,416,3
ambulance-361-_jpg.rf.182145da25791f727875afaa3023d642.jpg 134,104,382,358,4
ambulance-55-_jpg.rf.93378a30a780d661daef75b88385177e.jpg 45,0,400,416,4 1,81,55,245,4
image01656_jpg.rf.bb848ab3a5090f384d481f068010b883.jpg 32,17,374,395,2
image-74-_jpeg_jpg.rf.51dd2341679b47d8978fdde61fbabb35.jpg 51,50,379,363,0
image-73-_jpeg_jpg.rf.f503abbe4b6707b77f6ebc60b6ccfc77.jpg 24,24,392,388,0
427945803_804593228378854_7678915366719252291_n_jpg.rf.18e860e3bfef52ea714ab6cf7430b335.jpg 35,113,384,349,0
vlcsnap-2022-03-14-13h21m57s674_jpg.rf.700cea65e8e847fdf74759372253c686.jpg 0,63,197,416,2
vlcsnap-2022-03-13-21h43m07s938_jpg.rf.e6d770fb6387ff67f7f8063df9bc0ecc.jpg 0,186,164,416,0 160,145,211,259,5
2006-Jeep-Liberty-Limited-1J8GK58K86-1_jpg.rf.16436102536ef17e3e927bb9566c6de5.jpg 30,99,406,326,0
2-wheeler-travel-on-streets_68_jpeg.rf.501ec9b4c2f5d50bd2f295a0130d447d.jpg 134,184,209,280,1 4,181,59,282,1 231,180,306,282,1 327,185,400,287,1
bus-168_jpg.rf.488fd0db8bd62a279f4347f9269c079d.jpg 75,48,396,338,3
00000087-2-_jpg.rf.461e0042c5041fb9a3a334db84bf2e2c.jpg 20,67,393,395,5
image-78-_jpeg_jpg.rf.ec15cde13a0430d0fd3abf4ff34f60fe.jpg 52,37,367,352,0
1ae8f6b1-eee9-44a2-9bf5-34884091e45a_jpeg.rf.9cb3f02c63406c6bb50012b1cde3c921.jpg 129,12,287,302,0
bus-88-_jpg.rf.782ef85b5835d3a205f14ce98065c2b0.jpg 40,91,360,330,3
1b2eea9f-d008-4f80-a6ce-3beae12d4ba0_jpeg.rf.cf0bc6ec8d8ed252b2a9e0f88cb942d9.jpg 88,0,314,330,5
BR33ULWUWWXH_jpg.rf.c4c4dfc494d044006ca32fff7696d393.jpg 71,6,325,411,1
2012-mitsubishi-fuso-fe160-16ft-dump-1_jpg.rf.9eb4c6bd24ab5999a57d1dc01ced4983.jpg 47,38,376,366,2
2-wheeler-travel-on-streets_74_jpeg.rf.b0008022bc6f5c03399710b17bc6d606.jpg 125,175,352,397,1
vlcsnap-00241-Copy-2-_jpg.rf.ded4c5bb8666f8c2d1a4d575c8629003.jpg 150,235,414,416,0 96,154,159,250,0
LPC-07_DTP-2_DTP-2_20240310170937_20240310181125_2_1G_mp4-0073_jpg.rf.8ae71564156cf048f4b64ff72d4c275b.jpg 189,128,415,416,0 126,97,214,255,3
20210523_06_12_50_000_BrAOj6W2TBUBuHDjEa4y4LdLrj42_T_3024_4032_jpg.rf.8ee4054bc55f87e6d2529e62ce4ea3d7.jpg 3,125,316,210,3
2012-mitsubishi-fuso-fe160-16ft-dump-2_jpg.rf.e554dcb89fb3bf616f3b354a137579d9.jpg 48,163,383,362,2
2012-mitsubishi-fuso-canter-fe160-du_jpg.rf.80bbc2871cdeb2262519b9d66b661a0e.jpg 37,47,339,310,2
vlcsnap-2022-03-15-14h05m15s725_jpg.rf.49cfe85ba5973fc1a30c46011ce1face.jpg 0,0,212,416,5
WhatsApp-Image-2023-12-13-at-16-10-43_9a0cb4ab_jpg.rf.f858650488e88d1a55a7e59ba4714e86.jpg 56,90,344,402,3
ambulance-77-_jpg.rf.15a4b02388565e952850bebfbeb47fa9.jpg 10,48,207,416,4
7d95cf4f-3b68-43e0-9949-2d7b2ba384f6_jpeg.rf.6933b6bfa2d5d8747c2507ffa94a208d.jpg 150,128,233,371,1
29_jpg.rf.a3918b657af74b15152f1bbed7e359ea.jpg 64,212,264,365,0
2010-mitsubishi-fuso-fe145-12ft-box-_jpg.rf.978e3358d83e7a022d8d02c6535b5dbe.jpg 30,104,367,382,2
C4RCWP7AGJZN_jpg.rf.efe3272fa0e2350b61255f8ec7b0b094.jpg 43,138,416,348,1 58,93,360,208,1 92,93,294,136,1
Screenshot-2024-05-30-125616_png.rf.2cbaca31030f7fe8e1f534235ddca0d2.jpg 39,3,367,396,0
bus-131-_jpg.rf.c6f9e68c2cf6bdfe23e7e66e028c3673.jpg 41,32,250,396,3 285,137,395,292,3
bus-130-_jpg.rf.1d6e7139293050497cfaf03eaecbb13e.jpg 34,110,239,386,3
bus-169_jpg.rf.0c27e08f3948b6dd9c1fdf505aa35d66.jpg 150,57,295,333,3 0,123,151,328,3
vlcsnap-00242-Copy-2-_jpg.rf.7369160026126366f4f8ff7af0b5aad0.jpg 127,181,393,386,0
image-76-_jpeg_jpg.rf.b50c66d30a5a3a5a069ea290577e66c3.jpg 53,41,381,358,0
bicycle-293-_jpg.rf.a04691cd28a93f3708242c613a8c812c.jpg 89,203,220,354,1
vlcsnap-2022-03-13-23h05m39s310_jpg.rf.5035a3ef61cbbf32999b614694e99958.jpg 0,231,166,416,0
images-18-_jpeg_jpg.rf.a19768ef8b031a66b71a581b6efccd3e.jpg 26,54,405,378,0
bicycle-291-_jpg.rf.57b200dad985ad9b2f1d4592df7b6900.jpg 182,179,273,331,1
2006-Jeep-Liberty-Renegade-1J4GL38K5-1_jpg.rf.d91c63ea9d6af486f5b44b5ca3b5b85c.jpg 14,37,370,384,0
images-195-_jpeg.rf.d5253de9480ccda18f94439640c82813.jpg 32,2,378,416,0
1b2d275a-7af3-4215-9a79-0e070d56f9b2_jpeg.rf.b04f1cf103ea9d8a345d1127cf0ae2db.jpg 119,1,296,310,0
GVK-EMRI-Advance-Life-Support-Ambulance-ALS-1_jpg.rf.9cd67f301c6f5c20dfac3a555b5b1179.jpg 47,38,374,374,4
00000088_jpg.rf.91e704d603213109e8abb4c9333c1fe2.jpg 9,0,347,375,5
701_jpg.rf.5453dc53c5c0aed236d59293b40c55ad.jpg 91,93,375,360,1
1b4efd47-8da2-4a88-8a02-d6894c1269b0_jpeg.rf.2db255a9729fb50b55737a6894eabeed.jpg 159,31,323,375,0
vlcsnap-2022-03-14-16h29m22s486_jpg.rf.a67140ef3488d3ab3473359ce54b057e.jpg 0,0,207,416,5
1b5ede91-ba2d-4e89-a1f5-dc8bc25c6439_jpeg.rf.9853b472d4fb78c26047ea88aea0724d.jpg 99,31,246,330,0
Screenshot-2024-03-21-110728_png.rf.1316a102fb30853aca4010b8c1354435.jpg 49,127,117,251,5 296,174,325,220,0 322,149,329,169,1
bus-131-_jpg.rf.d700557802ff71095ac4dd22ebc08669.jpg 41,32,250,396,3 285,137,395,292,3
1c1495c2-8af0-48d4-b4e4-3d0a68fc3cc0_jpeg.rf.cf31f37a8550a1ac654e551eba089a80.jpg 143,117,222,335,1
vlcsnap-2022-03-14-10h50m26s080_jpg.rf.8c97ac26cc81ec01e13f8e5047b06cd6.jpg 0,64,206,416,5
images-6-_jpg.rf.62099fdd7f3b851908ad5e8746eabb4a.jpg 40,54,365,338,3
2006-Jeep-Liberty-Limited-1J8GK58K86_jpg.rf.d5f3219955aee2645b93b55112528944.jpg 11,28,412,325,0
vlcsnap-2022-03-14-10h52m39s486_jpg.rf.7c2be98ab5c290ea6ec407d8e0c7944f.jpg 0,67,205,416,5
bicycle-299-_jpg.rf.caab46a3a847957c38773b47367c1cc0.jpg 106,185,366,407,1
vlcsnap-2022-03-14-16h31m38s156_jpg.rf.d5c2143e2b5c0a5c67b53d2b7890cbef.jpg 0,0,206,416,5
30_jpg.rf.d5bee5e7f433e8da21a6f5b6ed6a5a6a.jpg 33,133,395,395,0
1b62bbb3-4d07-4cc8-a268-76b285e42501_jpeg.rf.3197942855407f22a83dcee222bfbae4.jpg 166,44,315,311,0
bus-170_jpg.rf.b90d14eeb9dc6d916406e0d8d30178b3.jpg 0,44,393,333,3
1b3edae8-adcd-4eb1-af22-6bd01bee863c_jpeg.rf.862b2b3ca6849f7c3a34d9dcf50375ad.jpg 85,4,277,329,0
bus-132-_jpg.rf.1d05ac08828018f06ec990a12dde03d3.jpg 36,12,406,416,3
images-12-_jpeg_jpg.rf.e06196a92f71a8dc65c020510558845a.jpg 34,45,376,377,0
image-80-_jpeg_jpg.rf.4714c264e671f11e883ae38c5a66673d.jpg 15,20,379,363,0
Blurock-Quarries_jpg.rf.07421619014d7a4295143056ef14b366.jpg 93,62,352,304,5 4,25,69,94,5
CBCFJ3ONYUFB_jpg.rf.6d79c9e271f5d20804f9b3c7888350ef.jpg 129,114,392,389,1
vlcsnap-2022-03-15-14h20m17s039_jpg.rf.8d9a406d92d4f4581035763b035e939f.jpg 0,0,211,416,5
vlcsnap-2022-03-15-14h31m43s157_jpg.rf.e5269de9d43e37c96129f9a7034003a5.jpg 0,1,203,416,5
vlcsnap-2022-03-14-16h34m24s388_jpg.rf.bef361833fe6966bf8cd4f882618cf5e.jpg 0,0,208,416,5
images-193-_jpeg.rf.32f2b5e4ef928f2fce562f50b64c3434.jpg 84,132,395,305,0
1b8fef18-3b9e-4f42-9a3a-431703987ad3_jpeg.rf.644d936bff4859d30a53dffd52035613.jpg 63,56,221,331,0
ambulance-94-_jpg.rf.4292ca4ea1090d9c1c10aa48c399ac91.jpg 0,131,27,259,4 21,123,94,275,4 93,87,183,320,4 167,53,299,359,4 269,43,416,416,4
1b8aa407-a64a-4177-b7ef-bf6c5fee7dce_jpeg.rf.d16b18fa996b5dad5ea52cf44dcac0d1.jpg 238,0,416,352,0
-3163ca687f_jpg.rf.159490a69a63d7d9b3f8a27c06eac17a.jpg 26,3,392,404,2
1baa41b6-fdcf-437b-b730-f97d7f4ad37a_jpeg.rf.36e665fbeb3d55ef1f492689e8276917.jpg 116,0,305,325,0
IMG_20240130_211646_jpg.rf.dc61351a2b8997b1f0e9030c83041606.jpg 9,166,277,392,4
700_jpg.rf.c0282324f1a6b4356bccb8ec3246ba42.jpg 107,122,340,355,1
vlcsnap-2022-03-14-13h37m03s874_jpg.rf.95d928b06edab4ae146d1f7bb0fc9161.jpg 0,199,159,416,2
4b8e11a9-dcfe-4e84-95b5-320d9897519b_jpeg.rf.37c467985d5f57b66fda84131990b5ae.jpg 104,8,374,308,3
WhatsApp-Image-2023-12-13-at-16-10-43_b0eb4c29_jpg.rf.087a047fad514af5e34b32e283f50b97.jpg 24,12,379,405,3
1ba9270a-c93f-458a-abb7-e0dbe65fbb2b_jpeg.rf.ec540c5bf173db6b2e00aa706aa88b41.jpg 87,23,214,321,0
00000089_jpg.rf.b4bac3ef44899bf06e71deeb8082a20c.jpg 83,70,375,363,5
9c961071-60e4-40df-bbd6-dbfa81624020_jpeg.rf.f8c3c5c46db1b26bcff763315ff17eb6.jpg 57,1,298,329,3
ambulance-150-_jpg.rf.660e479713671d4b93d1d902106eec07.jpg 143,106,384,344,4
images-17-_jpeg_jpg.rf.25c1053c42102ff6fef7018eb451297f.jpg 12,8,395,229,0
2008-Jeep-Commander-14-of-37_jpg.rf.191e73f3ed6e497218bc1332a7462493.jpg 9,107,408,336,0
vlcsnap-00066-Copy-2-_jpg.rf.a4239857d21e427e304cf4d9e75873c3.jpg 161,173,416,416,0
bicycle-295-_jpg.rf.5d6d07b86f38f68c818ea9684f5d3453.jpg 16,34,410,365,1
vlcsnap-00065-Copy-2-_jpg.rf.dd5b515f5dd434bbee257cd04157d227.jpg 169,201,416,416,0
00000091_jpg.rf.b6f0043db89bbef3b2d33c10bd9d568c.jpg 50,49,295,334,5
image_jpeg.rf.e2c5a4dc5cded6802b86331f5f7b9fda.jpg 92,113,331,324,4
2008-Jeep-Commander-in-the-woods_jpg.rf.4b7b5c389490cd25fd95165eb3f43fc8.jpg 31,31,383,409,0
00000092_jpg.rf.f73b9e0ce4247bdd85f5e0fe1f943a94.jpg 83,40,339,364,5
20071119-130524-3_jpg.rf.c9654e88c6f55b77653312d5b91cba21.jpg 19,22,409,415,0
3a983aef-ae0e-45f3-a28b-305705891dce_jpeg.rf.3c591bc904d4a5b150b317f5b413efa8.jpg 205,130,291,344,1
images-76-_jpg.rf.ef7e601fd0fa9eed297fb0697e4ec0fc.jpg 103,95,315,325,2
ambulance-155-_jpg.rf.4d0cd8afc38fbae3f0c446e727528be0.jpg 31,191,182,349,4 177,223,312,404,4 271,288,365,416,4 0,185,25,296,4 10,142,112,241,4 122,151,240,250,4 261,161,358,271,4 358,136,413,244,4 336,124,370,179,4 0,78,38,144,4 38,74,101,133,4 108,69,173,128,4 180,72,246,128,4 255,76,313,137,4 315,85,348,143,4 333,72,399,127,4 399,78,416,141,4
1b96f54b-f3c9-4dc2-9bdd-b9d110e2283f_jpeg.rf.56cb26999c3456a616009516b6380cee.jpg 120,69,275,350,0
Screenshot-2024-05-30-125620_png.rf.cac56190a8c6abbc52703b2e907bbc82.jpg 31,1,204,258,2
Screenshot-2024-05-30-125625_png.rf.763b4c2ac2012adaa2d79ffdb12736f9.jpg 41,0,295,313,2
00000093_jpg.rf.7c3a41991a56ed2c6d97ac60540829ce.jpg 44,102,279,374,5
vlcsnap-2022-03-14-10h52m05s468_jpg.rf.90bf6808c919e1dbc5c03be4e0631fd7.jpg 0,0,211,416,5
1b8d08df-a4d4-4294-b449-3d238d6453be_jpeg.rf.085919313ffda721b61800b68299ab6c.jpg 87,1,260,365,0
C76SJRSNLAP1_jpg.rf.b14ff7c2486e268e0a9d045f101c7141.jpg 34,8,399,416,1
1b6d5ca6-3c6d-451c-afc7-3282158c8b6d_jpeg.rf.67da729b50321bc7113eddcfeb919d36.jpg 133,1,325,340,0
vlcsnap-2022-03-14-13h45m58s756_jpg.rf.500d6f6b9b2e303077021f87dddda2c5.jpg 0,93,199,416,2
bicycle-301-_jpg.rf.f21d91943fe1fe9f20ffa7443cbb6ef5.jpg 0,151,302,415,1
images-77-_jpg.rf.3baaf21a53b548302330de20d96909e9.jpg 18,33,396,377,2
2005-mitsubishi-fuso-fm260-18ft-dies-1_jpg.rf.829cf10093a20c5a42fb3194ff502046.jpg 13,15,386,397,2
bicycle-300-_jpg.rf.c2b36a85ec35ea05058e260b599e0f03.jpg 50,149,299,406,1
IMG-20240212-WA0275_jpg.rf.5d725e3a77c7992abf51d1104ff135c3.jpg 92,84,347,382,0
1bbcad6f-ae11-4b95-8f57-13f20581f29e_jpeg.rf.06a0104028eb5c4ea982aa1b87ba10a5.jpg 108,25,298,360,0
ambulance-149-_jpg.rf.d1e30a514f6ae53c85c49ca65a8aa8e4.jpg 188,132,338,306,4
2006-jeep-tj-wrangler_jpg.rf.09b755e42b52a7ad867479822f8d4c6e.jpg 0,50,416,376,0
vlcsnap-2022-03-13-23h14m33s427_jpg.rf.d84280fb62410a66627d4c73729816ea.jpg 0,242,157,416,0 181,138,207,226,5
2008-Jeep-EV_Concept_pictures_2_jpg.rf.6a661945c0905304ed251e18f7cab76c.jpg 14,106,406,400,0
2000-mitsubishi-fuso-fe639-diesel-bo_jpg.rf.0c0b61b5fe1ec32a2a48b8de4bd91222.jpg 43,0,377,392,2
vlcsnap-00243-Copy-2-_jpg.rf.6cbb1199a290c9c19631ee0b80fc9701.jpg 162,224,416,416,0 103,142,166,247,0
1BCE466D-FE13-4738-8CE1-752980A1622F_jpg.rf.4e3b0afd756511054d222cc6a2f179c6.jpg 17,135,238,328,2
31_jpg.rf.57795ac6976887bfe2cc89f2f338bf0b.jpg 24,129,390,377,0
2005-mitsubishi-fuso-fm260-18ft-dies_jpg.rf.4fef995a4a002da911fc1b7872434197.jpg 11,15,395,407,2
1bcb0906-fd28-4d4f-a727-bd15abdf8a3d_jpeg.rf.f62e0ac32efb7e29ab094d1c5a45711d.jpg 111,0,282,345,0
1bbbef60-fa31-4674-833c-619d9ee3a58c_jpeg.rf.300eb6b36d288376f0224786f1191d4a.jpg 101,10,280,328,0
bicycle-30-_jpg.rf.9137f110a4e4ffbcc4a8c74491e566a8.jpg 105,214,252,415,1 208,212,385,411,1
m2_jpeg.rf.f51d7e8fedfc1e630306a9bbf8168023.jpg 13,68,343,388,2
2001-mitsubishi-fuso-fe649-diesel-11_jpg.rf.609c98306a0eba3c0101cd4dba42020e.jpg 10,11,405,395,2
vlcsnap-2022-03-13-23h13m40s161_jpg.rf.eec4c35d6f10329aa164d1be7fd07971.jpg 0,225,165,415,0 168,167,206,248,3
vlcsnap-2022-03-16-11h33m34s722_jpg.rf.99ade68ae0eb58d62a5d76802fca1c65.jpg 0,128,198,416,3
6e784923-0b0a-4610-ae83-b229a675e810_jpeg.rf.8c8a9a6907cbe01e4a3b8292825100a1.jpg 72,0,309,298,3
vlcsnap-00240-Copy-2-_jpg.rf.a12c195e5b7a26d151324cc1380c47f3.jpg 168,163,416,416,0 97,161,132,229,0
vlcsnap-00237-Copy-2-_jpg.rf.5cee918631819990521871031f92e535.jpg 143,208,416,416,0 95,167,153,249,0
ambulance-165-_jpg.rf.7e09a0f8cea0dd58b734a8935ff29dc2.jpg 50,23,396,399,4
bicycle-303-_jpg.rf.c40733d867b943eb040e58bef65448f3.jpg 113,209,208,364,1
00000094_jpg.rf.852d64929fdc4e10f8a0c094999632c7.jpg 221,120,416,392,5
1_1_jpg.rf.198a42c5a83929c38aa550e6172f5e4e.jpg 108,170,268,373,2
2007-Mitsubishi-Fuso-Fighter-FK600_5_jpg.rf.a4c626c5ada2ce8385a4a1582d436998.jpg 55,89,364,355,2
1bddc4d0-8203-4d75-9a2d-7aa5ec22ee5c_jpeg.rf.0d9c836069d68cc63a54c2acdd4fa801.jpg 147,38,300,326,0
vlcsnap-2022-03-16-11h32m33s530_jpg.rf.5de0c88ab082aafee1db5dea0a7cb16c.jpg 0,100,200,416,3
vlcsnap-00238-Copy-2-_jpg.rf.d15a0a97c82985bbaaac86f2c5c0da62.jpg 151,231,416,416,0 106,169,173,266,0
1bbe1bea-2aed-47a8-96e5-811998018133_jpeg.rf.b58d36d6608c7e1113fb01dcb625c246.jpg 113,0,281,333,2
vlcsnap-00236-Copy-2-_jpg.rf.e33246296d89b0ec39bcb45aaa461bae.jpg 149,218,416,416,0 99,147,149,246,0
image10_jpeg.rf.357b41c2f632727cecdf089a146e38e8.jpg 89,19,400,386,4
160757424-240x180_jpeg.rf.1ddc97b4a427b30e970cdc5082146883.jpg 0,18,411,368,0
vlcsnap-00239-Copy-2-_jpg.rf.6a2efa45d17cee8f389466ee7649b1c8.jpg 151,223,416,416,0
2008-mitsubishi-fuso-wrecker-tow-tru-1_jpg.rf.e196a2d50aa86c9027fdfc7f820eff82.jpg 3,57,395,372,2 227,67,372,185,2
vlcsnap-2022-03-13-20h22m31s531_jpg.rf.ea557223ff08be4af1d2029de32ac985.jpg 0,220,159,416,0 156,194,206,260,0
2008-JEEP-EV-Concept_download-gambar_jpg.rf.48d6c0597820f3556df04a14e1d773fa.jpg 0,132,415,374,0
2005-mitsubishi-fuso-fm260-24ft-box-4_jpg.rf.31827452f2140f83b0334e5169a863bb.jpg 44,37,352,336,2
ambulance-43-_jpg.rf.295158e7bbf39d73a899b436d3c49234.jpg 0,24,215,409,4 162,83,288,314,4 249,124,330,285,4 289,129,360,268,4 331,142,384,238,4
bicycle-302-_jpg.rf.210db58cbe32c5fa1df3263933b79d56.jpg 202,79,402,362,1